<?xml version="1.0" encoding="UTF-8"?>
<gpx creator="StravaGPX" xmlns:xsi="http://www.w3.org/2001/XMLSchema-instance" xsi:schemaLocation="http://www.topografix.com/GPX/1/1 http://www.topografix.com/GPX/1/1/gpx.xsd" version="1.1" xmlns="http://www.topografix.com/GPX/1/1">
 <trk>
  <name>Hiawatha’s Revenge 100k</name>
  <type>1</type>
  <trkseg>
   <trkpt lat="46.3635000" lon="-86.7127510">
    <ele>264.3</ele>
   </trkpt>
   <trkpt lat="46.3635000" lon="-86.7127510">
    <ele>264.3</ele>
   </trkpt>
   <trkpt lat="46.3635000" lon="-86.7127510">
    <ele>264.3</ele>
   </trkpt>
   <trkpt lat="46.3635050" lon="-86.7130410">
    <ele>264.4</ele>
   </trkpt>
   <trkpt lat="46.3635080" lon="-86.7130800">
    <ele>264.5</ele>
   </trkpt>
   <trkpt lat="46.3635090" lon="-86.7131190">
    <ele>264.5</ele>
   </trkpt>
   <trkpt lat="46.3634990" lon="-86.7132520">
    <ele>264.5</ele>
   </trkpt>
   <trkpt lat="46.3635560" lon="-86.7136720">
    <ele>264.6</ele>
   </trkpt>
   <trkpt lat="46.3635700" lon="-86.7137980">
    <ele>264.6</ele>
   </trkpt>
   <trkpt lat="46.3635700" lon="-86.7138610">
    <ele>264.6</ele>
   </trkpt>
   <trkpt lat="46.3635670" lon="-86.7139790">
    <ele>264.6</ele>
   </trkpt>
   <trkpt lat="46.3635610" lon="-86.7140450">
    <ele>264.6</ele>
   </trkpt>
   <trkpt lat="46.3635380" lon="-86.7141690">
    <ele>264.6</ele>
   </trkpt>
   <trkpt lat="46.3635070" lon="-86.7143330">
    <ele>264.6</ele>
   </trkpt>
   <trkpt lat="46.3634900" lon="-86.7143810">
    <ele>264.5</ele>
   </trkpt>
   <trkpt lat="46.3632810" lon="-86.7146750">
    <ele>264.7</ele>
   </trkpt>
   <trkpt lat="46.3630650" lon="-86.7148320">
    <ele>264.8</ele>
   </trkpt>
   <trkpt lat="46.3629920" lon="-86.7148950">
    <ele>264.7</ele>
   </trkpt>
   <trkpt lat="46.3629130" lon="-86.7149550">
    <ele>264.6</ele>
   </trkpt>
   <trkpt lat="46.3628340" lon="-86.7150240">
    <ele>264.6</ele>
   </trkpt>
   <trkpt lat="46.3626080" lon="-86.7153010">
    <ele>264.6</ele>
   </trkpt>
   <trkpt lat="46.3624470" lon="-86.7155710">
    <ele>265.1</ele>
   </trkpt>
   <trkpt lat="46.3623460" lon="-86.7157700">
    <ele>264.7</ele>
   </trkpt>
   <trkpt lat="46.3623020" lon="-86.7158610">
    <ele>264.7</ele>
   </trkpt>
   <trkpt lat="46.3622560" lon="-86.7159460">
    <ele>264.7</ele>
   </trkpt>
   <trkpt lat="46.3622290" lon="-86.7159960">
    <ele>264.8</ele>
   </trkpt>
   <trkpt lat="46.3622050" lon="-86.7160410">
    <ele>264.8</ele>
   </trkpt>
   <trkpt lat="46.3621570" lon="-86.7161340">
    <ele>264.9</ele>
   </trkpt>
   <trkpt lat="46.3621310" lon="-86.7161880">
    <ele>264.9</ele>
   </trkpt>
   <trkpt lat="46.3620510" lon="-86.7163310">
    <ele>264.8</ele>
   </trkpt>
   <trkpt lat="46.3618210" lon="-86.7168330">
    <ele>264.9</ele>
   </trkpt>
   <trkpt lat="46.3616850" lon="-86.7171640">
    <ele>264.7</ele>
   </trkpt>
   <trkpt lat="46.3616160" lon="-86.7173410">
    <ele>264.4</ele>
   </trkpt>
   <trkpt lat="46.3615670" lon="-86.7174590">
    <ele>264.4</ele>
   </trkpt>
   <trkpt lat="46.3615430" lon="-86.7175140">
    <ele>264.4</ele>
   </trkpt>
   <trkpt lat="46.3615180" lon="-86.7175670">
    <ele>264.5</ele>
   </trkpt>
   <trkpt lat="46.3614910" lon="-86.7176250">
    <ele>264.5</ele>
   </trkpt>
   <trkpt lat="46.3614620" lon="-86.7176870">
    <ele>265.1</ele>
   </trkpt>
   <trkpt lat="46.3614380" lon="-86.7177370">
    <ele>265.6</ele>
   </trkpt>
   <trkpt lat="46.3613260" lon="-86.7179700">
    <ele>267.5</ele>
   </trkpt>
   <trkpt lat="46.3611590" lon="-86.7183220">
    <ele>268.2</ele>
   </trkpt>
   <trkpt lat="46.3608540" lon="-86.7190190">
    <ele>269.0</ele>
   </trkpt>
   <trkpt lat="46.3605620" lon="-86.7197050">
    <ele>271.1</ele>
   </trkpt>
   <trkpt lat="46.3602700" lon="-86.7203770">
    <ele>272.5</ele>
   </trkpt>
   <trkpt lat="46.3599370" lon="-86.7210270">
    <ele>273.2</ele>
   </trkpt>
   <trkpt lat="46.3596340" lon="-86.7216970">
    <ele>275.0</ele>
   </trkpt>
   <trkpt lat="46.3594130" lon="-86.7224110">
    <ele>277.1</ele>
   </trkpt>
   <trkpt lat="46.3593270" lon="-86.7226300">
    <ele>277.1</ele>
   </trkpt>
   <trkpt lat="46.3591090" lon="-86.7231290">
    <ele>276.8</ele>
   </trkpt>
   <trkpt lat="46.3590150" lon="-86.7233190">
    <ele>276.7</ele>
   </trkpt>
   <trkpt lat="46.3589770" lon="-86.7233880">
    <ele>276.7</ele>
   </trkpt>
   <trkpt lat="46.3589050" lon="-86.7235230">
    <ele>276.8</ele>
   </trkpt>
   <trkpt lat="46.3588810" lon="-86.7235820">
    <ele>276.7</ele>
   </trkpt>
   <trkpt lat="46.3588530" lon="-86.7236490">
    <ele>276.6</ele>
   </trkpt>
   <trkpt lat="46.3588260" lon="-86.7237160">
    <ele>276.6</ele>
   </trkpt>
   <trkpt lat="46.3587910" lon="-86.7237900">
    <ele>276.6</ele>
   </trkpt>
   <trkpt lat="46.3586870" lon="-86.7240600">
    <ele>277.4</ele>
   </trkpt>
   <trkpt lat="46.3586010" lon="-86.7242510">
    <ele>278.1</ele>
   </trkpt>
   <trkpt lat="46.3585150" lon="-86.7244460">
    <ele>278.6</ele>
   </trkpt>
   <trkpt lat="46.3584910" lon="-86.7245110">
    <ele>278.9</ele>
   </trkpt>
   <trkpt lat="46.3584780" lon="-86.7245730">
    <ele>279.1</ele>
   </trkpt>
   <trkpt lat="46.3584440" lon="-86.7246900">
    <ele>279.6</ele>
   </trkpt>
   <trkpt lat="46.3584120" lon="-86.7248580">
    <ele>280.4</ele>
   </trkpt>
   <trkpt lat="46.3583920" lon="-86.7249170">
    <ele>280.5</ele>
   </trkpt>
   <trkpt lat="46.3583430" lon="-86.7250940">
    <ele>280.7</ele>
   </trkpt>
   <trkpt lat="46.3583220" lon="-86.7251600">
    <ele>280.9</ele>
   </trkpt>
   <trkpt lat="46.3582800" lon="-86.7253730">
    <ele>279.8</ele>
   </trkpt>
   <trkpt lat="46.3582430" lon="-86.7255880">
    <ele>278.5</ele>
   </trkpt>
   <trkpt lat="46.3580560" lon="-86.7263950">
    <ele>274.9</ele>
   </trkpt>
   <trkpt lat="46.3578160" lon="-86.7271510">
    <ele>274.2</ele>
   </trkpt>
   <trkpt lat="46.3575640" lon="-86.7279200">
    <ele>276.1</ele>
   </trkpt>
   <trkpt lat="46.3572710" lon="-86.7286300">
    <ele>278.6</ele>
   </trkpt>
   <trkpt lat="46.3571990" lon="-86.7289250">
    <ele>279.6</ele>
   </trkpt>
   <trkpt lat="46.3571780" lon="-86.7290840">
    <ele>280.3</ele>
   </trkpt>
   <trkpt lat="46.3571510" lon="-86.7293360">
    <ele>280.5</ele>
   </trkpt>
   <trkpt lat="46.3570600" lon="-86.7301200">
    <ele>280.2</ele>
   </trkpt>
   <trkpt lat="46.3570200" lon="-86.7303840">
    <ele>280.4</ele>
   </trkpt>
   <trkpt lat="46.3568620" lon="-86.7311860">
    <ele>279.3</ele>
   </trkpt>
   <trkpt lat="46.3568190" lon="-86.7313550">
    <ele>278.4</ele>
   </trkpt>
   <trkpt lat="46.3567920" lon="-86.7314480">
    <ele>278.1</ele>
   </trkpt>
   <trkpt lat="46.3567100" lon="-86.7317160">
    <ele>276.7</ele>
   </trkpt>
   <trkpt lat="46.3566820" lon="-86.7318040">
    <ele>276.5</ele>
   </trkpt>
   <trkpt lat="46.3565900" lon="-86.7320870">
    <ele>276.0</ele>
   </trkpt>
   <trkpt lat="46.3563870" lon="-86.7325710">
    <ele>275.9</ele>
   </trkpt>
   <trkpt lat="46.3561860" lon="-86.7330350">
    <ele>275.9</ele>
   </trkpt>
   <trkpt lat="46.3559710" lon="-86.7335230">
    <ele>275.9</ele>
   </trkpt>
   <trkpt lat="46.3557890" lon="-86.7338980">
    <ele>275.9</ele>
   </trkpt>
   <trkpt lat="46.3555290" lon="-86.7344660">
    <ele>275.9</ele>
   </trkpt>
   <trkpt lat="46.3551370" lon="-86.7349970">
    <ele>277.8</ele>
   </trkpt>
   <trkpt lat="46.3547040" lon="-86.7351360">
    <ele>279.9</ele>
   </trkpt>
   <trkpt lat="46.3546360" lon="-86.7351480">
    <ele>280.4</ele>
   </trkpt>
   <trkpt lat="46.3540710" lon="-86.7351860">
    <ele>283.6</ele>
   </trkpt>
   <trkpt lat="46.3538780" lon="-86.7351970">
    <ele>283.8</ele>
   </trkpt>
   <trkpt lat="46.3536770" lon="-86.7352230">
    <ele>284.3</ele>
   </trkpt>
   <trkpt lat="46.3531060" lon="-86.7353010">
    <ele>282.7</ele>
   </trkpt>
   <trkpt lat="46.3528810" lon="-86.7353670">
    <ele>280.9</ele>
   </trkpt>
   <trkpt lat="46.3527780" lon="-86.7354180">
    <ele>280.3</ele>
   </trkpt>
   <trkpt lat="46.3526650" lon="-86.7355030">
    <ele>279.9</ele>
   </trkpt>
   <trkpt lat="46.3524950" lon="-86.7356860">
    <ele>278.4</ele>
   </trkpt>
   <trkpt lat="46.3524230" lon="-86.7358110">
    <ele>277.6</ele>
   </trkpt>
   <trkpt lat="46.3521090" lon="-86.7365020">
    <ele>276.0</ele>
   </trkpt>
   <trkpt lat="46.3518590" lon="-86.7371970">
    <ele>276.7</ele>
   </trkpt>
   <trkpt lat="46.3516120" lon="-86.7376980">
    <ele>277.4</ele>
   </trkpt>
   <trkpt lat="46.3515780" lon="-86.7377450">
    <ele>277.4</ele>
   </trkpt>
   <trkpt lat="46.3513240" lon="-86.7380250">
    <ele>278.0</ele>
   </trkpt>
   <trkpt lat="46.3511270" lon="-86.7381430">
    <ele>280.1</ele>
   </trkpt>
   <trkpt lat="46.3510760" lon="-86.7381740">
    <ele>280.5</ele>
   </trkpt>
   <trkpt lat="46.3505820" lon="-86.7385370">
    <ele>279.3</ele>
   </trkpt>
   <trkpt lat="46.3501120" lon="-86.7388520">
    <ele>277.3</ele>
   </trkpt>
   <trkpt lat="46.3498360" lon="-86.7390690">
    <ele>276.8</ele>
   </trkpt>
   <trkpt lat="46.3493500" lon="-86.7395200">
    <ele>278.8</ele>
   </trkpt>
   <trkpt lat="46.3488600" lon="-86.7398760">
    <ele>281.0</ele>
   </trkpt>
   <trkpt lat="46.3483670" lon="-86.7403080">
    <ele>281.6</ele>
   </trkpt>
   <trkpt lat="46.3483260" lon="-86.7403540">
    <ele>281.6</ele>
   </trkpt>
   <trkpt lat="46.3479810" lon="-86.7407270">
    <ele>281.8</ele>
   </trkpt>
   <trkpt lat="46.3476820" lon="-86.7410420">
    <ele>281.8</ele>
   </trkpt>
   <trkpt lat="46.3472120" lon="-86.7412320">
    <ele>282.6</ele>
   </trkpt>
   <trkpt lat="46.3466460" lon="-86.7412120">
    <ele>286.5</ele>
   </trkpt>
   <trkpt lat="46.3463300" lon="-86.7411920">
    <ele>284.7</ele>
   </trkpt>
   <trkpt lat="46.3457630" lon="-86.7410980">
    <ele>282.1</ele>
   </trkpt>
   <trkpt lat="46.3457100" lon="-86.7410670">
    <ele>282.0</ele>
   </trkpt>
   <trkpt lat="46.3455320" lon="-86.7408860">
    <ele>282.0</ele>
   </trkpt>
   <trkpt lat="46.3452010" lon="-86.7402380">
    <ele>282.0</ele>
   </trkpt>
   <trkpt lat="46.3450090" lon="-86.7399330">
    <ele>282.0</ele>
   </trkpt>
   <trkpt lat="46.3449180" lon="-86.7397730">
    <ele>282.0</ele>
   </trkpt>
   <trkpt lat="46.3444380" lon="-86.7394370">
    <ele>282.0</ele>
   </trkpt>
   <trkpt lat="46.3438810" lon="-86.7396160">
    <ele>281.9</ele>
   </trkpt>
   <trkpt lat="46.3437100" lon="-86.7397020">
    <ele>281.9</ele>
   </trkpt>
   <trkpt lat="46.3432900" lon="-86.7399410">
    <ele>282.0</ele>
   </trkpt>
   <trkpt lat="46.3427750" lon="-86.7402100">
    <ele>282.0</ele>
   </trkpt>
   <trkpt lat="46.3427250" lon="-86.7402330">
    <ele>282.1</ele>
   </trkpt>
   <trkpt lat="46.3426790" lon="-86.7402530">
    <ele>282.1</ele>
   </trkpt>
   <trkpt lat="46.3425770" lon="-86.7403150">
    <ele>282.1</ele>
   </trkpt>
   <trkpt lat="46.3425220" lon="-86.7403380">
    <ele>282.2</ele>
   </trkpt>
   <trkpt lat="46.3423870" lon="-86.7404430">
    <ele>283.0</ele>
   </trkpt>
   <trkpt lat="46.3422870" lon="-86.7405290">
    <ele>283.6</ele>
   </trkpt>
   <trkpt lat="46.3422200" lon="-86.7405670">
    <ele>284.0</ele>
   </trkpt>
   <trkpt lat="46.3421410" lon="-86.7405980">
    <ele>284.4</ele>
   </trkpt>
   <trkpt lat="46.3420380" lon="-86.7406340">
    <ele>285.1</ele>
   </trkpt>
   <trkpt lat="46.3418730" lon="-86.7407300">
    <ele>286.6</ele>
   </trkpt>
   <trkpt lat="46.3416250" lon="-86.7407700">
    <ele>288.5</ele>
   </trkpt>
   <trkpt lat="46.3415030" lon="-86.7408060">
    <ele>289.6</ele>
   </trkpt>
   <trkpt lat="46.3413560" lon="-86.7409210">
    <ele>289.9</ele>
   </trkpt>
   <trkpt lat="46.3412810" lon="-86.7409700">
    <ele>289.9</ele>
   </trkpt>
   <trkpt lat="46.3412580" lon="-86.7409850">
    <ele>289.8</ele>
   </trkpt>
   <trkpt lat="46.3412230" lon="-86.7409970">
    <ele>289.8</ele>
   </trkpt>
   <trkpt lat="46.3411920" lon="-86.7410140">
    <ele>289.8</ele>
   </trkpt>
   <trkpt lat="46.3411530" lon="-86.7410310">
    <ele>289.8</ele>
   </trkpt>
   <trkpt lat="46.3410840" lon="-86.7410620">
    <ele>289.9</ele>
   </trkpt>
   <trkpt lat="46.3410360" lon="-86.7411060">
    <ele>290.0</ele>
   </trkpt>
   <trkpt lat="46.3410160" lon="-86.7411190">
    <ele>290.0</ele>
   </trkpt>
   <trkpt lat="46.3409580" lon="-86.7411350">
    <ele>290.1</ele>
   </trkpt>
   <trkpt lat="46.3408150" lon="-86.7409470">
    <ele>290.9</ele>
   </trkpt>
   <trkpt lat="46.3408450" lon="-86.7406250">
    <ele>291.7</ele>
   </trkpt>
   <trkpt lat="46.3408550" lon="-86.7405770">
    <ele>291.7</ele>
   </trkpt>
   <trkpt lat="46.3408850" lon="-86.7402470">
    <ele>292.6</ele>
   </trkpt>
   <trkpt lat="46.3408920" lon="-86.7401610">
    <ele>293.1</ele>
   </trkpt>
   <trkpt lat="46.3409190" lon="-86.7398210">
    <ele>294.8</ele>
   </trkpt>
   <trkpt lat="46.3409270" lon="-86.7397750">
    <ele>294.8</ele>
   </trkpt>
   <trkpt lat="46.3409350" lon="-86.7397310">
    <ele>294.9</ele>
   </trkpt>
   <trkpt lat="46.3409440" lon="-86.7396870">
    <ele>295.0</ele>
   </trkpt>
   <trkpt lat="46.3409590" lon="-86.7395240">
    <ele>295.6</ele>
   </trkpt>
   <trkpt lat="46.3409650" lon="-86.7394960">
    <ele>295.8</ele>
   </trkpt>
   <trkpt lat="46.3409570" lon="-86.7394470">
    <ele>296.0</ele>
   </trkpt>
   <trkpt lat="46.3408970" lon="-86.7392300">
    <ele>296.6</ele>
   </trkpt>
   <trkpt lat="46.3408980" lon="-86.7389740">
    <ele>297.1</ele>
   </trkpt>
   <trkpt lat="46.3408940" lon="-86.7388680">
    <ele>297.1</ele>
   </trkpt>
   <trkpt lat="46.3408870" lon="-86.7388100">
    <ele>297.2</ele>
   </trkpt>
   <trkpt lat="46.3408620" lon="-86.7386400">
    <ele>297.5</ele>
   </trkpt>
   <trkpt lat="46.3408650" lon="-86.7385380">
    <ele>297.5</ele>
   </trkpt>
   <trkpt lat="46.3408370" lon="-86.7382690">
    <ele>299.3</ele>
   </trkpt>
   <trkpt lat="46.3408120" lon="-86.7374750">
    <ele>302.4</ele>
   </trkpt>
   <trkpt lat="46.3408060" lon="-86.7371180">
    <ele>303.3</ele>
   </trkpt>
   <trkpt lat="46.3407960" lon="-86.7369090">
    <ele>303.5</ele>
   </trkpt>
   <trkpt lat="46.3407910" lon="-86.7367970">
    <ele>303.6</ele>
   </trkpt>
   <trkpt lat="46.3407910" lon="-86.7365660">
    <ele>303.8</ele>
   </trkpt>
   <trkpt lat="46.3407930" lon="-86.7361940">
    <ele>304.7</ele>
   </trkpt>
   <trkpt lat="46.3408170" lon="-86.7355590">
    <ele>306.0</ele>
   </trkpt>
   <trkpt lat="46.3408610" lon="-86.7351010">
    <ele>306.2</ele>
   </trkpt>
   <trkpt lat="46.3408670" lon="-86.7347060">
    <ele>306.4</ele>
   </trkpt>
   <trkpt lat="46.3408630" lon="-86.7346390">
    <ele>306.5</ele>
   </trkpt>
   <trkpt lat="46.3408580" lon="-86.7345090">
    <ele>306.6</ele>
   </trkpt>
   <trkpt lat="46.3408080" lon="-86.7336630">
    <ele>306.8</ele>
   </trkpt>
   <trkpt lat="46.3408020" lon="-86.7334600">
    <ele>306.8</ele>
   </trkpt>
   <trkpt lat="46.3408040" lon="-86.7332610">
    <ele>306.9</ele>
   </trkpt>
   <trkpt lat="46.3407750" lon="-86.7325850">
    <ele>307.1</ele>
   </trkpt>
   <trkpt lat="46.3407610" lon="-86.7325290">
    <ele>307.1</ele>
   </trkpt>
   <trkpt lat="46.3405950" lon="-86.7323470">
    <ele>306.9</ele>
   </trkpt>
   <trkpt lat="46.3405000" lon="-86.7323620">
    <ele>306.7</ele>
   </trkpt>
   <trkpt lat="46.3401950" lon="-86.7325700">
    <ele>306.5</ele>
   </trkpt>
   <trkpt lat="46.3400960" lon="-86.7326430">
    <ele>306.4</ele>
   </trkpt>
   <trkpt lat="46.3399940" lon="-86.7326530">
    <ele>306.3</ele>
   </trkpt>
   <trkpt lat="46.3399250" lon="-86.7325530">
    <ele>306.2</ele>
   </trkpt>
   <trkpt lat="46.3399120" lon="-86.7324010">
    <ele>306.2</ele>
   </trkpt>
   <trkpt lat="46.3399270" lon="-86.7321700">
    <ele>306.3</ele>
   </trkpt>
   <trkpt lat="46.3399320" lon="-86.7313460">
    <ele>306.4</ele>
   </trkpt>
   <trkpt lat="46.3399400" lon="-86.7310020">
    <ele>306.4</ele>
   </trkpt>
   <trkpt lat="46.3399570" lon="-86.7306120">
    <ele>306.6</ele>
   </trkpt>
   <trkpt lat="46.3399980" lon="-86.7299890">
    <ele>306.8</ele>
   </trkpt>
   <trkpt lat="46.3400160" lon="-86.7296180">
    <ele>306.8</ele>
   </trkpt>
   <trkpt lat="46.3400220" lon="-86.7294720">
    <ele>306.8</ele>
   </trkpt>
   <trkpt lat="46.3400220" lon="-86.7294720">
    <ele>306.8</ele>
   </trkpt>
   <trkpt lat="46.3400500" lon="-86.7292540">
    <ele>306.8</ele>
   </trkpt>
   <trkpt lat="46.3400640" lon="-86.7290470">
    <ele>306.7</ele>
   </trkpt>
   <trkpt lat="46.3400640" lon="-86.7285080">
    <ele>306.5</ele>
   </trkpt>
   <trkpt lat="46.3400730" lon="-86.7283430">
    <ele>306.5</ele>
   </trkpt>
   <trkpt lat="46.3400790" lon="-86.7282670">
    <ele>306.5</ele>
   </trkpt>
   <trkpt lat="46.3401090" lon="-86.7274500">
    <ele>306.6</ele>
   </trkpt>
   <trkpt lat="46.3400570" lon="-86.7266070">
    <ele>306.5</ele>
   </trkpt>
   <trkpt lat="46.3400410" lon="-86.7263970">
    <ele>306.5</ele>
   </trkpt>
   <trkpt lat="46.3400300" lon="-86.7255610">
    <ele>306.3</ele>
   </trkpt>
   <trkpt lat="46.3400310" lon="-86.7247600">
    <ele>306.2</ele>
   </trkpt>
   <trkpt lat="46.3400510" lon="-86.7242360">
    <ele>306.0</ele>
   </trkpt>
   <trkpt lat="46.3400850" lon="-86.7235070">
    <ele>305.7</ele>
   </trkpt>
   <trkpt lat="46.3400910" lon="-86.7226600">
    <ele>305.4</ele>
   </trkpt>
   <trkpt lat="46.3401350" lon="-86.7218130">
    <ele>305.1</ele>
   </trkpt>
   <trkpt lat="46.3401320" lon="-86.7209470">
    <ele>304.6</ele>
   </trkpt>
   <trkpt lat="46.3400710" lon="-86.7200900">
    <ele>304.1</ele>
   </trkpt>
   <trkpt lat="46.3400950" lon="-86.7193400">
    <ele>303.7</ele>
   </trkpt>
   <trkpt lat="46.3400960" lon="-86.7191470">
    <ele>303.6</ele>
   </trkpt>
   <trkpt lat="46.3400940" lon="-86.7182780">
    <ele>303.0</ele>
   </trkpt>
   <trkpt lat="46.3401100" lon="-86.7174030">
    <ele>302.4</ele>
   </trkpt>
   <trkpt lat="46.3401050" lon="-86.7165890">
    <ele>302.2</ele>
   </trkpt>
   <trkpt lat="46.3401140" lon="-86.7161830">
    <ele>301.9</ele>
   </trkpt>
   <trkpt lat="46.3401250" lon="-86.7153690">
    <ele>301.3</ele>
   </trkpt>
   <trkpt lat="46.3401300" lon="-86.7151740">
    <ele>301.3</ele>
   </trkpt>
   <trkpt lat="46.3401420" lon="-86.7143380">
    <ele>300.9</ele>
   </trkpt>
   <trkpt lat="46.3401810" lon="-86.7134770">
    <ele>300.1</ele>
   </trkpt>
   <trkpt lat="46.3401760" lon="-86.7127930">
    <ele>299.8</ele>
   </trkpt>
   <trkpt lat="46.3401920" lon="-86.7119470">
    <ele>300.0</ele>
   </trkpt>
   <trkpt lat="46.3402060" lon="-86.7110860">
    <ele>300.2</ele>
   </trkpt>
   <trkpt lat="46.3401840" lon="-86.7102930">
    <ele>300.2</ele>
   </trkpt>
   <trkpt lat="46.3402240" lon="-86.7094350">
    <ele>300.2</ele>
   </trkpt>
   <trkpt lat="46.3402120" lon="-86.7092180">
    <ele>300.2</ele>
   </trkpt>
   <trkpt lat="46.3402010" lon="-86.7085330">
    <ele>300.1</ele>
   </trkpt>
   <trkpt lat="46.3402310" lon="-86.7076730">
    <ele>300.1</ele>
   </trkpt>
   <trkpt lat="46.3402450" lon="-86.7070310">
    <ele>299.9</ele>
   </trkpt>
   <trkpt lat="46.3402270" lon="-86.7062210">
    <ele>299.7</ele>
   </trkpt>
   <trkpt lat="46.3402150" lon="-86.7054030">
    <ele>299.4</ele>
   </trkpt>
   <trkpt lat="46.3401870" lon="-86.7046190">
    <ele>299.3</ele>
   </trkpt>
   <trkpt lat="46.3401860" lon="-86.7038730">
    <ele>299.3</ele>
   </trkpt>
   <trkpt lat="46.3402030" lon="-86.7030190">
    <ele>299.0</ele>
   </trkpt>
   <trkpt lat="46.3402060" lon="-86.7022210">
    <ele>298.9</ele>
   </trkpt>
   <trkpt lat="46.3402220" lon="-86.7013920">
    <ele>298.8</ele>
   </trkpt>
   <trkpt lat="46.3402150" lon="-86.7008730">
    <ele>298.7</ele>
   </trkpt>
   <trkpt lat="46.3402150" lon="-86.7000780">
    <ele>298.7</ele>
   </trkpt>
   <trkpt lat="46.3401880" lon="-86.6992970">
    <ele>298.5</ele>
   </trkpt>
   <trkpt lat="46.3401740" lon="-86.6989840">
    <ele>298.0</ele>
   </trkpt>
   <trkpt lat="46.3401280" lon="-86.6981430">
    <ele>297.4</ele>
   </trkpt>
   <trkpt lat="46.3400610" lon="-86.6973490">
    <ele>297.2</ele>
   </trkpt>
   <trkpt lat="46.3399520" lon="-86.6965580">
    <ele>297.0</ele>
   </trkpt>
   <trkpt lat="46.3398690" lon="-86.6957720">
    <ele>296.1</ele>
   </trkpt>
   <trkpt lat="46.3398050" lon="-86.6949440">
    <ele>293.7</ele>
   </trkpt>
   <trkpt lat="46.3397520" lon="-86.6941570">
    <ele>292.0</ele>
   </trkpt>
   <trkpt lat="46.3396630" lon="-86.6933320">
    <ele>290.8</ele>
   </trkpt>
   <trkpt lat="46.3395720" lon="-86.6925300">
    <ele>289.8</ele>
   </trkpt>
   <trkpt lat="46.3394880" lon="-86.6917460">
    <ele>289.1</ele>
   </trkpt>
   <trkpt lat="46.3393910" lon="-86.6909390">
    <ele>289.3</ele>
   </trkpt>
   <trkpt lat="46.3393620" lon="-86.6901520">
    <ele>289.0</ele>
   </trkpt>
   <trkpt lat="46.3393800" lon="-86.6893710">
    <ele>288.7</ele>
   </trkpt>
   <trkpt lat="46.3394190" lon="-86.6885770">
    <ele>288.9</ele>
   </trkpt>
   <trkpt lat="46.3394340" lon="-86.6884080">
    <ele>289.0</ele>
   </trkpt>
   <trkpt lat="46.3394270" lon="-86.6878690">
    <ele>289.3</ele>
   </trkpt>
   <trkpt lat="46.3394130" lon="-86.6875640">
    <ele>289.3</ele>
   </trkpt>
   <trkpt lat="46.3393760" lon="-86.6872770">
    <ele>289.3</ele>
   </trkpt>
   <trkpt lat="46.3393390" lon="-86.6870880">
    <ele>289.2</ele>
   </trkpt>
   <trkpt lat="46.3393340" lon="-86.6862310">
    <ele>288.6</ele>
   </trkpt>
   <trkpt lat="46.3395930" lon="-86.6854670">
    <ele>288.7</ele>
   </trkpt>
   <trkpt lat="46.3397550" lon="-86.6849820">
    <ele>289.2</ele>
   </trkpt>
   <trkpt lat="46.3399690" lon="-86.6842290">
    <ele>290.5</ele>
   </trkpt>
   <trkpt lat="46.3400880" lon="-86.6834220">
    <ele>291.3</ele>
   </trkpt>
   <trkpt lat="46.3402080" lon="-86.6826070">
    <ele>291.5</ele>
   </trkpt>
   <trkpt lat="46.3403340" lon="-86.6818230">
    <ele>291.5</ele>
   </trkpt>
   <trkpt lat="46.3404690" lon="-86.6810580">
    <ele>292.2</ele>
   </trkpt>
   <trkpt lat="46.3405920" lon="-86.6802510">
    <ele>293.9</ele>
   </trkpt>
   <trkpt lat="46.3405990" lon="-86.6794780">
    <ele>295.4</ele>
   </trkpt>
   <trkpt lat="46.3405440" lon="-86.6789450">
    <ele>296.1</ele>
   </trkpt>
   <trkpt lat="46.3404290" lon="-86.6785870">
    <ele>296.3</ele>
   </trkpt>
   <trkpt lat="46.3403740" lon="-86.6784290">
    <ele>296.3</ele>
   </trkpt>
   <trkpt lat="46.3403070" lon="-86.6782610">
    <ele>296.3</ele>
   </trkpt>
   <trkpt lat="46.3401890" lon="-86.6780180">
    <ele>296.1</ele>
   </trkpt>
   <trkpt lat="46.3398440" lon="-86.6773520">
    <ele>294.5</ele>
   </trkpt>
   <trkpt lat="46.3395360" lon="-86.6767300">
    <ele>292.5</ele>
   </trkpt>
   <trkpt lat="46.3392230" lon="-86.6760620">
    <ele>290.9</ele>
   </trkpt>
   <trkpt lat="46.3389200" lon="-86.6753480">
    <ele>290.9</ele>
   </trkpt>
   <trkpt lat="46.3386390" lon="-86.6746430">
    <ele>291.0</ele>
   </trkpt>
   <trkpt lat="46.3383570" lon="-86.6739610">
    <ele>290.2</ele>
   </trkpt>
   <trkpt lat="46.3380660" lon="-86.6733010">
    <ele>288.8</ele>
   </trkpt>
   <trkpt lat="46.3377620" lon="-86.6726260">
    <ele>288.9</ele>
   </trkpt>
   <trkpt lat="46.3374420" lon="-86.6719330">
    <ele>290.2</ele>
   </trkpt>
   <trkpt lat="46.3371450" lon="-86.6712630">
    <ele>291.2</ele>
   </trkpt>
   <trkpt lat="46.3369170" lon="-86.6704900">
    <ele>290.7</ele>
   </trkpt>
   <trkpt lat="46.3368220" lon="-86.6696480">
    <ele>289.1</ele>
   </trkpt>
   <trkpt lat="46.3367230" lon="-86.6687820">
    <ele>288.0</ele>
   </trkpt>
   <trkpt lat="46.3366340" lon="-86.6679640">
    <ele>289.4</ele>
   </trkpt>
   <trkpt lat="46.3365370" lon="-86.6671140">
    <ele>290.8</ele>
   </trkpt>
   <trkpt lat="46.3364340" lon="-86.6663120">
    <ele>290.9</ele>
   </trkpt>
   <trkpt lat="46.3363320" lon="-86.6655170">
    <ele>289.5</ele>
   </trkpt>
   <trkpt lat="46.3362240" lon="-86.6647190">
    <ele>289.1</ele>
   </trkpt>
   <trkpt lat="46.3361320" lon="-86.6640120">
    <ele>290.4</ele>
   </trkpt>
   <trkpt lat="46.3360410" lon="-86.6632420">
    <ele>292.2</ele>
   </trkpt>
   <trkpt lat="46.3359520" lon="-86.6624460">
    <ele>293.0</ele>
   </trkpt>
   <trkpt lat="46.3359010" lon="-86.6621170">
    <ele>293.0</ele>
   </trkpt>
   <trkpt lat="46.3358470" lon="-86.6615200">
    <ele>292.8</ele>
   </trkpt>
   <trkpt lat="46.3358350" lon="-86.6614280">
    <ele>292.8</ele>
   </trkpt>
   <trkpt lat="46.3358020" lon="-86.6610620">
    <ele>292.7</ele>
   </trkpt>
   <trkpt lat="46.3357610" lon="-86.6607030">
    <ele>292.5</ele>
   </trkpt>
   <trkpt lat="46.3357290" lon="-86.6604330">
    <ele>292.4</ele>
   </trkpt>
   <trkpt lat="46.3356810" lon="-86.6600700">
    <ele>292.3</ele>
   </trkpt>
   <trkpt lat="46.3355970" lon="-86.6593500">
    <ele>292.5</ele>
   </trkpt>
   <trkpt lat="46.3354660" lon="-86.6585500">
    <ele>292.5</ele>
   </trkpt>
   <trkpt lat="46.3351400" lon="-86.6578690">
    <ele>292.1</ele>
   </trkpt>
   <trkpt lat="46.3346580" lon="-86.6574320">
    <ele>290.6</ele>
   </trkpt>
   <trkpt lat="46.3341330" lon="-86.6571510">
    <ele>289.4</ele>
   </trkpt>
   <trkpt lat="46.3336060" lon="-86.6568640">
    <ele>289.9</ele>
   </trkpt>
   <trkpt lat="46.3333530" lon="-86.6566770">
    <ele>290.4</ele>
   </trkpt>
   <trkpt lat="46.3330980" lon="-86.6564020">
    <ele>290.7</ele>
   </trkpt>
   <trkpt lat="46.3330060" lon="-86.6563840">
    <ele>290.4</ele>
   </trkpt>
   <trkpt lat="46.3328610" lon="-86.6564130">
    <ele>289.9</ele>
   </trkpt>
   <trkpt lat="46.3323620" lon="-86.6565920">
    <ele>287.2</ele>
   </trkpt>
   <trkpt lat="46.3318380" lon="-86.6567900">
    <ele>288.5</ele>
   </trkpt>
   <trkpt lat="46.3316440" lon="-86.6568550">
    <ele>288.4</ele>
   </trkpt>
   <trkpt lat="46.3313500" lon="-86.6569950">
    <ele>288.9</ele>
   </trkpt>
   <trkpt lat="46.3308190" lon="-86.6571500">
    <ele>289.9</ele>
   </trkpt>
   <trkpt lat="46.3304090" lon="-86.6572430">
    <ele>291.3</ele>
   </trkpt>
   <trkpt lat="46.3303370" lon="-86.6572650">
    <ele>291.3</ele>
   </trkpt>
   <trkpt lat="46.3302410" lon="-86.6572920">
    <ele>291.3</ele>
   </trkpt>
   <trkpt lat="46.3301940" lon="-86.6573130">
    <ele>291.3</ele>
   </trkpt>
   <trkpt lat="46.3301470" lon="-86.6573310">
    <ele>291.3</ele>
   </trkpt>
   <trkpt lat="46.3299890" lon="-86.6573920">
    <ele>291.2</ele>
   </trkpt>
   <trkpt lat="46.3297740" lon="-86.6574890">
    <ele>291.2</ele>
   </trkpt>
   <trkpt lat="46.3292420" lon="-86.6577160">
    <ele>291.2</ele>
   </trkpt>
   <trkpt lat="46.3287990" lon="-86.6578320">
    <ele>291.1</ele>
   </trkpt>
   <trkpt lat="46.3285630" lon="-86.6579070">
    <ele>290.7</ele>
   </trkpt>
   <trkpt lat="46.3283490" lon="-86.6579710">
    <ele>289.8</ele>
   </trkpt>
   <trkpt lat="46.3278060" lon="-86.6580990">
    <ele>289.0</ele>
   </trkpt>
   <trkpt lat="46.3272190" lon="-86.6582870">
    <ele>287.4</ele>
   </trkpt>
   <trkpt lat="46.3269100" lon="-86.6583940">
    <ele>287.1</ele>
   </trkpt>
   <trkpt lat="46.3266590" lon="-86.6584990">
    <ele>287.7</ele>
   </trkpt>
   <trkpt lat="46.3262280" lon="-86.6586500">
    <ele>288.1</ele>
   </trkpt>
   <trkpt lat="46.3256610" lon="-86.6588340">
    <ele>288.1</ele>
   </trkpt>
   <trkpt lat="46.3254120" lon="-86.6589160">
    <ele>288.1</ele>
   </trkpt>
   <trkpt lat="46.3248610" lon="-86.6591080">
    <ele>288.1</ele>
   </trkpt>
   <trkpt lat="46.3242850" lon="-86.6592630">
    <ele>288.1</ele>
   </trkpt>
   <trkpt lat="46.3236940" lon="-86.6593540">
    <ele>288.1</ele>
   </trkpt>
   <trkpt lat="46.3231420" lon="-86.6593880">
    <ele>288.1</ele>
   </trkpt>
   <trkpt lat="46.3226030" lon="-86.6594660">
    <ele>288.1</ele>
   </trkpt>
   <trkpt lat="46.3220230" lon="-86.6595700">
    <ele>288.1</ele>
   </trkpt>
   <trkpt lat="46.3214640" lon="-86.6596610">
    <ele>287.9</ele>
   </trkpt>
   <trkpt lat="46.3212900" lon="-86.6596810">
    <ele>287.5</ele>
   </trkpt>
   <trkpt lat="46.3211690" lon="-86.6597060">
    <ele>287.1</ele>
   </trkpt>
   <trkpt lat="46.3210420" lon="-86.6597300">
    <ele>286.7</ele>
   </trkpt>
   <trkpt lat="46.3205690" lon="-86.6598320">
    <ele>285.6</ele>
   </trkpt>
   <trkpt lat="46.3204550" lon="-86.6598500">
    <ele>285.5</ele>
   </trkpt>
   <trkpt lat="46.3201770" lon="-86.6598790">
    <ele>285.1</ele>
   </trkpt>
   <trkpt lat="46.3195910" lon="-86.6599130">
    <ele>284.5</ele>
   </trkpt>
   <trkpt lat="46.3192410" lon="-86.6599620">
    <ele>284.1</ele>
   </trkpt>
   <trkpt lat="46.3190950" lon="-86.6599980">
    <ele>283.5</ele>
   </trkpt>
   <trkpt lat="46.3187850" lon="-86.6600130">
    <ele>282.0</ele>
   </trkpt>
   <trkpt lat="46.3182130" lon="-86.6600600">
    <ele>281.6</ele>
   </trkpt>
   <trkpt lat="46.3180450" lon="-86.6601000">
    <ele>282.0</ele>
   </trkpt>
   <trkpt lat="46.3179880" lon="-86.6601160">
    <ele>282.0</ele>
   </trkpt>
   <trkpt lat="46.3178740" lon="-86.6601380">
    <ele>282.1</ele>
   </trkpt>
   <trkpt lat="46.3178210" lon="-86.6601400">
    <ele>282.3</ele>
   </trkpt>
   <trkpt lat="46.3177650" lon="-86.6601400">
    <ele>282.5</ele>
   </trkpt>
   <trkpt lat="46.3175990" lon="-86.6601300">
    <ele>282.3</ele>
   </trkpt>
   <trkpt lat="46.3171190" lon="-86.6601900">
    <ele>281.5</ele>
   </trkpt>
   <trkpt lat="46.3170680" lon="-86.6601900">
    <ele>281.5</ele>
   </trkpt>
   <trkpt lat="46.3168100" lon="-86.6602370">
    <ele>281.8</ele>
   </trkpt>
   <trkpt lat="46.3167140" lon="-86.6602950">
    <ele>281.6</ele>
   </trkpt>
   <trkpt lat="46.3164000" lon="-86.6606740">
    <ele>279.8</ele>
   </trkpt>
   <trkpt lat="46.3162700" lon="-86.6608780">
    <ele>278.9</ele>
   </trkpt>
   <trkpt lat="46.3158900" lon="-86.6615280">
    <ele>278.2</ele>
   </trkpt>
   <trkpt lat="46.3154970" lon="-86.6621710">
    <ele>276.2</ele>
   </trkpt>
   <trkpt lat="46.3151270" lon="-86.6627800">
    <ele>272.6</ele>
   </trkpt>
   <trkpt lat="46.3149210" lon="-86.6632280">
    <ele>270.6</ele>
   </trkpt>
   <trkpt lat="46.3148970" lon="-86.6633110">
    <ele>270.2</ele>
   </trkpt>
   <trkpt lat="46.3148330" lon="-86.6636060">
    <ele>269.7</ele>
   </trkpt>
   <trkpt lat="46.3148070" lon="-86.6637080">
    <ele>269.4</ele>
   </trkpt>
   <trkpt lat="46.3147810" lon="-86.6638080">
    <ele>269.3</ele>
   </trkpt>
   <trkpt lat="46.3147550" lon="-86.6639070">
    <ele>269.5</ele>
   </trkpt>
   <trkpt lat="46.3147320" lon="-86.6640000">
    <ele>269.6</ele>
   </trkpt>
   <trkpt lat="46.3147070" lon="-86.6640880">
    <ele>269.6</ele>
   </trkpt>
   <trkpt lat="46.3145310" lon="-86.6647930">
    <ele>270.7</ele>
   </trkpt>
   <trkpt lat="46.3144670" lon="-86.6650540">
    <ele>271.6</ele>
   </trkpt>
   <trkpt lat="46.3143610" lon="-86.6655980">
    <ele>273.0</ele>
   </trkpt>
   <trkpt lat="46.3143390" lon="-86.6657200">
    <ele>273.5</ele>
   </trkpt>
   <trkpt lat="46.3143270" lon="-86.6657820">
    <ele>273.6</ele>
   </trkpt>
   <trkpt lat="46.3142920" lon="-86.6659760">
    <ele>274.0</ele>
   </trkpt>
   <trkpt lat="46.3142750" lon="-86.6660360">
    <ele>274.2</ele>
   </trkpt>
   <trkpt lat="46.3142120" lon="-86.6662740">
    <ele>275.0</ele>
   </trkpt>
   <trkpt lat="46.3141850" lon="-86.6663830">
    <ele>275.3</ele>
   </trkpt>
   <trkpt lat="46.3141320" lon="-86.6665350">
    <ele>275.9</ele>
   </trkpt>
   <trkpt lat="46.3140950" lon="-86.6666420">
    <ele>276.1</ele>
   </trkpt>
   <trkpt lat="46.3137660" lon="-86.6673160">
    <ele>275.2</ele>
   </trkpt>
   <trkpt lat="46.3133390" lon="-86.6677280">
    <ele>277.3</ele>
   </trkpt>
   <trkpt lat="46.3133080" lon="-86.6677490">
    <ele>277.5</ele>
   </trkpt>
   <trkpt lat="46.3132470" lon="-86.6677970">
    <ele>277.7</ele>
   </trkpt>
   <trkpt lat="46.3132100" lon="-86.6678240">
    <ele>277.8</ele>
   </trkpt>
   <trkpt lat="46.3131390" lon="-86.6678670">
    <ele>278.1</ele>
   </trkpt>
   <trkpt lat="46.3130260" lon="-86.6679250">
    <ele>278.6</ele>
   </trkpt>
   <trkpt lat="46.3126560" lon="-86.6681140">
    <ele>279.6</ele>
   </trkpt>
   <trkpt lat="46.3122850" lon="-86.6681870">
    <ele>279.2</ele>
   </trkpt>
   <trkpt lat="46.3121710" lon="-86.6681970">
    <ele>279.5</ele>
   </trkpt>
   <trkpt lat="46.3120370" lon="-86.6681780">
    <ele>280.0</ele>
   </trkpt>
   <trkpt lat="46.3118230" lon="-86.6681310">
    <ele>280.8</ele>
   </trkpt>
   <trkpt lat="46.3114060" lon="-86.6680590">
    <ele>281.4</ele>
   </trkpt>
   <trkpt lat="46.3112740" lon="-86.6680400">
    <ele>281.0</ele>
   </trkpt>
   <trkpt lat="46.3110790" lon="-86.6680030">
    <ele>279.7</ele>
   </trkpt>
   <trkpt lat="46.3110300" lon="-86.6679890">
    <ele>279.4</ele>
   </trkpt>
   <trkpt lat="46.3109340" lon="-86.6679570">
    <ele>279.0</ele>
   </trkpt>
   <trkpt lat="46.3107970" lon="-86.6679530">
    <ele>278.8</ele>
   </trkpt>
   <trkpt lat="46.3102220" lon="-86.6679930">
    <ele>279.2</ele>
   </trkpt>
   <trkpt lat="46.3098700" lon="-86.6679820">
    <ele>279.2</ele>
   </trkpt>
   <trkpt lat="46.3094930" lon="-86.6680210">
    <ele>279.1</ele>
   </trkpt>
   <trkpt lat="46.3090310" lon="-86.6679530">
    <ele>278.7</ele>
   </trkpt>
   <trkpt lat="46.3089240" lon="-86.6679400">
    <ele>278.3</ele>
   </trkpt>
   <trkpt lat="46.3084770" lon="-86.6678590">
    <ele>278.3</ele>
   </trkpt>
   <trkpt lat="46.3084140" lon="-86.6678650">
    <ele>278.0</ele>
   </trkpt>
   <trkpt lat="46.3078260" lon="-86.6678070">
    <ele>277.2</ele>
   </trkpt>
   <trkpt lat="46.3076760" lon="-86.6677620">
    <ele>277.6</ele>
   </trkpt>
   <trkpt lat="46.3076290" lon="-86.6677430">
    <ele>277.7</ele>
   </trkpt>
   <trkpt lat="46.3075290" lon="-86.6677220">
    <ele>277.9</ele>
   </trkpt>
   <trkpt lat="46.3074800" lon="-86.6677100">
    <ele>277.8</ele>
   </trkpt>
   <trkpt lat="46.3074320" lon="-86.6676940">
    <ele>277.7</ele>
   </trkpt>
   <trkpt lat="46.3073820" lon="-86.6676870">
    <ele>277.5</ele>
   </trkpt>
   <trkpt lat="46.3072290" lon="-86.6676660">
    <ele>277.2</ele>
   </trkpt>
   <trkpt lat="46.3071710" lon="-86.6676640">
    <ele>277.0</ele>
   </trkpt>
   <trkpt lat="46.3070610" lon="-86.6676410">
    <ele>276.7</ele>
   </trkpt>
   <trkpt lat="46.3066170" lon="-86.6675470">
    <ele>276.1</ele>
   </trkpt>
   <trkpt lat="46.3061970" lon="-86.6674380">
    <ele>275.2</ele>
   </trkpt>
   <trkpt lat="46.3059670" lon="-86.6674330">
    <ele>274.1</ele>
   </trkpt>
   <trkpt lat="46.3056720" lon="-86.6674590">
    <ele>273.7</ele>
   </trkpt>
   <trkpt lat="46.3052310" lon="-86.6675520">
    <ele>274.4</ele>
   </trkpt>
   <trkpt lat="46.3050540" lon="-86.6675890">
    <ele>273.9</ele>
   </trkpt>
   <trkpt lat="46.3049330" lon="-86.6676210">
    <ele>273.2</ele>
   </trkpt>
   <trkpt lat="46.3044360" lon="-86.6677250">
    <ele>272.6</ele>
   </trkpt>
   <trkpt lat="46.3042700" lon="-86.6677680">
    <ele>272.6</ele>
   </trkpt>
   <trkpt lat="46.3037220" lon="-86.6678990">
    <ele>272.7</ele>
   </trkpt>
   <trkpt lat="46.3031880" lon="-86.6680580">
    <ele>274.2</ele>
   </trkpt>
   <trkpt lat="46.3028320" lon="-86.6681050">
    <ele>274.2</ele>
   </trkpt>
   <trkpt lat="46.3027060" lon="-86.6681450">
    <ele>274.3</ele>
   </trkpt>
   <trkpt lat="46.3023980" lon="-86.6682670">
    <ele>273.7</ele>
   </trkpt>
   <trkpt lat="46.3023340" lon="-86.6682950">
    <ele>273.4</ele>
   </trkpt>
   <trkpt lat="46.3022800" lon="-86.6683170">
    <ele>273.3</ele>
   </trkpt>
   <trkpt lat="46.3017430" lon="-86.6685510">
    <ele>274.2</ele>
   </trkpt>
   <trkpt lat="46.3013390" lon="-86.6686930">
    <ele>276.1</ele>
   </trkpt>
   <trkpt lat="46.3009090" lon="-86.6688570">
    <ele>276.1</ele>
   </trkpt>
   <trkpt lat="46.3008620" lon="-86.6688790">
    <ele>276.1</ele>
   </trkpt>
   <trkpt lat="46.3007110" lon="-86.6689360">
    <ele>276.1</ele>
   </trkpt>
   <trkpt lat="46.3003470" lon="-86.6691220">
    <ele>276.1</ele>
   </trkpt>
   <trkpt lat="46.2998330" lon="-86.6694090">
    <ele>276.1</ele>
   </trkpt>
   <trkpt lat="46.2995110" lon="-86.6695330">
    <ele>276.0</ele>
   </trkpt>
   <trkpt lat="46.2993930" lon="-86.6695820">
    <ele>276.0</ele>
   </trkpt>
   <trkpt lat="46.2993350" lon="-86.6696050">
    <ele>276.0</ele>
   </trkpt>
   <trkpt lat="46.2988220" lon="-86.6698500">
    <ele>276.0</ele>
   </trkpt>
   <trkpt lat="46.2985590" lon="-86.6699340">
    <ele>275.7</ele>
   </trkpt>
   <trkpt lat="46.2983260" lon="-86.6700440">
    <ele>275.4</ele>
   </trkpt>
   <trkpt lat="46.2977720" lon="-86.6702710">
    <ele>274.8</ele>
   </trkpt>
   <trkpt lat="46.2975610" lon="-86.6703540">
    <ele>274.5</ele>
   </trkpt>
   <trkpt lat="46.2974570" lon="-86.6703930">
    <ele>274.2</ele>
   </trkpt>
   <trkpt lat="46.2974020" lon="-86.6704130">
    <ele>274.0</ele>
   </trkpt>
   <trkpt lat="46.2972830" lon="-86.6704500">
    <ele>273.8</ele>
   </trkpt>
   <trkpt lat="46.2967510" lon="-86.6706040">
    <ele>273.2</ele>
   </trkpt>
   <trkpt lat="46.2966870" lon="-86.6706260">
    <ele>273.1</ele>
   </trkpt>
   <trkpt lat="46.2965700" lon="-86.6706410">
    <ele>273.1</ele>
   </trkpt>
   <trkpt lat="46.2965080" lon="-86.6706520">
    <ele>273.2</ele>
   </trkpt>
   <trkpt lat="46.2959500" lon="-86.6707450">
    <ele>273.1</ele>
   </trkpt>
   <trkpt lat="46.2954140" lon="-86.6708330">
    <ele>273.1</ele>
   </trkpt>
   <trkpt lat="46.2953480" lon="-86.6708460">
    <ele>273.1</ele>
   </trkpt>
   <trkpt lat="46.2951580" lon="-86.6708710">
    <ele>273.1</ele>
   </trkpt>
   <trkpt lat="46.2949100" lon="-86.6709080">
    <ele>273.1</ele>
   </trkpt>
   <trkpt lat="46.2946710" lon="-86.6709500">
    <ele>273.1</ele>
   </trkpt>
   <trkpt lat="46.2941170" lon="-86.6710330">
    <ele>273.1</ele>
   </trkpt>
   <trkpt lat="46.2939970" lon="-86.6710460">
    <ele>273.1</ele>
   </trkpt>
   <trkpt lat="46.2939370" lon="-86.6710550">
    <ele>273.1</ele>
   </trkpt>
   <trkpt lat="46.2938780" lon="-86.6710660">
    <ele>273.1</ele>
   </trkpt>
   <trkpt lat="46.2938150" lon="-86.6710780">
    <ele>273.1</ele>
   </trkpt>
   <trkpt lat="46.2937530" lon="-86.6710900">
    <ele>273.1</ele>
   </trkpt>
   <trkpt lat="46.2932010" lon="-86.6711640">
    <ele>273.1</ele>
   </trkpt>
   <trkpt lat="46.2926470" lon="-86.6712540">
    <ele>273.1</ele>
   </trkpt>
   <trkpt lat="46.2925840" lon="-86.6712650">
    <ele>273.1</ele>
   </trkpt>
   <trkpt lat="46.2921050" lon="-86.6713360">
    <ele>273.2</ele>
   </trkpt>
   <trkpt lat="46.2915210" lon="-86.6714430">
    <ele>272.0</ele>
   </trkpt>
   <trkpt lat="46.2910950" lon="-86.6714910">
    <ele>271.8</ele>
   </trkpt>
   <trkpt lat="46.2910070" lon="-86.6714420">
    <ele>271.9</ele>
   </trkpt>
   <trkpt lat="46.2909290" lon="-86.6713580">
    <ele>272.0</ele>
   </trkpt>
   <trkpt lat="46.2908700" lon="-86.6712380">
    <ele>272.0</ele>
   </trkpt>
   <trkpt lat="46.2908270" lon="-86.6710970">
    <ele>272.0</ele>
   </trkpt>
   <trkpt lat="46.2907940" lon="-86.6709530">
    <ele>272.0</ele>
   </trkpt>
   <trkpt lat="46.2906180" lon="-86.6700840">
    <ele>271.1</ele>
   </trkpt>
   <trkpt lat="46.2903270" lon="-86.6693600">
    <ele>270.2</ele>
   </trkpt>
   <trkpt lat="46.2899940" lon="-86.6688100">
    <ele>270.6</ele>
   </trkpt>
   <trkpt lat="46.2896160" lon="-86.6682210">
    <ele>271.6</ele>
   </trkpt>
   <trkpt lat="46.2895730" lon="-86.6681580">
    <ele>271.7</ele>
   </trkpt>
   <trkpt lat="46.2895280" lon="-86.6680900">
    <ele>271.9</ele>
   </trkpt>
   <trkpt lat="46.2894860" lon="-86.6680240">
    <ele>272.1</ele>
   </trkpt>
   <trkpt lat="46.2893200" lon="-86.6677420">
    <ele>272.2</ele>
   </trkpt>
   <trkpt lat="46.2890710" lon="-86.6671960">
    <ele>271.3</ele>
   </trkpt>
   <trkpt lat="46.2887880" lon="-86.6665250">
    <ele>270.0</ele>
   </trkpt>
   <trkpt lat="46.2885260" lon="-86.6658230">
    <ele>269.7</ele>
   </trkpt>
   <trkpt lat="46.2882550" lon="-86.6650920">
    <ele>268.6</ele>
   </trkpt>
   <trkpt lat="46.2879760" lon="-86.6643280">
    <ele>270.1</ele>
   </trkpt>
   <trkpt lat="46.2877750" lon="-86.6637930">
    <ele>270.1</ele>
   </trkpt>
   <trkpt lat="46.2875750" lon="-86.6632690">
    <ele>270.1</ele>
   </trkpt>
   <trkpt lat="46.2872750" lon="-86.6625300">
    <ele>270.1</ele>
   </trkpt>
   <trkpt lat="46.2870120" lon="-86.6618070">
    <ele>268.4</ele>
   </trkpt>
   <trkpt lat="46.2866490" lon="-86.6610840">
    <ele>266.2</ele>
   </trkpt>
   <trkpt lat="46.2861980" lon="-86.6605070">
    <ele>265.5</ele>
   </trkpt>
   <trkpt lat="46.2857180" lon="-86.6600350">
    <ele>267.0</ele>
   </trkpt>
   <trkpt lat="46.2852420" lon="-86.6595580">
    <ele>267.0</ele>
   </trkpt>
   <trkpt lat="46.2848920" lon="-86.6592280">
    <ele>265.0</ele>
   </trkpt>
   <trkpt lat="46.2846030" lon="-86.6589010">
    <ele>263.5</ele>
   </trkpt>
   <trkpt lat="46.2844660" lon="-86.6587370">
    <ele>263.2</ele>
   </trkpt>
   <trkpt lat="46.2840420" lon="-86.6581570">
    <ele>263.1</ele>
   </trkpt>
   <trkpt lat="46.2836180" lon="-86.6575640">
    <ele>263.4</ele>
   </trkpt>
   <trkpt lat="46.2831870" lon="-86.6569740">
    <ele>264.3</ele>
   </trkpt>
   <trkpt lat="46.2827940" lon="-86.6563960">
    <ele>264.3</ele>
   </trkpt>
   <trkpt lat="46.2824350" lon="-86.6556880">
    <ele>264.2</ele>
   </trkpt>
   <trkpt lat="46.2822940" lon="-86.6553310">
    <ele>264.2</ele>
   </trkpt>
   <trkpt lat="46.2822040" lon="-86.6550990">
    <ele>264.2</ele>
   </trkpt>
   <trkpt lat="46.2821610" lon="-86.6549870">
    <ele>264.2</ele>
   </trkpt>
   <trkpt lat="46.2818990" lon="-86.6542770">
    <ele>264.2</ele>
   </trkpt>
   <trkpt lat="46.2815970" lon="-86.6535460">
    <ele>264.2</ele>
   </trkpt>
   <trkpt lat="46.2814430" lon="-86.6531610">
    <ele>264.1</ele>
   </trkpt>
   <trkpt lat="46.2813660" lon="-86.6529700">
    <ele>264.1</ele>
   </trkpt>
   <trkpt lat="46.2810720" lon="-86.6522090">
    <ele>264.1</ele>
   </trkpt>
   <trkpt lat="46.2807860" lon="-86.6514530">
    <ele>264.2</ele>
   </trkpt>
   <trkpt lat="46.2805000" lon="-86.6507220">
    <ele>264.2</ele>
   </trkpt>
   <trkpt lat="46.2801940" lon="-86.6500050">
    <ele>264.1</ele>
   </trkpt>
   <trkpt lat="46.2797780" lon="-86.6493890">
    <ele>264.1</ele>
   </trkpt>
   <trkpt lat="46.2793650" lon="-86.6488840">
    <ele>264.2</ele>
   </trkpt>
   <trkpt lat="46.2789100" lon="-86.6483230">
    <ele>264.2</ele>
   </trkpt>
   <trkpt lat="46.2784810" lon="-86.6477770">
    <ele>264.1</ele>
   </trkpt>
   <trkpt lat="46.2783690" lon="-86.6477250">
    <ele>264.1</ele>
   </trkpt>
   <trkpt lat="46.2782670" lon="-86.6478060">
    <ele>264.1</ele>
   </trkpt>
   <trkpt lat="46.2779530" lon="-86.6482140">
    <ele>263.7</ele>
   </trkpt>
   <trkpt lat="46.2778140" lon="-86.6483120">
    <ele>263.3</ele>
   </trkpt>
   <trkpt lat="46.2775980" lon="-86.6483990">
    <ele>262.4</ele>
   </trkpt>
   <trkpt lat="46.2774820" lon="-86.6484190">
    <ele>262.0</ele>
   </trkpt>
   <trkpt lat="46.2773160" lon="-86.6484320">
    <ele>261.8</ele>
   </trkpt>
   <trkpt lat="46.2772060" lon="-86.6484320">
    <ele>261.8</ele>
   </trkpt>
   <trkpt lat="46.2772060" lon="-86.6484320">
    <ele>261.8</ele>
   </trkpt>
   <trkpt lat="46.2766210" lon="-86.6484250">
    <ele>261.4</ele>
   </trkpt>
   <trkpt lat="46.2760420" lon="-86.6484020">
    <ele>259.9</ele>
   </trkpt>
   <trkpt lat="46.2754910" lon="-86.6482510">
    <ele>258.6</ele>
   </trkpt>
   <trkpt lat="46.2752690" lon="-86.6482020">
    <ele>259.3</ele>
   </trkpt>
   <trkpt lat="46.2747250" lon="-86.6483740">
    <ele>261.1</ele>
   </trkpt>
   <trkpt lat="46.2745860" lon="-86.6485210">
    <ele>261.1</ele>
   </trkpt>
   <trkpt lat="46.2742930" lon="-86.6489640">
    <ele>261.1</ele>
   </trkpt>
   <trkpt lat="46.2740730" lon="-86.6493960">
    <ele>261.1</ele>
   </trkpt>
   <trkpt lat="46.2737470" lon="-86.6500530">
    <ele>261.1</ele>
   </trkpt>
   <trkpt lat="46.2735360" lon="-86.6505400">
    <ele>261.0</ele>
   </trkpt>
   <trkpt lat="46.2734400" lon="-86.6507500">
    <ele>260.8</ele>
   </trkpt>
   <trkpt lat="46.2733770" lon="-86.6508850">
    <ele>260.7</ele>
   </trkpt>
   <trkpt lat="46.2733440" lon="-86.6509500">
    <ele>260.7</ele>
   </trkpt>
   <trkpt lat="46.2729130" lon="-86.6515300">
    <ele>260.0</ele>
   </trkpt>
   <trkpt lat="46.2723890" lon="-86.6517920">
    <ele>257.2</ele>
   </trkpt>
   <trkpt lat="46.2721830" lon="-86.6518610">
    <ele>256.3</ele>
   </trkpt>
   <trkpt lat="46.2719720" lon="-86.6519270">
    <ele>255.4</ele>
   </trkpt>
   <trkpt lat="46.2719060" lon="-86.6519490">
    <ele>255.3</ele>
   </trkpt>
   <trkpt lat="46.2718460" lon="-86.6519690">
    <ele>255.3</ele>
   </trkpt>
   <trkpt lat="46.2717250" lon="-86.6519970">
    <ele>255.5</ele>
   </trkpt>
   <trkpt lat="46.2715620" lon="-86.6520230">
    <ele>255.8</ele>
   </trkpt>
   <trkpt lat="46.2715130" lon="-86.6520260">
    <ele>255.9</ele>
   </trkpt>
   <trkpt lat="46.2714670" lon="-86.6520260">
    <ele>256.2</ele>
   </trkpt>
   <trkpt lat="46.2714200" lon="-86.6520200">
    <ele>256.5</ele>
   </trkpt>
   <trkpt lat="46.2712360" lon="-86.6519830">
    <ele>257.2</ele>
   </trkpt>
   <trkpt lat="46.2710980" lon="-86.6519400">
    <ele>258.0</ele>
   </trkpt>
   <trkpt lat="46.2710090" lon="-86.6519150">
    <ele>258.1</ele>
   </trkpt>
   <trkpt lat="46.2708350" lon="-86.6518440">
    <ele>258.6</ele>
   </trkpt>
   <trkpt lat="46.2706620" lon="-86.6518040">
    <ele>259.1</ele>
   </trkpt>
   <trkpt lat="46.2702750" lon="-86.6517560">
    <ele>259.8</ele>
   </trkpt>
   <trkpt lat="46.2700630" lon="-86.6518050">
    <ele>258.8</ele>
   </trkpt>
   <trkpt lat="46.2697180" lon="-86.6521150">
    <ele>259.8</ele>
   </trkpt>
   <trkpt lat="46.2696330" lon="-86.6522550">
    <ele>260.0</ele>
   </trkpt>
   <trkpt lat="46.2693510" lon="-86.6527450">
    <ele>260.7</ele>
   </trkpt>
   <trkpt lat="46.2693160" lon="-86.6528160">
    <ele>260.8</ele>
   </trkpt>
   <trkpt lat="46.2691600" lon="-86.6531470">
    <ele>261.0</ele>
   </trkpt>
   <trkpt lat="46.2691310" lon="-86.6532180">
    <ele>261.0</ele>
   </trkpt>
   <trkpt lat="46.2688560" lon="-86.6538930">
    <ele>260.3</ele>
   </trkpt>
   <trkpt lat="46.2685650" lon="-86.6545860">
    <ele>258.9</ele>
   </trkpt>
   <trkpt lat="46.2684760" lon="-86.6548200">
    <ele>258.5</ele>
   </trkpt>
   <trkpt lat="46.2683500" lon="-86.6551350">
    <ele>258.2</ele>
   </trkpt>
   <trkpt lat="46.2682820" lon="-86.6552890">
    <ele>258.2</ele>
   </trkpt>
   <trkpt lat="46.2681110" lon="-86.6556700">
    <ele>258.2</ele>
   </trkpt>
   <trkpt lat="46.2678950" lon="-86.6559880">
    <ele>258.4</ele>
   </trkpt>
   <trkpt lat="46.2677970" lon="-86.6560950">
    <ele>258.4</ele>
   </trkpt>
   <trkpt lat="46.2675610" lon="-86.6563100">
    <ele>258.3</ele>
   </trkpt>
   <trkpt lat="46.2670930" lon="-86.6567040">
    <ele>258.0</ele>
   </trkpt>
   <trkpt lat="46.2668540" lon="-86.6569110">
    <ele>258.0</ele>
   </trkpt>
   <trkpt lat="46.2663730" lon="-86.6573220">
    <ele>255.6</ele>
   </trkpt>
   <trkpt lat="46.2659000" lon="-86.6577190">
    <ele>253.9</ele>
   </trkpt>
   <trkpt lat="46.2657810" lon="-86.6578000">
    <ele>253.6</ele>
   </trkpt>
   <trkpt lat="46.2656480" lon="-86.6578010">
    <ele>253.5</ele>
   </trkpt>
   <trkpt lat="46.2655360" lon="-86.6577330">
    <ele>253.6</ele>
   </trkpt>
   <trkpt lat="46.2653420" lon="-86.6575490">
    <ele>253.7</ele>
   </trkpt>
   <trkpt lat="46.2650200" lon="-86.6572790">
    <ele>251.6</ele>
   </trkpt>
   <trkpt lat="46.2649130" lon="-86.6571880">
    <ele>251.6</ele>
   </trkpt>
   <trkpt lat="46.2644540" lon="-86.6567840">
    <ele>253.8</ele>
   </trkpt>
   <trkpt lat="46.2641440" lon="-86.6565080">
    <ele>253.7</ele>
   </trkpt>
   <trkpt lat="46.2639600" lon="-86.6563410">
    <ele>253.8</ele>
   </trkpt>
   <trkpt lat="46.2638370" lon="-86.6561720">
    <ele>255.2</ele>
   </trkpt>
   <trkpt lat="46.2637140" lon="-86.6558950">
    <ele>255.9</ele>
   </trkpt>
   <trkpt lat="46.2636100" lon="-86.6551670">
    <ele>257.8</ele>
   </trkpt>
   <trkpt lat="46.2635340" lon="-86.6545360">
    <ele>257.2</ele>
   </trkpt>
   <trkpt lat="46.2634410" lon="-86.6536770">
    <ele>254.9</ele>
   </trkpt>
   <trkpt lat="46.2633860" lon="-86.6531270">
    <ele>254.7</ele>
   </trkpt>
   <trkpt lat="46.2633110" lon="-86.6522690">
    <ele>255.1</ele>
   </trkpt>
   <trkpt lat="46.2631060" lon="-86.6515270">
    <ele>255.1</ele>
   </trkpt>
   <trkpt lat="46.2630200" lon="-86.6513150">
    <ele>255.1</ele>
   </trkpt>
   <trkpt lat="46.2629680" lon="-86.6511700">
    <ele>255.4</ele>
   </trkpt>
   <trkpt lat="46.2629230" lon="-86.6510260">
    <ele>255.2</ele>
   </trkpt>
   <trkpt lat="46.2628830" lon="-86.6508820">
    <ele>255.1</ele>
   </trkpt>
   <trkpt lat="46.2628440" lon="-86.6505950">
    <ele>255.1</ele>
   </trkpt>
   <trkpt lat="46.2627900" lon="-86.6497920">
    <ele>255.6</ele>
   </trkpt>
   <trkpt lat="46.2627910" lon="-86.6489490">
    <ele>255.1</ele>
   </trkpt>
   <trkpt lat="46.2627560" lon="-86.6484680">
    <ele>255.7</ele>
   </trkpt>
   <trkpt lat="46.2627600" lon="-86.6483980">
    <ele>255.8</ele>
   </trkpt>
   <trkpt lat="46.2627740" lon="-86.6481050">
    <ele>255.6</ele>
   </trkpt>
   <trkpt lat="46.2628060" lon="-86.6479590">
    <ele>255.8</ele>
   </trkpt>
   <trkpt lat="46.2628670" lon="-86.6478210">
    <ele>255.5</ele>
   </trkpt>
   <trkpt lat="46.2632800" lon="-86.6472630">
    <ele>254.3</ele>
   </trkpt>
   <trkpt lat="46.2635860" lon="-86.6469070">
    <ele>255.1</ele>
   </trkpt>
   <trkpt lat="46.2636320" lon="-86.6468500">
    <ele>255.2</ele>
   </trkpt>
   <trkpt lat="46.2639970" lon="-86.6463370">
    <ele>255.7</ele>
   </trkpt>
   <trkpt lat="46.2641270" lon="-86.6460560">
    <ele>255.7</ele>
   </trkpt>
   <trkpt lat="46.2641910" lon="-86.6459230">
    <ele>255.5</ele>
   </trkpt>
   <trkpt lat="46.2643020" lon="-86.6457170">
    <ele>255.7</ele>
   </trkpt>
   <trkpt lat="46.2646670" lon="-86.6451230">
    <ele>256.5</ele>
   </trkpt>
   <trkpt lat="46.2650910" lon="-86.6445800">
    <ele>259.0</ele>
   </trkpt>
   <trkpt lat="46.2651240" lon="-86.6445200">
    <ele>259.1</ele>
   </trkpt>
   <trkpt lat="46.2654840" lon="-86.6440000">
    <ele>258.7</ele>
   </trkpt>
   <trkpt lat="46.2658740" lon="-86.6434400">
    <ele>260.0</ele>
   </trkpt>
   <trkpt lat="46.2660550" lon="-86.6431790">
    <ele>261.0</ele>
   </trkpt>
   <trkpt lat="46.2661270" lon="-86.6430830">
    <ele>260.9</ele>
   </trkpt>
   <trkpt lat="46.2661620" lon="-86.6430320">
    <ele>260.9</ele>
   </trkpt>
   <trkpt lat="46.2661990" lon="-86.6429680">
    <ele>260.9</ele>
   </trkpt>
   <trkpt lat="46.2662360" lon="-86.6429070">
    <ele>260.8</ele>
   </trkpt>
   <trkpt lat="46.2662730" lon="-86.6428450">
    <ele>260.7</ele>
   </trkpt>
   <trkpt lat="46.2663120" lon="-86.6427800">
    <ele>260.6</ele>
   </trkpt>
   <trkpt lat="46.2666200" lon="-86.6420790">
    <ele>260.2</ele>
   </trkpt>
   <trkpt lat="46.2666760" lon="-86.6418370">
    <ele>259.8</ele>
   </trkpt>
   <trkpt lat="46.2667380" lon="-86.6414330">
    <ele>259.5</ele>
   </trkpt>
   <trkpt lat="46.2667530" lon="-86.6412680">
    <ele>259.4</ele>
   </trkpt>
   <trkpt lat="46.2667740" lon="-86.6409030">
    <ele>259.0</ele>
   </trkpt>
   <trkpt lat="46.2667920" lon="-86.6407370">
    <ele>258.9</ele>
   </trkpt>
   <trkpt lat="46.2668020" lon="-86.6405760">
    <ele>258.6</ele>
   </trkpt>
   <trkpt lat="46.2668020" lon="-86.6405760">
    <ele>258.6</ele>
   </trkpt>
   <trkpt lat="46.2668530" lon="-86.6402450">
    <ele>258.2</ele>
   </trkpt>
   <trkpt lat="46.2669640" lon="-86.6397570">
    <ele>257.8</ele>
   </trkpt>
   <trkpt lat="46.2671270" lon="-86.6390580">
    <ele>259.0</ele>
   </trkpt>
   <trkpt lat="46.2671460" lon="-86.6389860">
    <ele>259.2</ele>
   </trkpt>
   <trkpt lat="46.2672720" lon="-86.6381580">
    <ele>260.5</ele>
   </trkpt>
   <trkpt lat="46.2672470" lon="-86.6379710">
    <ele>260.0</ele>
   </trkpt>
   <trkpt lat="46.2670190" lon="-86.6372040">
    <ele>257.4</ele>
   </trkpt>
   <trkpt lat="46.2667340" lon="-86.6364940">
    <ele>257.0</ele>
   </trkpt>
   <trkpt lat="46.2666120" lon="-86.6361880">
    <ele>256.9</ele>
   </trkpt>
   <trkpt lat="46.2665230" lon="-86.6359550">
    <ele>257.1</ele>
   </trkpt>
   <trkpt lat="46.2662930" lon="-86.6353590">
    <ele>257.4</ele>
   </trkpt>
   <trkpt lat="46.2661610" lon="-86.6350110">
    <ele>257.3</ele>
   </trkpt>
   <trkpt lat="46.2659530" lon="-86.6344460">
    <ele>257.0</ele>
   </trkpt>
   <trkpt lat="46.2658980" lon="-86.6342900">
    <ele>256.9</ele>
   </trkpt>
   <trkpt lat="46.2658590" lon="-86.6341380">
    <ele>256.9</ele>
   </trkpt>
   <trkpt lat="46.2657280" lon="-86.6333790">
    <ele>257.3</ele>
   </trkpt>
   <trkpt lat="46.2656750" lon="-86.6330390">
    <ele>257.5</ele>
   </trkpt>
   <trkpt lat="46.2656510" lon="-86.6328770">
    <ele>257.6</ele>
   </trkpt>
   <trkpt lat="46.2656510" lon="-86.6328770">
    <ele>257.6</ele>
   </trkpt>
   <trkpt lat="46.2655290" lon="-86.6321090">
    <ele>258.5</ele>
   </trkpt>
   <trkpt lat="46.2653910" lon="-86.6313210">
    <ele>260.1</ele>
   </trkpt>
   <trkpt lat="46.2653570" lon="-86.6309770">
    <ele>260.2</ele>
   </trkpt>
   <trkpt lat="46.2652270" lon="-86.6303100">
    <ele>259.8</ele>
   </trkpt>
   <trkpt lat="46.2652120" lon="-86.6301810">
    <ele>259.7</ele>
   </trkpt>
   <trkpt lat="46.2651780" lon="-86.6299810">
    <ele>259.4</ele>
   </trkpt>
   <trkpt lat="46.2651590" lon="-86.6298490">
    <ele>259.2</ele>
   </trkpt>
   <trkpt lat="46.2650690" lon="-86.6290710">
    <ele>258.1</ele>
   </trkpt>
   <trkpt lat="46.2649140" lon="-86.6282800">
    <ele>258.1</ele>
   </trkpt>
   <trkpt lat="46.2646490" lon="-86.6276110">
    <ele>258.9</ele>
   </trkpt>
   <trkpt lat="46.2641090" lon="-86.6273460">
    <ele>262.5</ele>
   </trkpt>
   <trkpt lat="46.2635350" lon="-86.6272770">
    <ele>264.9</ele>
   </trkpt>
   <trkpt lat="46.2631920" lon="-86.6273650">
    <ele>266.2</ele>
   </trkpt>
   <trkpt lat="46.2631500" lon="-86.6273700">
    <ele>266.2</ele>
   </trkpt>
   <trkpt lat="46.2630770" lon="-86.6273700">
    <ele>266.3</ele>
   </trkpt>
   <trkpt lat="46.2625020" lon="-86.6273790">
    <ele>267.2</ele>
   </trkpt>
   <trkpt lat="46.2622220" lon="-86.6274340">
    <ele>267.2</ele>
   </trkpt>
   <trkpt lat="46.2616430" lon="-86.6275030">
    <ele>266.8</ele>
   </trkpt>
   <trkpt lat="46.2614630" lon="-86.6275150">
    <ele>267.1</ele>
   </trkpt>
   <trkpt lat="46.2611800" lon="-86.6274170">
    <ele>267.3</ele>
   </trkpt>
   <trkpt lat="46.2608510" lon="-86.6270410">
    <ele>267.2</ele>
   </trkpt>
   <trkpt lat="46.2606380" lon="-86.6266890">
    <ele>267.8</ele>
   </trkpt>
   <trkpt lat="46.2602420" lon="-86.6260630">
    <ele>270.3</ele>
   </trkpt>
   <trkpt lat="46.2598670" lon="-86.6254500">
    <ele>271.7</ele>
   </trkpt>
   <trkpt lat="46.2594790" lon="-86.6248240">
    <ele>270.4</ele>
   </trkpt>
   <trkpt lat="46.2590880" lon="-86.6242530">
    <ele>270.1</ele>
   </trkpt>
   <trkpt lat="46.2590120" lon="-86.6241370">
    <ele>270.3</ele>
   </trkpt>
   <trkpt lat="46.2586530" lon="-86.6235550">
    <ele>270.2</ele>
   </trkpt>
   <trkpt lat="46.2582970" lon="-86.6229230">
    <ele>274.6</ele>
   </trkpt>
   <trkpt lat="46.2579660" lon="-86.6222920">
    <ele>272.8</ele>
   </trkpt>
   <trkpt lat="46.2577220" lon="-86.6215070">
    <ele>270.4</ele>
   </trkpt>
   <trkpt lat="46.2574790" lon="-86.6207120">
    <ele>268.4</ele>
   </trkpt>
   <trkpt lat="46.2571990" lon="-86.6200500">
    <ele>270.6</ele>
   </trkpt>
   <trkpt lat="46.2568100" lon="-86.6194690">
    <ele>268.7</ele>
   </trkpt>
   <trkpt lat="46.2566380" lon="-86.6192250">
    <ele>269.0</ele>
   </trkpt>
   <trkpt lat="46.2564780" lon="-86.6190050">
    <ele>269.1</ele>
   </trkpt>
   <trkpt lat="46.2564440" lon="-86.6189540">
    <ele>269.2</ele>
   </trkpt>
   <trkpt lat="46.2564040" lon="-86.6188940">
    <ele>269.2</ele>
   </trkpt>
   <trkpt lat="46.2563630" lon="-86.6188380">
    <ele>269.2</ele>
   </trkpt>
   <trkpt lat="46.2562460" lon="-86.6186440">
    <ele>269.5</ele>
   </trkpt>
   <trkpt lat="46.2558970" lon="-86.6181650">
    <ele>270.3</ele>
   </trkpt>
   <trkpt lat="46.2557550" lon="-86.6179810">
    <ele>270.0</ele>
   </trkpt>
   <trkpt lat="46.2555410" lon="-86.6176600">
    <ele>268.2</ele>
   </trkpt>
   <trkpt lat="46.2554940" lon="-86.6175950">
    <ele>267.7</ele>
   </trkpt>
   <trkpt lat="46.2550420" lon="-86.6170440">
    <ele>266.1</ele>
   </trkpt>
   <trkpt lat="46.2549250" lon="-86.6168530">
    <ele>265.7</ele>
   </trkpt>
   <trkpt lat="46.2545780" lon="-86.6163350">
    <ele>262.9</ele>
   </trkpt>
   <trkpt lat="46.2541500" lon="-86.6157710">
    <ele>262.1</ele>
   </trkpt>
   <trkpt lat="46.2537220" lon="-86.6151870">
    <ele>262.3</ele>
   </trkpt>
   <trkpt lat="46.2534640" lon="-86.6147320">
    <ele>261.8</ele>
   </trkpt>
   <trkpt lat="46.2533600" lon="-86.6145360">
    <ele>261.4</ele>
   </trkpt>
   <trkpt lat="46.2530790" lon="-86.6139810">
    <ele>260.2</ele>
   </trkpt>
   <trkpt lat="46.2527480" lon="-86.6133360">
    <ele>264.2</ele>
   </trkpt>
   <trkpt lat="46.2526900" lon="-86.6132290">
    <ele>265.3</ele>
   </trkpt>
   <trkpt lat="46.2523660" lon="-86.6125550">
    <ele>260.1</ele>
   </trkpt>
   <trkpt lat="46.2520390" lon="-86.6118960">
    <ele>257.6</ele>
   </trkpt>
   <trkpt lat="46.2517150" lon="-86.6112700">
    <ele>257.0</ele>
   </trkpt>
   <trkpt lat="46.2514340" lon="-86.6106660">
    <ele>256.9</ele>
   </trkpt>
   <trkpt lat="46.2513600" lon="-86.6105210">
    <ele>257.3</ele>
   </trkpt>
   <trkpt lat="46.2513600" lon="-86.6105210">
    <ele>257.3</ele>
   </trkpt>
   <trkpt lat="46.2512900" lon="-86.6103840">
    <ele>257.7</ele>
   </trkpt>
   <trkpt lat="46.2511220" lon="-86.6100130">
    <ele>258.0</ele>
   </trkpt>
   <trkpt lat="46.2507900" lon="-86.6093640">
    <ele>260.3</ele>
   </trkpt>
   <trkpt lat="46.2504160" lon="-86.6087580">
    <ele>259.7</ele>
   </trkpt>
   <trkpt lat="46.2499910" lon="-86.6082320">
    <ele>260.3</ele>
   </trkpt>
   <trkpt lat="46.2496770" lon="-86.6077950">
    <ele>260.0</ele>
   </trkpt>
   <trkpt lat="46.2496330" lon="-86.6077300">
    <ele>260.0</ele>
   </trkpt>
   <trkpt lat="46.2495860" lon="-86.6076660">
    <ele>260.0</ele>
   </trkpt>
   <trkpt lat="46.2494960" lon="-86.6075390">
    <ele>260.0</ele>
   </trkpt>
   <trkpt lat="46.2490660" lon="-86.6069920">
    <ele>261.4</ele>
   </trkpt>
   <trkpt lat="46.2490350" lon="-86.6069560">
    <ele>261.4</ele>
   </trkpt>
   <trkpt lat="46.2490060" lon="-86.6069170">
    <ele>261.3</ele>
   </trkpt>
   <trkpt lat="46.2488610" lon="-86.6066830">
    <ele>261.2</ele>
   </trkpt>
   <trkpt lat="46.2486110" lon="-86.6059060">
    <ele>259.6</ele>
   </trkpt>
   <trkpt lat="46.2485600" lon="-86.6056730">
    <ele>258.8</ele>
   </trkpt>
   <trkpt lat="46.2484130" lon="-86.6048840">
    <ele>257.4</ele>
   </trkpt>
   <trkpt lat="46.2483550" lon="-86.6045840">
    <ele>257.0</ele>
   </trkpt>
   <trkpt lat="46.2481980" lon="-86.6037850">
    <ele>256.3</ele>
   </trkpt>
   <trkpt lat="46.2481560" lon="-86.6035560">
    <ele>256.2</ele>
   </trkpt>
   <trkpt lat="46.2480190" lon="-86.6028580">
    <ele>254.8</ele>
   </trkpt>
   <trkpt lat="46.2479580" lon="-86.6025230">
    <ele>254.8</ele>
   </trkpt>
   <trkpt lat="46.2477880" lon="-86.6017120">
    <ele>254.3</ele>
   </trkpt>
   <trkpt lat="46.2476410" lon="-86.6009520">
    <ele>257.7</ele>
   </trkpt>
   <trkpt lat="46.2476150" lon="-86.6008070">
    <ele>256.8</ele>
   </trkpt>
   <trkpt lat="46.2475980" lon="-86.6007330">
    <ele>256.2</ele>
   </trkpt>
   <trkpt lat="46.2475270" lon="-86.6004100">
    <ele>254.3</ele>
   </trkpt>
   <trkpt lat="46.2474750" lon="-86.6002550">
    <ele>254.7</ele>
   </trkpt>
   <trkpt lat="46.2473760" lon="-86.6000460">
    <ele>254.7</ele>
   </trkpt>
   <trkpt lat="46.2472010" lon="-86.5997760">
    <ele>254.7</ele>
   </trkpt>
   <trkpt lat="46.2471240" lon="-86.5996930">
    <ele>254.7</ele>
   </trkpt>
   <trkpt lat="46.2470880" lon="-86.5996540">
    <ele>254.6</ele>
   </trkpt>
   <trkpt lat="46.2468010" lon="-86.5993430">
    <ele>254.0</ele>
   </trkpt>
   <trkpt lat="46.2465950" lon="-86.5991210">
    <ele>254.1</ele>
   </trkpt>
   <trkpt lat="46.2461420" lon="-86.5985970">
    <ele>255.9</ele>
   </trkpt>
   <trkpt lat="46.2458920" lon="-86.5981470">
    <ele>257.1</ele>
   </trkpt>
   <trkpt lat="46.2458190" lon="-86.5979670">
    <ele>257.8</ele>
   </trkpt>
   <trkpt lat="46.2458000" lon="-86.5979090">
    <ele>258.1</ele>
   </trkpt>
   <trkpt lat="46.2456690" lon="-86.5970960">
    <ele>257.1</ele>
   </trkpt>
   <trkpt lat="46.2456620" lon="-86.5962860">
    <ele>253.0</ele>
   </trkpt>
   <trkpt lat="46.2456840" lon="-86.5960970">
    <ele>252.5</ele>
   </trkpt>
   <trkpt lat="46.2457340" lon="-86.5958320">
    <ele>252.4</ele>
   </trkpt>
   <trkpt lat="46.2459260" lon="-86.5953040">
    <ele>252.8</ele>
   </trkpt>
   <trkpt lat="46.2461170" lon="-86.5950450">
    <ele>253.2</ele>
   </trkpt>
   <trkpt lat="46.2463440" lon="-86.5948320">
    <ele>254.1</ele>
   </trkpt>
   <trkpt lat="46.2466230" lon="-86.5946650">
    <ele>254.6</ele>
   </trkpt>
   <trkpt lat="46.2467810" lon="-86.5945830">
    <ele>254.6</ele>
   </trkpt>
   <trkpt lat="46.2468310" lon="-86.5945570">
    <ele>254.7</ele>
   </trkpt>
   <trkpt lat="46.2473990" lon="-86.5943320">
    <ele>254.9</ele>
   </trkpt>
   <trkpt lat="46.2477590" lon="-86.5941310">
    <ele>254.8</ele>
   </trkpt>
   <trkpt lat="46.2478480" lon="-86.5940740">
    <ele>255.0</ele>
   </trkpt>
   <trkpt lat="46.2481930" lon="-86.5937870">
    <ele>256.8</ele>
   </trkpt>
   <trkpt lat="46.2485380" lon="-86.5931740">
    <ele>260.9</ele>
   </trkpt>
   <trkpt lat="46.2487840" lon="-86.5924790">
    <ele>261.7</ele>
   </trkpt>
   <trkpt lat="46.2488670" lon="-86.5918100">
    <ele>264.0</ele>
   </trkpt>
   <trkpt lat="46.2488470" lon="-86.5916340">
    <ele>264.2</ele>
   </trkpt>
   <trkpt lat="46.2487990" lon="-86.5912600">
    <ele>264.4</ele>
   </trkpt>
   <trkpt lat="46.2487400" lon="-86.5908410">
    <ele>264.6</ele>
   </trkpt>
   <trkpt lat="46.2486660" lon="-86.5902610">
    <ele>264.4</ele>
   </trkpt>
   <trkpt lat="46.2486460" lon="-86.5901010">
    <ele>264.3</ele>
   </trkpt>
   <trkpt lat="46.2486360" lon="-86.5900200">
    <ele>264.2</ele>
   </trkpt>
   <trkpt lat="46.2485280" lon="-86.5892520">
    <ele>264.1</ele>
   </trkpt>
   <trkpt lat="46.2484810" lon="-86.5890780">
    <ele>264.3</ele>
   </trkpt>
   <trkpt lat="46.2482170" lon="-86.5883660">
    <ele>265.8</ele>
   </trkpt>
   <trkpt lat="46.2478770" lon="-86.5877190">
    <ele>264.0</ele>
   </trkpt>
   <trkpt lat="46.2475200" lon="-86.5870950">
    <ele>261.3</ele>
   </trkpt>
   <trkpt lat="46.2471310" lon="-86.5864580">
    <ele>258.8</ele>
   </trkpt>
   <trkpt lat="46.2468200" lon="-86.5859470">
    <ele>258.7</ele>
   </trkpt>
   <trkpt lat="46.2466290" lon="-86.5856680">
    <ele>258.7</ele>
   </trkpt>
   <trkpt lat="46.2462420" lon="-86.5850000">
    <ele>257.4</ele>
   </trkpt>
   <trkpt lat="46.2459420" lon="-86.5842650">
    <ele>254.5</ele>
   </trkpt>
   <trkpt lat="46.2459090" lon="-86.5841870">
    <ele>254.4</ele>
   </trkpt>
   <trkpt lat="46.2457510" lon="-86.5837950">
    <ele>254.3</ele>
   </trkpt>
   <trkpt lat="46.2456920" lon="-86.5836260">
    <ele>253.8</ele>
   </trkpt>
   <trkpt lat="46.2456580" lon="-86.5835440">
    <ele>253.6</ele>
   </trkpt>
   <trkpt lat="46.2453800" lon="-86.5827990">
    <ele>254.2</ele>
   </trkpt>
   <trkpt lat="46.2451920" lon="-86.5823040">
    <ele>254.5</ele>
   </trkpt>
   <trkpt lat="46.2451210" lon="-86.5821690">
    <ele>254.5</ele>
   </trkpt>
   <trkpt lat="46.2447410" lon="-86.5815720">
    <ele>255.4</ele>
   </trkpt>
   <trkpt lat="46.2443270" lon="-86.5810840">
    <ele>256.8</ele>
   </trkpt>
   <trkpt lat="46.2438980" lon="-86.5805700">
    <ele>255.1</ele>
   </trkpt>
   <trkpt lat="46.2435090" lon="-86.5800230">
    <ele>255.5</ele>
   </trkpt>
   <trkpt lat="46.2431770" lon="-86.5794300">
    <ele>259.7</ele>
   </trkpt>
   <trkpt lat="46.2427460" lon="-86.5789420">
    <ele>258.9</ele>
   </trkpt>
   <trkpt lat="46.2423980" lon="-86.5785840">
    <ele>258.3</ele>
   </trkpt>
   <trkpt lat="46.2419830" lon="-86.5780160">
    <ele>260.9</ele>
   </trkpt>
   <trkpt lat="46.2416970" lon="-86.5772830">
    <ele>260.8</ele>
   </trkpt>
   <trkpt lat="46.2415310" lon="-86.5764670">
    <ele>260.1</ele>
   </trkpt>
   <trkpt lat="46.2415140" lon="-86.5756760">
    <ele>260.0</ele>
   </trkpt>
   <trkpt lat="46.2415100" lon="-86.5748430">
    <ele>259.8</ele>
   </trkpt>
   <trkpt lat="46.2413900" lon="-86.5740530">
    <ele>259.4</ele>
   </trkpt>
   <trkpt lat="46.2412150" lon="-86.5732370">
    <ele>259.3</ele>
   </trkpt>
   <trkpt lat="46.2410300" lon="-86.5724980">
    <ele>259.1</ele>
   </trkpt>
   <trkpt lat="46.2409440" lon="-86.5721360">
    <ele>259.1</ele>
   </trkpt>
   <trkpt lat="46.2409220" lon="-86.5719990">
    <ele>259.0</ele>
   </trkpt>
   <trkpt lat="46.2408800" lon="-86.5711450">
    <ele>258.7</ele>
   </trkpt>
   <trkpt lat="46.2410960" lon="-86.5703880">
    <ele>258.3</ele>
   </trkpt>
   <trkpt lat="46.2412380" lon="-86.5699350">
    <ele>257.9</ele>
   </trkpt>
   <trkpt lat="46.2413600" lon="-86.5691760">
    <ele>255.0</ele>
   </trkpt>
   <trkpt lat="46.2413700" lon="-86.5690850">
    <ele>255.0</ele>
   </trkpt>
   <trkpt lat="46.2414790" lon="-86.5683250">
    <ele>255.2</ele>
   </trkpt>
   <trkpt lat="46.2415880" lon="-86.5679160">
    <ele>255.0</ele>
   </trkpt>
   <trkpt lat="46.2416280" lon="-86.5678130">
    <ele>254.7</ele>
   </trkpt>
   <trkpt lat="46.2418570" lon="-86.5671600">
    <ele>252.0</ele>
   </trkpt>
   <trkpt lat="46.2418870" lon="-86.5669310">
    <ele>251.4</ele>
   </trkpt>
   <trkpt lat="46.2418560" lon="-86.5666720">
    <ele>250.4</ele>
   </trkpt>
   <trkpt lat="46.2417560" lon="-86.5664160">
    <ele>249.9</ele>
   </trkpt>
   <trkpt lat="46.2414470" lon="-86.5657480">
    <ele>249.7</ele>
   </trkpt>
   <trkpt lat="46.2413740" lon="-86.5654730">
    <ele>249.5</ele>
   </trkpt>
   <trkpt lat="46.2414580" lon="-86.5646570">
    <ele>252.2</ele>
   </trkpt>
   <trkpt lat="46.2416480" lon="-86.5638430">
    <ele>253.1</ele>
   </trkpt>
   <trkpt lat="46.2416690" lon="-86.5636660">
    <ele>253.3</ele>
   </trkpt>
   <trkpt lat="46.2416680" lon="-86.5634940">
    <ele>253.5</ele>
   </trkpt>
   <trkpt lat="46.2414860" lon="-86.5626550">
    <ele>254.0</ele>
   </trkpt>
   <trkpt lat="46.2414300" lon="-86.5618530">
    <ele>252.5</ele>
   </trkpt>
   <trkpt lat="46.2415010" lon="-86.5616160">
    <ele>248.9</ele>
   </trkpt>
   <trkpt lat="46.2415970" lon="-86.5614100">
    <ele>248.8</ele>
   </trkpt>
   <trkpt lat="46.2418430" lon="-86.5609680">
    <ele>250.0</ele>
   </trkpt>
   <trkpt lat="46.2418750" lon="-86.5609050">
    <ele>250.1</ele>
   </trkpt>
   <trkpt lat="46.2419070" lon="-86.5608450">
    <ele>250.2</ele>
   </trkpt>
   <trkpt lat="46.2419310" lon="-86.5607760">
    <ele>250.3</ele>
   </trkpt>
   <trkpt lat="46.2419800" lon="-86.5606290">
    <ele>250.5</ele>
   </trkpt>
   <trkpt lat="46.2419930" lon="-86.5605500">
    <ele>250.6</ele>
   </trkpt>
   <trkpt lat="46.2420020" lon="-86.5603810">
    <ele>250.7</ele>
   </trkpt>
   <trkpt lat="46.2419960" lon="-86.5602930">
    <ele>250.6</ele>
   </trkpt>
   <trkpt lat="46.2419550" lon="-86.5601130">
    <ele>250.3</ele>
   </trkpt>
   <trkpt lat="46.2419390" lon="-86.5600650">
    <ele>250.3</ele>
   </trkpt>
   <trkpt lat="46.2419230" lon="-86.5600180">
    <ele>250.2</ele>
   </trkpt>
   <trkpt lat="46.2418410" lon="-86.5598250">
    <ele>248.5</ele>
   </trkpt>
   <trkpt lat="46.2414690" lon="-86.5592470">
    <ele>248.0</ele>
   </trkpt>
   <trkpt lat="46.2414140" lon="-86.5591750">
    <ele>248.0</ele>
   </trkpt>
   <trkpt lat="46.2413600" lon="-86.5591050">
    <ele>248.1</ele>
   </trkpt>
   <trkpt lat="46.2412470" lon="-86.5589520">
    <ele>248.2</ele>
   </trkpt>
   <trkpt lat="46.2411420" lon="-86.5587900">
    <ele>248.5</ele>
   </trkpt>
   <trkpt lat="46.2407560" lon="-86.5582170">
    <ele>248.6</ele>
   </trkpt>
   <trkpt lat="46.2405660" lon="-86.5579440">
    <ele>248.2</ele>
   </trkpt>
   <trkpt lat="46.2403600" lon="-86.5576000">
    <ele>247.9</ele>
   </trkpt>
   <trkpt lat="46.2400060" lon="-86.5569100">
    <ele>249.6</ele>
   </trkpt>
   <trkpt lat="46.2396580" lon="-86.5562770">
    <ele>250.8</ele>
   </trkpt>
   <trkpt lat="46.2394640" lon="-86.5559940">
    <ele>251.2</ele>
   </trkpt>
   <trkpt lat="46.2393930" lon="-86.5558760">
    <ele>251.1</ele>
   </trkpt>
   <trkpt lat="46.2390530" lon="-86.5552260">
    <ele>251.4</ele>
   </trkpt>
   <trkpt lat="46.2387940" lon="-86.5547240">
    <ele>251.8</ele>
   </trkpt>
   <trkpt lat="46.2386350" lon="-86.5545010">
    <ele>251.9</ele>
   </trkpt>
   <trkpt lat="46.2383550" lon="-86.5541470">
    <ele>251.6</ele>
   </trkpt>
   <trkpt lat="46.2380530" lon="-86.5537930">
    <ele>252.4</ele>
   </trkpt>
   <trkpt lat="46.2376000" lon="-86.5533580">
    <ele>253.0</ele>
   </trkpt>
   <trkpt lat="46.2371500" lon="-86.5529160">
    <ele>252.5</ele>
   </trkpt>
   <trkpt lat="46.2368740" lon="-86.5526300">
    <ele>252.1</ele>
   </trkpt>
   <trkpt lat="46.2365970" lon="-86.5523720">
    <ele>253.1</ele>
   </trkpt>
   <trkpt lat="46.2363340" lon="-86.5520910">
    <ele>254.0</ele>
   </trkpt>
   <trkpt lat="46.2360250" lon="-86.5517510">
    <ele>254.4</ele>
   </trkpt>
   <trkpt lat="46.2358710" lon="-86.5515720">
    <ele>254.5</ele>
   </trkpt>
   <trkpt lat="46.2353940" lon="-86.5510670">
    <ele>254.6</ele>
   </trkpt>
   <trkpt lat="46.2348910" lon="-86.5506160">
    <ele>254.3</ele>
   </trkpt>
   <trkpt lat="46.2343750" lon="-86.5502410">
    <ele>254.1</ele>
   </trkpt>
   <trkpt lat="46.2338550" lon="-86.5500010">
    <ele>254.4</ele>
   </trkpt>
   <trkpt lat="46.2333400" lon="-86.5497530">
    <ele>254.6</ele>
   </trkpt>
   <trkpt lat="46.2330190" lon="-86.5496230">
    <ele>254.6</ele>
   </trkpt>
   <trkpt lat="46.2326460" lon="-86.5494790">
    <ele>254.4</ele>
   </trkpt>
   <trkpt lat="46.2323870" lon="-86.5493550">
    <ele>254.0</ele>
   </trkpt>
   <trkpt lat="46.2322420" lon="-86.5492510">
    <ele>253.9</ele>
   </trkpt>
   <trkpt lat="46.2318170" lon="-86.5487710">
    <ele>253.7</ele>
   </trkpt>
   <trkpt lat="46.2315910" lon="-86.5484220">
    <ele>254.2</ele>
   </trkpt>
   <trkpt lat="46.2313740" lon="-86.5480560">
    <ele>254.8</ele>
   </trkpt>
   <trkpt lat="46.2310080" lon="-86.5474500">
    <ele>255.8</ele>
   </trkpt>
   <trkpt lat="46.2307330" lon="-86.5469680">
    <ele>256.0</ele>
   </trkpt>
   <trkpt lat="46.2303740" lon="-86.5463310">
    <ele>254.9</ele>
   </trkpt>
   <trkpt lat="46.2302600" lon="-86.5461110">
    <ele>254.8</ele>
   </trkpt>
   <trkpt lat="46.2301330" lon="-86.5458980">
    <ele>254.7</ele>
   </trkpt>
   <trkpt lat="46.2298880" lon="-86.5455330">
    <ele>254.8</ele>
   </trkpt>
   <trkpt lat="46.2298460" lon="-86.5454660">
    <ele>254.8</ele>
   </trkpt>
   <trkpt lat="46.2295890" lon="-86.5450110">
    <ele>254.5</ele>
   </trkpt>
   <trkpt lat="46.2292300" lon="-86.5443640">
    <ele>254.5</ele>
   </trkpt>
   <trkpt lat="46.2290750" lon="-86.5441080">
    <ele>254.6</ele>
   </trkpt>
   <trkpt lat="46.2287040" lon="-86.5434640">
    <ele>254.7</ele>
   </trkpt>
   <trkpt lat="46.2284370" lon="-86.5429870">
    <ele>254.6</ele>
   </trkpt>
   <trkpt lat="46.2281620" lon="-86.5423350">
    <ele>254.5</ele>
   </trkpt>
   <trkpt lat="46.2280960" lon="-86.5421260">
    <ele>254.4</ele>
   </trkpt>
   <trkpt lat="46.2280740" lon="-86.5420520">
    <ele>254.5</ele>
   </trkpt>
   <trkpt lat="46.2280500" lon="-86.5419830">
    <ele>254.5</ele>
   </trkpt>
   <trkpt lat="46.2280250" lon="-86.5419150">
    <ele>254.5</ele>
   </trkpt>
   <trkpt lat="46.2278650" lon="-86.5413840">
    <ele>254.7</ele>
   </trkpt>
   <trkpt lat="46.2276740" lon="-86.5406480">
    <ele>254.3</ele>
   </trkpt>
   <trkpt lat="46.2275980" lon="-86.5404310">
    <ele>254.4</ele>
   </trkpt>
   <trkpt lat="46.2275070" lon="-86.5402000">
    <ele>254.2</ele>
   </trkpt>
   <trkpt lat="46.2274390" lon="-86.5400400">
    <ele>253.2</ele>
   </trkpt>
   <trkpt lat="46.2272390" lon="-86.5396660">
    <ele>251.6</ele>
   </trkpt>
   <trkpt lat="46.2268930" lon="-86.5389830">
    <ele>253.7</ele>
   </trkpt>
   <trkpt lat="46.2268110" lon="-86.5388600">
    <ele>254.1</ele>
   </trkpt>
   <trkpt lat="46.2267340" lon="-86.5387460">
    <ele>254.5</ele>
   </trkpt>
   <trkpt lat="46.2266590" lon="-86.5386410">
    <ele>254.7</ele>
   </trkpt>
   <trkpt lat="46.2265860" lon="-86.5385360">
    <ele>254.9</ele>
   </trkpt>
   <trkpt lat="46.2265500" lon="-86.5384860">
    <ele>255.0</ele>
   </trkpt>
   <trkpt lat="46.2261090" lon="-86.5379630">
    <ele>256.6</ele>
   </trkpt>
   <trkpt lat="46.2257150" lon="-86.5375870">
    <ele>257.2</ele>
   </trkpt>
   <trkpt lat="46.2256530" lon="-86.5375500">
    <ele>257.3</ele>
   </trkpt>
   <trkpt lat="46.2255480" lon="-86.5374680">
    <ele>257.4</ele>
   </trkpt>
   <trkpt lat="46.2254440" lon="-86.5373800">
    <ele>257.4</ele>
   </trkpt>
   <trkpt lat="46.2249800" lon="-86.5370290">
    <ele>257.3</ele>
   </trkpt>
   <trkpt lat="46.2249270" lon="-86.5369900">
    <ele>257.3</ele>
   </trkpt>
   <trkpt lat="46.2248790" lon="-86.5369540">
    <ele>257.2</ele>
   </trkpt>
   <trkpt lat="46.2248280" lon="-86.5369110">
    <ele>257.2</ele>
   </trkpt>
   <trkpt lat="46.2247190" lon="-86.5368290">
    <ele>257.2</ele>
   </trkpt>
   <trkpt lat="46.2245580" lon="-86.5367010">
    <ele>257.2</ele>
   </trkpt>
   <trkpt lat="46.2243990" lon="-86.5365700">
    <ele>257.2</ele>
   </trkpt>
   <trkpt lat="46.2242960" lon="-86.5364920">
    <ele>257.3</ele>
   </trkpt>
   <trkpt lat="46.2237930" lon="-86.5360220">
    <ele>257.1</ele>
   </trkpt>
   <trkpt lat="46.2233160" lon="-86.5356360">
    <ele>256.9</ele>
   </trkpt>
   <trkpt lat="46.2230000" lon="-86.5353690">
    <ele>257.0</ele>
   </trkpt>
   <trkpt lat="46.2226240" lon="-86.5350570">
    <ele>256.7</ele>
   </trkpt>
   <trkpt lat="46.2223910" lon="-86.5348810">
    <ele>256.5</ele>
   </trkpt>
   <trkpt lat="46.2218950" lon="-86.5344730">
    <ele>256.3</ele>
   </trkpt>
   <trkpt lat="46.2214450" lon="-86.5339640">
    <ele>255.9</ele>
   </trkpt>
   <trkpt lat="46.2211860" lon="-86.5335820">
    <ele>255.6</ele>
   </trkpt>
   <trkpt lat="46.2211040" lon="-86.5334530">
    <ele>255.4</ele>
   </trkpt>
   <trkpt lat="46.2207630" lon="-86.5328690">
    <ele>254.9</ele>
   </trkpt>
   <trkpt lat="46.2205120" lon="-86.5325340">
    <ele>254.6</ele>
   </trkpt>
   <trkpt lat="46.2200400" lon="-86.5321120">
    <ele>254.2</ele>
   </trkpt>
   <trkpt lat="46.2199810" lon="-86.5320650">
    <ele>254.1</ele>
   </trkpt>
   <trkpt lat="46.2196740" lon="-86.5318750">
    <ele>253.5</ele>
   </trkpt>
   <trkpt lat="46.2194540" lon="-86.5317250">
    <ele>253.2</ele>
   </trkpt>
   <trkpt lat="46.2189650" lon="-86.5313860">
    <ele>252.6</ele>
   </trkpt>
   <trkpt lat="46.2184180" lon="-86.5310410">
    <ele>252.0</ele>
   </trkpt>
   <trkpt lat="46.2180470" lon="-86.5308170">
    <ele>251.8</ele>
   </trkpt>
   <trkpt lat="46.2179850" lon="-86.5307850">
    <ele>251.8</ele>
   </trkpt>
   <trkpt lat="46.2174780" lon="-86.5304830">
    <ele>251.8</ele>
   </trkpt>
   <trkpt lat="46.2169170" lon="-86.5301550">
    <ele>251.8</ele>
   </trkpt>
   <trkpt lat="46.2163750" lon="-86.5298200">
    <ele>250.5</ele>
   </trkpt>
   <trkpt lat="46.2158810" lon="-86.5295450">
    <ele>248.8</ele>
   </trkpt>
   <trkpt lat="46.2153680" lon="-86.5292410">
    <ele>248.8</ele>
   </trkpt>
   <trkpt lat="46.2148900" lon="-86.5287600">
    <ele>248.9</ele>
   </trkpt>
   <trkpt lat="46.2145300" lon="-86.5281160">
    <ele>248.7</ele>
   </trkpt>
   <trkpt lat="46.2142970" lon="-86.5276500">
    <ele>248.6</ele>
   </trkpt>
   <trkpt lat="46.2140340" lon="-86.5271850">
    <ele>248.6</ele>
   </trkpt>
   <trkpt lat="46.2137410" lon="-86.5266490">
    <ele>248.7</ele>
   </trkpt>
   <trkpt lat="46.2133950" lon="-86.5260150">
    <ele>249.0</ele>
   </trkpt>
   <trkpt lat="46.2130740" lon="-86.5253400">
    <ele>248.8</ele>
   </trkpt>
   <trkpt lat="46.2127460" lon="-86.5247190">
    <ele>248.9</ele>
   </trkpt>
   <trkpt lat="46.2126040" lon="-86.5244260">
    <ele>248.9</ele>
   </trkpt>
   <trkpt lat="46.2123840" lon="-86.5239800">
    <ele>248.8</ele>
   </trkpt>
   <trkpt lat="46.2120370" lon="-86.5233420">
    <ele>248.9</ele>
   </trkpt>
   <trkpt lat="46.2116630" lon="-86.5227770">
    <ele>248.6</ele>
   </trkpt>
   <trkpt lat="46.2112120" lon="-86.5223350">
    <ele>248.3</ele>
   </trkpt>
   <trkpt lat="46.2107500" lon="-86.5219070">
    <ele>247.9</ele>
   </trkpt>
   <trkpt lat="46.2102890" lon="-86.5214980">
    <ele>247.7</ele>
   </trkpt>
   <trkpt lat="46.2097810" lon="-86.5210930">
    <ele>247.3</ele>
   </trkpt>
   <trkpt lat="46.2092950" lon="-86.5207150">
    <ele>246.9</ele>
   </trkpt>
   <trkpt lat="46.2088590" lon="-86.5203610">
    <ele>246.9</ele>
   </trkpt>
   <trkpt lat="46.2084230" lon="-86.5198880">
    <ele>246.6</ele>
   </trkpt>
   <trkpt lat="46.2080860" lon="-86.5194310">
    <ele>246.1</ele>
   </trkpt>
   <trkpt lat="46.2079980" lon="-86.5192750">
    <ele>246.0</ele>
   </trkpt>
   <trkpt lat="46.2076820" lon="-86.5186340">
    <ele>245.4</ele>
   </trkpt>
   <trkpt lat="46.2072650" lon="-86.5179780">
    <ele>241.8</ele>
   </trkpt>
   <trkpt lat="46.2070540" lon="-86.5177540">
    <ele>240.5</ele>
   </trkpt>
   <trkpt lat="46.2066300" lon="-86.5171620">
    <ele>238.5</ele>
   </trkpt>
   <trkpt lat="46.2062380" lon="-86.5164740">
    <ele>238.5</ele>
   </trkpt>
   <trkpt lat="46.2058380" lon="-86.5159310">
    <ele>239.1</ele>
   </trkpt>
   <trkpt lat="46.2055430" lon="-86.5155360">
    <ele>241.3</ele>
   </trkpt>
   <trkpt lat="46.2053620" lon="-86.5152720">
    <ele>242.5</ele>
   </trkpt>
   <trkpt lat="46.2049020" lon="-86.5147280">
    <ele>244.7</ele>
   </trkpt>
   <trkpt lat="46.2046170" lon="-86.5144170">
    <ele>244.8</ele>
   </trkpt>
   <trkpt lat="46.2044890" lon="-86.5142550">
    <ele>244.8</ele>
   </trkpt>
   <trkpt lat="46.2044490" lon="-86.5142110">
    <ele>244.8</ele>
   </trkpt>
   <trkpt lat="46.2043210" lon="-86.5140840">
    <ele>244.7</ele>
   </trkpt>
   <trkpt lat="46.2042690" lon="-86.5140280">
    <ele>244.7</ele>
   </trkpt>
   <trkpt lat="46.2037870" lon="-86.5136040">
    <ele>244.6</ele>
   </trkpt>
   <trkpt lat="46.2033130" lon="-86.5131970">
    <ele>244.6</ele>
   </trkpt>
   <trkpt lat="46.2029400" lon="-86.5128640">
    <ele>244.6</ele>
   </trkpt>
   <trkpt lat="46.2024170" lon="-86.5124560">
    <ele>244.6</ele>
   </trkpt>
   <trkpt lat="46.2019260" lon="-86.5120900">
    <ele>244.7</ele>
   </trkpt>
   <trkpt lat="46.2014280" lon="-86.5116480">
    <ele>244.5</ele>
   </trkpt>
   <trkpt lat="46.2012440" lon="-86.5115040">
    <ele>244.3</ele>
   </trkpt>
   <trkpt lat="46.2007580" lon="-86.5111210">
    <ele>244.6</ele>
   </trkpt>
   <trkpt lat="46.2005890" lon="-86.5109650">
    <ele>244.8</ele>
   </trkpt>
   <trkpt lat="46.2000660" lon="-86.5105200">
    <ele>245.4</ele>
   </trkpt>
   <trkpt lat="46.1995350" lon="-86.5100960">
    <ele>243.1</ele>
   </trkpt>
   <trkpt lat="46.1990270" lon="-86.5097060">
    <ele>242.1</ele>
   </trkpt>
   <trkpt lat="46.1988430" lon="-86.5095690">
    <ele>241.9</ele>
   </trkpt>
   <trkpt lat="46.1987200" lon="-86.5094700">
    <ele>241.8</ele>
   </trkpt>
   <trkpt lat="46.1982760" lon="-86.5090010">
    <ele>241.7</ele>
   </trkpt>
   <trkpt lat="46.1978580" lon="-86.5084450">
    <ele>241.2</ele>
   </trkpt>
   <trkpt lat="46.1978060" lon="-86.5083760">
    <ele>241.2</ele>
   </trkpt>
   <trkpt lat="46.1973870" lon="-86.5077810">
    <ele>240.5</ele>
   </trkpt>
   <trkpt lat="46.1969670" lon="-86.5072160">
    <ele>239.6</ele>
   </trkpt>
   <trkpt lat="46.1967490" lon="-86.5069460">
    <ele>239.1</ele>
   </trkpt>
   <trkpt lat="46.1963230" lon="-86.5064150">
    <ele>239.0</ele>
   </trkpt>
   <trkpt lat="46.1959230" lon="-86.5058310">
    <ele>239.3</ele>
   </trkpt>
   <trkpt lat="46.1958370" lon="-86.5056960">
    <ele>239.8</ele>
   </trkpt>
   <trkpt lat="46.1954950" lon="-86.5050240">
    <ele>242.4</ele>
   </trkpt>
   <trkpt lat="46.1953160" lon="-86.5047170">
    <ele>242.8</ele>
   </trkpt>
   <trkpt lat="46.1949600" lon="-86.5040770">
    <ele>243.3</ele>
   </trkpt>
   <trkpt lat="46.1946610" lon="-86.5033520">
    <ele>244.0</ele>
   </trkpt>
   <trkpt lat="46.1945920" lon="-86.5025800">
    <ele>243.9</ele>
   </trkpt>
   <trkpt lat="46.1945900" lon="-86.5020930">
    <ele>243.1</ele>
   </trkpt>
   <trkpt lat="46.1945880" lon="-86.5012550">
    <ele>242.9</ele>
   </trkpt>
   <trkpt lat="46.1945940" lon="-86.5004010">
    <ele>244.3</ele>
   </trkpt>
   <trkpt lat="46.1946420" lon="-86.4995570">
    <ele>244.9</ele>
   </trkpt>
   <trkpt lat="46.1946400" lon="-86.4994520">
    <ele>244.7</ele>
   </trkpt>
   <trkpt lat="46.1946500" lon="-86.4985740">
    <ele>241.7</ele>
   </trkpt>
   <trkpt lat="46.1946150" lon="-86.4977010">
    <ele>242.3</ele>
   </trkpt>
   <trkpt lat="46.1945860" lon="-86.4968620">
    <ele>246.3</ele>
   </trkpt>
   <trkpt lat="46.1945530" lon="-86.4960830">
    <ele>245.1</ele>
   </trkpt>
   <trkpt lat="46.1945340" lon="-86.4952850">
    <ele>243.8</ele>
   </trkpt>
   <trkpt lat="46.1945050" lon="-86.4944730">
    <ele>245.7</ele>
   </trkpt>
   <trkpt lat="46.1945250" lon="-86.4938860">
    <ele>247.1</ele>
   </trkpt>
   <trkpt lat="46.1945300" lon="-86.4931760">
    <ele>245.4</ele>
   </trkpt>
   <trkpt lat="46.1944620" lon="-86.4923620">
    <ele>249.9</ele>
   </trkpt>
   <trkpt lat="46.1941470" lon="-86.4916970">
    <ele>248.7</ele>
   </trkpt>
   <trkpt lat="46.1937240" lon="-86.4911080">
    <ele>245.7</ele>
   </trkpt>
   <trkpt lat="46.1934420" lon="-86.4908100">
    <ele>244.0</ele>
   </trkpt>
   <trkpt lat="46.1929390" lon="-86.4903420">
    <ele>244.8</ele>
   </trkpt>
   <trkpt lat="46.1926970" lon="-86.4901140">
    <ele>245.7</ele>
   </trkpt>
   <trkpt lat="46.1925670" lon="-86.4900400">
    <ele>246.4</ele>
   </trkpt>
   <trkpt lat="46.1920170" lon="-86.4899180">
    <ele>245.0</ele>
   </trkpt>
   <trkpt lat="46.1914310" lon="-86.4897080">
    <ele>246.9</ele>
   </trkpt>
   <trkpt lat="46.1909530" lon="-86.4892700">
    <ele>245.5</ele>
   </trkpt>
   <trkpt lat="46.1905950" lon="-86.4889200">
    <ele>244.6</ele>
   </trkpt>
   <trkpt lat="46.1901700" lon="-86.4885840">
    <ele>244.8</ele>
   </trkpt>
   <trkpt lat="46.1900990" lon="-86.4885400">
    <ele>244.5</ele>
   </trkpt>
   <trkpt lat="46.1896050" lon="-86.4882470">
    <ele>239.8</ele>
   </trkpt>
   <trkpt lat="46.1891400" lon="-86.4879840">
    <ele>237.0</ele>
   </trkpt>
   <trkpt lat="46.1889540" lon="-86.4878690">
    <ele>235.4</ele>
   </trkpt>
   <trkpt lat="46.1887740" lon="-86.4877530">
    <ele>235.0</ele>
   </trkpt>
   <trkpt lat="46.1881920" lon="-86.4873960">
    <ele>231.0</ele>
   </trkpt>
   <trkpt lat="46.1876910" lon="-86.4869730">
    <ele>230.5</ele>
   </trkpt>
   <trkpt lat="46.1872740" lon="-86.4864140">
    <ele>228.7</ele>
   </trkpt>
   <trkpt lat="46.1869080" lon="-86.4859310">
    <ele>227.0</ele>
   </trkpt>
   <trkpt lat="46.1866460" lon="-86.4856350">
    <ele>226.0</ele>
   </trkpt>
   <trkpt lat="46.1865440" lon="-86.4856070">
    <ele>225.8</ele>
   </trkpt>
   <trkpt lat="46.1865220" lon="-86.4856380">
    <ele>225.9</ele>
   </trkpt>
   <trkpt lat="46.1865030" lon="-86.4857400">
    <ele>225.9</ele>
   </trkpt>
   <trkpt lat="46.1865090" lon="-86.4859580">
    <ele>226.1</ele>
   </trkpt>
   <trkpt lat="46.1865050" lon="-86.4860350">
    <ele>226.1</ele>
   </trkpt>
   <trkpt lat="46.1865050" lon="-86.4860350">
    <ele>226.1</ele>
   </trkpt>
   <trkpt lat="46.1865050" lon="-86.4860350">
    <ele>226.1</ele>
   </trkpt>
   <trkpt lat="46.1865050" lon="-86.4860350">
    <ele>226.1</ele>
   </trkpt>
   <trkpt lat="46.1865050" lon="-86.4860350">
    <ele>226.1</ele>
   </trkpt>
   <trkpt lat="46.1865050" lon="-86.4860350">
    <ele>226.1</ele>
   </trkpt>
   <trkpt lat="46.1865050" lon="-86.4860350">
    <ele>226.1</ele>
   </trkpt>
   <trkpt lat="46.1865050" lon="-86.4860350">
    <ele>226.1</ele>
   </trkpt>
   <trkpt lat="46.1865050" lon="-86.4860350">
    <ele>226.1</ele>
   </trkpt>
   <trkpt lat="46.1865020" lon="-86.4860260">
    <ele>226.1</ele>
   </trkpt>
   <trkpt lat="46.1865020" lon="-86.4860260">
    <ele>226.1</ele>
   </trkpt>
   <trkpt lat="46.1865020" lon="-86.4860260">
    <ele>226.1</ele>
   </trkpt>
   <trkpt lat="46.1865020" lon="-86.4860260">
    <ele>226.1</ele>
   </trkpt>
   <trkpt lat="46.1865020" lon="-86.4860260">
    <ele>226.1</ele>
   </trkpt>
   <trkpt lat="46.1865020" lon="-86.4860260">
    <ele>226.1</ele>
   </trkpt>
   <trkpt lat="46.1865020" lon="-86.4860260">
    <ele>226.1</ele>
   </trkpt>
   <trkpt lat="46.1865020" lon="-86.4860260">
    <ele>226.1</ele>
   </trkpt>
   <trkpt lat="46.1865020" lon="-86.4860260">
    <ele>226.1</ele>
   </trkpt>
   <trkpt lat="46.1864700" lon="-86.4861870">
    <ele>226.2</ele>
   </trkpt>
   <trkpt lat="46.1862190" lon="-86.4869510">
    <ele>226.1</ele>
   </trkpt>
   <trkpt lat="46.1860220" lon="-86.4876910">
    <ele>225.8</ele>
   </trkpt>
   <trkpt lat="46.1859500" lon="-86.4881220">
    <ele>225.8</ele>
   </trkpt>
   <trkpt lat="46.1858670" lon="-86.4888540">
    <ele>226.2</ele>
   </trkpt>
   <trkpt lat="46.1858390" lon="-86.4892640">
    <ele>226.4</ele>
   </trkpt>
   <trkpt lat="46.1859210" lon="-86.4900660">
    <ele>227.7</ele>
   </trkpt>
   <trkpt lat="46.1859540" lon="-86.4908650">
    <ele>234.2</ele>
   </trkpt>
   <trkpt lat="46.1859560" lon="-86.4916690">
    <ele>233.5</ele>
   </trkpt>
   <trkpt lat="46.1857980" lon="-86.4924330">
    <ele>231.7</ele>
   </trkpt>
   <trkpt lat="46.1856100" lon="-86.4932210">
    <ele>231.3</ele>
   </trkpt>
   <trkpt lat="46.1855050" lon="-86.4940080">
    <ele>229.4</ele>
   </trkpt>
   <trkpt lat="46.1854870" lon="-86.4948800">
    <ele>228.1</ele>
   </trkpt>
   <trkpt lat="46.1855030" lon="-86.4956800">
    <ele>228.7</ele>
   </trkpt>
   <trkpt lat="46.1854870" lon="-86.4958480">
    <ele>228.8</ele>
   </trkpt>
   <trkpt lat="46.1854110" lon="-86.4960940">
    <ele>228.8</ele>
   </trkpt>
   <trkpt lat="46.1853800" lon="-86.4961700">
    <ele>228.9</ele>
   </trkpt>
   <trkpt lat="46.1852960" lon="-86.4964800">
    <ele>229.9</ele>
   </trkpt>
   <trkpt lat="46.1852550" lon="-86.4967370">
    <ele>229.8</ele>
   </trkpt>
   <trkpt lat="46.1852560" lon="-86.4969040">
    <ele>230.0</ele>
   </trkpt>
   <trkpt lat="46.1852540" lon="-86.4969930">
    <ele>230.0</ele>
   </trkpt>
   <trkpt lat="46.1852540" lon="-86.4970830">
    <ele>230.1</ele>
   </trkpt>
   <trkpt lat="46.1852760" lon="-86.4972420">
    <ele>230.4</ele>
   </trkpt>
   <trkpt lat="46.1852760" lon="-86.4972420">
    <ele>230.4</ele>
   </trkpt>
   <trkpt lat="46.1852980" lon="-86.4975100">
    <ele>229.2</ele>
   </trkpt>
   <trkpt lat="46.1853030" lon="-86.4976070">
    <ele>229.0</ele>
   </trkpt>
   <trkpt lat="46.1853100" lon="-86.4977000">
    <ele>229.0</ele>
   </trkpt>
   <trkpt lat="46.1853190" lon="-86.4977880">
    <ele>229.7</ele>
   </trkpt>
   <trkpt lat="46.1853260" lon="-86.4978730">
    <ele>230.4</ele>
   </trkpt>
   <trkpt lat="46.1853360" lon="-86.4979700">
    <ele>231.2</ele>
   </trkpt>
   <trkpt lat="46.1853460" lon="-86.4980630">
    <ele>231.7</ele>
   </trkpt>
   <trkpt lat="46.1853720" lon="-86.4983440">
    <ele>234.4</ele>
   </trkpt>
   <trkpt lat="46.1853700" lon="-86.4985180">
    <ele>235.2</ele>
   </trkpt>
   <trkpt lat="46.1853730" lon="-86.4986430">
    <ele>235.8</ele>
   </trkpt>
   <trkpt lat="46.1853690" lon="-86.4987080">
    <ele>236.0</ele>
   </trkpt>
   <trkpt lat="46.1853300" lon="-86.4991460">
    <ele>236.0</ele>
   </trkpt>
   <trkpt lat="46.1853200" lon="-86.4993020">
    <ele>236.3</ele>
   </trkpt>
   <trkpt lat="46.1853120" lon="-86.4993860">
    <ele>236.4</ele>
   </trkpt>
   <trkpt lat="46.1853040" lon="-86.4994700">
    <ele>236.7</ele>
   </trkpt>
   <trkpt lat="46.1852970" lon="-86.4995510">
    <ele>237.0</ele>
   </trkpt>
   <trkpt lat="46.1852890" lon="-86.4997760">
    <ele>237.5</ele>
   </trkpt>
   <trkpt lat="46.1852880" lon="-86.4998460">
    <ele>237.8</ele>
   </trkpt>
   <trkpt lat="46.1852770" lon="-86.5000310">
    <ele>239.0</ele>
   </trkpt>
   <trkpt lat="46.1852680" lon="-86.5001550">
    <ele>239.7</ele>
   </trkpt>
   <trkpt lat="46.1852690" lon="-86.5002850">
    <ele>240.6</ele>
   </trkpt>
   <trkpt lat="46.1852610" lon="-86.5003980">
    <ele>241.0</ele>
   </trkpt>
   <trkpt lat="46.1852560" lon="-86.5005090">
    <ele>240.2</ele>
   </trkpt>
   <trkpt lat="46.1852620" lon="-86.5005720">
    <ele>239.5</ele>
   </trkpt>
   <trkpt lat="46.1853190" lon="-86.5008640">
    <ele>238.0</ele>
   </trkpt>
   <trkpt lat="46.1853440" lon="-86.5009280">
    <ele>238.0</ele>
   </trkpt>
   <trkpt lat="46.1854150" lon="-86.5010470">
    <ele>238.4</ele>
   </trkpt>
   <trkpt lat="46.1855700" lon="-86.5012880">
    <ele>240.6</ele>
   </trkpt>
   <trkpt lat="46.1856870" lon="-86.5014920">
    <ele>241.3</ele>
   </trkpt>
   <trkpt lat="46.1857210" lon="-86.5016310">
    <ele>241.5</ele>
   </trkpt>
   <trkpt lat="46.1857950" lon="-86.5024630">
    <ele>242.3</ele>
   </trkpt>
   <trkpt lat="46.1858190" lon="-86.5029670">
    <ele>241.8</ele>
   </trkpt>
   <trkpt lat="46.1858420" lon="-86.5037480">
    <ele>241.1</ele>
   </trkpt>
   <trkpt lat="46.1858670" lon="-86.5042740">
    <ele>241.4</ele>
   </trkpt>
   <trkpt lat="46.1858960" lon="-86.5046380">
    <ele>241.5</ele>
   </trkpt>
   <trkpt lat="46.1859160" lon="-86.5047900">
    <ele>241.2</ele>
   </trkpt>
   <trkpt lat="46.1859650" lon="-86.5049320">
    <ele>240.1</ele>
   </trkpt>
   <trkpt lat="46.1862560" lon="-86.5056610">
    <ele>237.4</ele>
   </trkpt>
   <trkpt lat="46.1864890" lon="-86.5062630">
    <ele>238.7</ele>
   </trkpt>
   <trkpt lat="46.1867800" lon="-86.5069250">
    <ele>237.8</ele>
   </trkpt>
   <trkpt lat="46.1871310" lon="-86.5075410">
    <ele>236.4</ele>
   </trkpt>
   <trkpt lat="46.1874290" lon="-86.5081650">
    <ele>238.9</ele>
   </trkpt>
   <trkpt lat="46.1879170" lon="-86.5085370">
    <ele>241.6</ele>
   </trkpt>
   <trkpt lat="46.1880150" lon="-86.5086040">
    <ele>241.9</ele>
   </trkpt>
   <trkpt lat="46.1885190" lon="-86.5089160">
    <ele>241.7</ele>
   </trkpt>
   <trkpt lat="46.1886250" lon="-86.5089900">
    <ele>241.2</ele>
   </trkpt>
   <trkpt lat="46.1891390" lon="-86.5093020">
    <ele>240.9</ele>
   </trkpt>
   <trkpt lat="46.1894250" lon="-86.5094960">
    <ele>240.7</ele>
   </trkpt>
   <trkpt lat="46.1897110" lon="-86.5099520">
    <ele>238.4</ele>
   </trkpt>
   <trkpt lat="46.1900630" lon="-86.5106810">
    <ele>234.0</ele>
   </trkpt>
   <trkpt lat="46.1901590" lon="-86.5109090">
    <ele>233.8</ele>
   </trkpt>
   <trkpt lat="46.1903470" lon="-86.5113620">
    <ele>233.9</ele>
   </trkpt>
   <trkpt lat="46.1904950" lon="-86.5121650">
    <ele>233.5</ele>
   </trkpt>
   <trkpt lat="46.1905250" lon="-86.5123910">
    <ele>233.8</ele>
   </trkpt>
   <trkpt lat="46.1906010" lon="-86.5132530">
    <ele>233.0</ele>
   </trkpt>
   <trkpt lat="46.1906170" lon="-86.5134580">
    <ele>232.7</ele>
   </trkpt>
   <trkpt lat="46.1907630" lon="-86.5141030">
    <ele>229.8</ele>
   </trkpt>
   <trkpt lat="46.1908450" lon="-86.5143100">
    <ele>230.5</ele>
   </trkpt>
   <trkpt lat="46.1908910" lon="-86.5144070">
    <ele>230.0</ele>
   </trkpt>
   <trkpt lat="46.1910320" lon="-86.5146630">
    <ele>229.5</ele>
   </trkpt>
   <trkpt lat="46.1911390" lon="-86.5147980">
    <ele>230.0</ele>
   </trkpt>
   <trkpt lat="46.1911390" lon="-86.5147980">
    <ele>230.0</ele>
   </trkpt>
   <trkpt lat="46.1913710" lon="-86.5151110">
    <ele>229.8</ele>
   </trkpt>
   <trkpt lat="46.1914580" lon="-86.5152260">
    <ele>228.4</ele>
   </trkpt>
   <trkpt lat="46.1914580" lon="-86.5152260">
    <ele>228.4</ele>
   </trkpt>
   <trkpt lat="46.1916180" lon="-86.5154530">
    <ele>229.7</ele>
   </trkpt>
   <trkpt lat="46.1916530" lon="-86.5155040">
    <ele>229.7</ele>
   </trkpt>
   <trkpt lat="46.1917160" lon="-86.5156200">
    <ele>229.7</ele>
   </trkpt>
   <trkpt lat="46.1918720" lon="-86.5158800">
    <ele>230.2</ele>
   </trkpt>
   <trkpt lat="46.1921070" lon="-86.5162460">
    <ele>230.4</ele>
   </trkpt>
   <trkpt lat="46.1925040" lon="-86.5168180">
    <ele>230.3</ele>
   </trkpt>
   <trkpt lat="46.1929840" lon="-86.5173190">
    <ele>230.4</ele>
   </trkpt>
   <trkpt lat="46.1934470" lon="-86.5177110">
    <ele>230.5</ele>
   </trkpt>
   <trkpt lat="46.1935220" lon="-86.5178160">
    <ele>230.6</ele>
   </trkpt>
   <trkpt lat="46.1935420" lon="-86.5178390">
    <ele>230.6</ele>
   </trkpt>
   <trkpt lat="46.1935610" lon="-86.5178630">
    <ele>230.6</ele>
   </trkpt>
   <trkpt lat="46.1936470" lon="-86.5179550">
    <ele>230.6</ele>
   </trkpt>
   <trkpt lat="46.1936970" lon="-86.5180000">
    <ele>230.6</ele>
   </trkpt>
   <trkpt lat="46.1937980" lon="-86.5180860">
    <ele>230.7</ele>
   </trkpt>
   <trkpt lat="46.1937980" lon="-86.5180860">
    <ele>230.7</ele>
   </trkpt>
   <trkpt lat="46.1938810" lon="-86.5181720">
    <ele>230.7</ele>
   </trkpt>
   <trkpt lat="46.1942610" lon="-86.5185580">
    <ele>230.8</ele>
   </trkpt>
   <trkpt lat="46.1944240" lon="-86.5186950">
    <ele>230.8</ele>
   </trkpt>
   <trkpt lat="46.1944780" lon="-86.5187420">
    <ele>230.8</ele>
   </trkpt>
   <trkpt lat="46.1945240" lon="-86.5187910">
    <ele>230.8</ele>
   </trkpt>
   <trkpt lat="46.1945770" lon="-86.5188330">
    <ele>230.8</ele>
   </trkpt>
   <trkpt lat="46.1946230" lon="-86.5188760">
    <ele>230.8</ele>
   </trkpt>
   <trkpt lat="46.1947770" lon="-86.5189140">
    <ele>230.7</ele>
   </trkpt>
   <trkpt lat="46.1952510" lon="-86.5192830">
    <ele>230.7</ele>
   </trkpt>
   <trkpt lat="46.1954000" lon="-86.5194880">
    <ele>230.8</ele>
   </trkpt>
   <trkpt lat="46.1955920" lon="-86.5198340">
    <ele>230.9</ele>
   </trkpt>
   <trkpt lat="46.1959250" lon="-86.5205350">
    <ele>230.3</ele>
   </trkpt>
   <trkpt lat="46.1961210" lon="-86.5210180">
    <ele>229.6</ele>
   </trkpt>
   <trkpt lat="46.1963260" lon="-86.5214250">
    <ele>229.6</ele>
   </trkpt>
   <trkpt lat="46.1965030" lon="-86.5217580">
    <ele>229.7</ele>
   </trkpt>
   <trkpt lat="46.1965660" lon="-86.5218970">
    <ele>229.7</ele>
   </trkpt>
   <trkpt lat="46.1966920" lon="-86.5221800">
    <ele>229.7</ele>
   </trkpt>
   <trkpt lat="46.1967950" lon="-86.5223890">
    <ele>229.8</ele>
   </trkpt>
   <trkpt lat="46.1968570" lon="-86.5225280">
    <ele>229.9</ele>
   </trkpt>
   <trkpt lat="46.1969840" lon="-86.5228060">
    <ele>230.0</ele>
   </trkpt>
   <trkpt lat="46.1970580" lon="-86.5229530">
    <ele>230.0</ele>
   </trkpt>
   <trkpt lat="46.1971830" lon="-86.5232030">
    <ele>230.1</ele>
   </trkpt>
   <trkpt lat="46.1972550" lon="-86.5233690">
    <ele>230.2</ele>
   </trkpt>
   <trkpt lat="46.1973320" lon="-86.5236320">
    <ele>230.2</ele>
   </trkpt>
   <trkpt lat="46.1973570" lon="-86.5238880">
    <ele>230.0</ele>
   </trkpt>
   <trkpt lat="46.1973510" lon="-86.5239650">
    <ele>229.9</ele>
   </trkpt>
   <trkpt lat="46.1973370" lon="-86.5240400">
    <ele>229.8</ele>
   </trkpt>
   <trkpt lat="46.1971900" lon="-86.5247870">
    <ele>229.1</ele>
   </trkpt>
   <trkpt lat="46.1971010" lon="-86.5252170">
    <ele>228.9</ele>
   </trkpt>
   <trkpt lat="46.1970290" lon="-86.5256090">
    <ele>228.8</ele>
   </trkpt>
   <trkpt lat="46.1969540" lon="-86.5260050">
    <ele>230.0</ele>
   </trkpt>
   <trkpt lat="46.1968110" lon="-86.5267690">
    <ele>231.0</ele>
   </trkpt>
   <trkpt lat="46.1966670" lon="-86.5275600">
    <ele>230.9</ele>
   </trkpt>
   <trkpt lat="46.1965800" lon="-86.5283830">
    <ele>228.3</ele>
   </trkpt>
   <trkpt lat="46.1965530" lon="-86.5285730">
    <ele>228.3</ele>
   </trkpt>
   <trkpt lat="46.1963260" lon="-86.5293470">
    <ele>230.1</ele>
   </trkpt>
   <trkpt lat="46.1960820" lon="-86.5300680">
    <ele>231.3</ele>
   </trkpt>
   <trkpt lat="46.1958210" lon="-86.5308310">
    <ele>230.7</ele>
   </trkpt>
   <trkpt lat="46.1956730" lon="-86.5312220">
    <ele>230.1</ele>
   </trkpt>
   <trkpt lat="46.1954080" lon="-86.5319580">
    <ele>229.7</ele>
   </trkpt>
   <trkpt lat="46.1951520" lon="-86.5326950">
    <ele>228.9</ele>
   </trkpt>
   <trkpt lat="46.1950410" lon="-86.5334960">
    <ele>228.4</ele>
   </trkpt>
   <trkpt lat="46.1950530" lon="-86.5336810">
    <ele>228.6</ele>
   </trkpt>
   <trkpt lat="46.1951850" lon="-86.5344650">
    <ele>230.0</ele>
   </trkpt>
   <trkpt lat="46.1952480" lon="-86.5348430">
    <ele>230.7</ele>
   </trkpt>
   <trkpt lat="46.1952030" lon="-86.5356470">
    <ele>231.1</ele>
   </trkpt>
   <trkpt lat="46.1951160" lon="-86.5363920">
    <ele>231.1</ele>
   </trkpt>
   <trkpt lat="46.1950850" lon="-86.5366600">
    <ele>231.1</ele>
   </trkpt>
   <trkpt lat="46.1950270" lon="-86.5371330">
    <ele>231.1</ele>
   </trkpt>
   <trkpt lat="46.1949360" lon="-86.5379410">
    <ele>231.1</ele>
   </trkpt>
   <trkpt lat="46.1949170" lon="-86.5380260">
    <ele>231.1</ele>
   </trkpt>
   <trkpt lat="46.1948710" lon="-86.5381710">
    <ele>231.1</ele>
   </trkpt>
   <trkpt lat="46.1947320" lon="-86.5384110">
    <ele>231.3</ele>
   </trkpt>
   <trkpt lat="46.1942240" lon="-86.5388180">
    <ele>230.9</ele>
   </trkpt>
   <trkpt lat="46.1938280" lon="-86.5391230">
    <ele>230.6</ele>
   </trkpt>
   <trkpt lat="46.1933350" lon="-86.5394760">
    <ele>230.0</ele>
   </trkpt>
   <trkpt lat="46.1932490" lon="-86.5395850">
    <ele>230.2</ele>
   </trkpt>
   <trkpt lat="46.1931870" lon="-86.5397270">
    <ele>230.5</ele>
   </trkpt>
   <trkpt lat="46.1929630" lon="-86.5405050">
    <ele>231.0</ele>
   </trkpt>
   <trkpt lat="46.1927550" lon="-86.5412860">
    <ele>231.0</ele>
   </trkpt>
   <trkpt lat="46.1927230" lon="-86.5414400">
    <ele>231.0</ele>
   </trkpt>
   <trkpt lat="46.1927230" lon="-86.5414400">
    <ele>231.0</ele>
   </trkpt>
   <trkpt lat="46.1926870" lon="-86.5416000">
    <ele>231.0</ele>
   </trkpt>
   <trkpt lat="46.1924990" lon="-86.5424070">
    <ele>231.0</ele>
   </trkpt>
   <trkpt lat="46.1923620" lon="-86.5430060">
    <ele>230.2</ele>
   </trkpt>
   <trkpt lat="46.1923220" lon="-86.5435100">
    <ele>230.0</ele>
   </trkpt>
   <trkpt lat="46.1924270" lon="-86.5440670">
    <ele>230.1</ele>
   </trkpt>
   <trkpt lat="46.1926590" lon="-86.5447160">
    <ele>230.5</ele>
   </trkpt>
   <trkpt lat="46.1929240" lon="-86.5454420">
    <ele>231.0</ele>
   </trkpt>
   <trkpt lat="46.1931980" lon="-86.5461240">
    <ele>231.0</ele>
   </trkpt>
   <trkpt lat="46.1934670" lon="-86.5468750">
    <ele>231.3</ele>
   </trkpt>
   <trkpt lat="46.1937420" lon="-86.5475880">
    <ele>231.3</ele>
   </trkpt>
   <trkpt lat="46.1940250" lon="-86.5482910">
    <ele>230.7</ele>
   </trkpt>
   <trkpt lat="46.1942430" lon="-86.5490410">
    <ele>229.3</ele>
   </trkpt>
   <trkpt lat="46.1943430" lon="-86.5498400">
    <ele>228.3</ele>
   </trkpt>
   <trkpt lat="46.1944730" lon="-86.5506210">
    <ele>230.4</ele>
   </trkpt>
   <trkpt lat="46.1945900" lon="-86.5513970">
    <ele>232.7</ele>
   </trkpt>
   <trkpt lat="46.1946280" lon="-86.5516080">
    <ele>232.5</ele>
   </trkpt>
   <trkpt lat="46.1947010" lon="-86.5524440">
    <ele>231.2</ele>
   </trkpt>
   <trkpt lat="46.1947530" lon="-86.5528560">
    <ele>231.7</ele>
   </trkpt>
   <trkpt lat="46.1948140" lon="-86.5534710">
    <ele>232.1</ele>
   </trkpt>
   <trkpt lat="46.1948990" lon="-86.5542600">
    <ele>231.9</ele>
   </trkpt>
   <trkpt lat="46.1949270" lon="-86.5546240">
    <ele>231.9</ele>
   </trkpt>
   <trkpt lat="46.1949380" lon="-86.5547120">
    <ele>231.9</ele>
   </trkpt>
   <trkpt lat="46.1949640" lon="-86.5552980">
    <ele>232.3</ele>
   </trkpt>
   <trkpt lat="46.1949350" lon="-86.5556500">
    <ele>232.4</ele>
   </trkpt>
   <trkpt lat="46.1949150" lon="-86.5558110">
    <ele>232.5</ele>
   </trkpt>
   <trkpt lat="46.1948690" lon="-86.5561460">
    <ele>232.9</ele>
   </trkpt>
   <trkpt lat="46.1947670" lon="-86.5569220">
    <ele>233.7</ele>
   </trkpt>
   <trkpt lat="46.1947060" lon="-86.5574410">
    <ele>233.5</ele>
   </trkpt>
   <trkpt lat="46.1946210" lon="-86.5582160">
    <ele>233.3</ele>
   </trkpt>
   <trkpt lat="46.1945180" lon="-86.5590590">
    <ele>232.7</ele>
   </trkpt>
   <trkpt lat="46.1944430" lon="-86.5598850">
    <ele>232.4</ele>
   </trkpt>
   <trkpt lat="46.1943340" lon="-86.5606560">
    <ele>232.2</ele>
   </trkpt>
   <trkpt lat="46.1941410" lon="-86.5614510">
    <ele>232.0</ele>
   </trkpt>
   <trkpt lat="46.1938950" lon="-86.5622190">
    <ele>231.8</ele>
   </trkpt>
   <trkpt lat="46.1936850" lon="-86.5629570">
    <ele>231.3</ele>
   </trkpt>
   <trkpt lat="46.1934700" lon="-86.5636710">
    <ele>230.7</ele>
   </trkpt>
   <trkpt lat="46.1932390" lon="-86.5644510">
    <ele>232.7</ele>
   </trkpt>
   <trkpt lat="46.1931560" lon="-86.5647760">
    <ele>234.0</ele>
   </trkpt>
   <trkpt lat="46.1929000" lon="-86.5654970">
    <ele>233.8</ele>
   </trkpt>
   <trkpt lat="46.1924930" lon="-86.5660810">
    <ele>233.8</ele>
   </trkpt>
   <trkpt lat="46.1920100" lon="-86.5665650">
    <ele>234.0</ele>
   </trkpt>
   <trkpt lat="46.1915790" lon="-86.5670670">
    <ele>234.5</ele>
   </trkpt>
   <trkpt lat="46.1913140" lon="-86.5673350">
    <ele>233.6</ele>
   </trkpt>
   <trkpt lat="46.1912220" lon="-86.5674200">
    <ele>233.5</ele>
   </trkpt>
   <trkpt lat="46.1907660" lon="-86.5679220">
    <ele>233.4</ele>
   </trkpt>
   <trkpt lat="46.1906240" lon="-86.5680780">
    <ele>233.5</ele>
   </trkpt>
   <trkpt lat="46.1901600" lon="-86.5685750">
    <ele>232.8</ele>
   </trkpt>
   <trkpt lat="46.1899170" lon="-86.5688540">
    <ele>232.5</ele>
   </trkpt>
   <trkpt lat="46.1898420" lon="-86.5690120">
    <ele>233.0</ele>
   </trkpt>
   <trkpt lat="46.1897740" lon="-86.5692480">
    <ele>235.5</ele>
   </trkpt>
   <trkpt lat="46.1897400" lon="-86.5697650">
    <ele>236.1</ele>
   </trkpt>
   <trkpt lat="46.1897890" lon="-86.5699410">
    <ele>235.5</ele>
   </trkpt>
   <trkpt lat="46.1902280" lon="-86.5703340">
    <ele>235.9</ele>
   </trkpt>
   <trkpt lat="46.1907830" lon="-86.5704830">
    <ele>238.1</ele>
   </trkpt>
   <trkpt lat="46.1912270" lon="-86.5709810">
    <ele>238.7</ele>
   </trkpt>
   <trkpt lat="46.1912840" lon="-86.5711050">
    <ele>238.6</ele>
   </trkpt>
   <trkpt lat="46.1915700" lon="-86.5717770">
    <ele>238.7</ele>
   </trkpt>
   <trkpt lat="46.1916520" lon="-86.5721250">
    <ele>238.8</ele>
   </trkpt>
   <trkpt lat="46.1916650" lon="-86.5729000">
    <ele>239.3</ele>
   </trkpt>
   <trkpt lat="46.1915280" lon="-86.5737070">
    <ele>238.1</ele>
   </trkpt>
   <trkpt lat="46.1913970" lon="-86.5745140">
    <ele>236.2</ele>
   </trkpt>
   <trkpt lat="46.1912280" lon="-86.5753260">
    <ele>235.4</ele>
   </trkpt>
   <trkpt lat="46.1910460" lon="-86.5761060">
    <ele>235.0</ele>
   </trkpt>
   <trkpt lat="46.1908520" lon="-86.5768780">
    <ele>234.9</ele>
   </trkpt>
   <trkpt lat="46.1907390" lon="-86.5772670">
    <ele>235.3</ele>
   </trkpt>
   <trkpt lat="46.1905220" lon="-86.5780570">
    <ele>236.3</ele>
   </trkpt>
   <trkpt lat="46.1903080" lon="-86.5788320">
    <ele>235.7</ele>
   </trkpt>
   <trkpt lat="46.1901910" lon="-86.5792660">
    <ele>235.8</ele>
   </trkpt>
   <trkpt lat="46.1901550" lon="-86.5793970">
    <ele>235.9</ele>
   </trkpt>
   <trkpt lat="46.1900640" lon="-86.5797380">
    <ele>236.0</ele>
   </trkpt>
   <trkpt lat="46.1899250" lon="-86.5802680">
    <ele>236.3</ele>
   </trkpt>
   <trkpt lat="46.1898490" lon="-86.5806140">
    <ele>236.5</ele>
   </trkpt>
   <trkpt lat="46.1896960" lon="-86.5812340">
    <ele>236.5</ele>
   </trkpt>
   <trkpt lat="46.1896000" lon="-86.5815780">
    <ele>236.6</ele>
   </trkpt>
   <trkpt lat="46.1893920" lon="-86.5821720">
    <ele>237.7</ele>
   </trkpt>
   <trkpt lat="46.1890380" lon="-86.5827980">
    <ele>237.6</ele>
   </trkpt>
   <trkpt lat="46.1885960" lon="-86.5833380">
    <ele>237.3</ele>
   </trkpt>
   <trkpt lat="46.1881880" lon="-86.5838460">
    <ele>238.0</ele>
   </trkpt>
   <trkpt lat="46.1877650" lon="-86.5843790">
    <ele>237.7</ele>
   </trkpt>
   <trkpt lat="46.1876140" lon="-86.5845560">
    <ele>237.7</ele>
   </trkpt>
   <trkpt lat="46.1871890" lon="-86.5850750">
    <ele>237.9</ele>
   </trkpt>
   <trkpt lat="46.1867620" lon="-86.5856560">
    <ele>237.2</ele>
   </trkpt>
   <trkpt lat="46.1863520" lon="-86.5862400">
    <ele>238.0</ele>
   </trkpt>
   <trkpt lat="46.1859640" lon="-86.5867990">
    <ele>238.3</ele>
   </trkpt>
   <trkpt lat="46.1855330" lon="-86.5873120">
    <ele>238.6</ele>
   </trkpt>
   <trkpt lat="46.1853620" lon="-86.5875240">
    <ele>238.5</ele>
   </trkpt>
   <trkpt lat="46.1850050" lon="-86.5879900">
    <ele>238.4</ele>
   </trkpt>
   <trkpt lat="46.1845890" lon="-86.5885470">
    <ele>236.9</ele>
   </trkpt>
   <trkpt lat="46.1843170" lon="-86.5888910">
    <ele>235.4</ele>
   </trkpt>
   <trkpt lat="46.1838840" lon="-86.5894800">
    <ele>235.2</ele>
   </trkpt>
   <trkpt lat="46.1835100" lon="-86.5900870">
    <ele>235.2</ele>
   </trkpt>
   <trkpt lat="46.1833630" lon="-86.5904150">
    <ele>235.3</ele>
   </trkpt>
   <trkpt lat="46.1832920" lon="-86.5904920">
    <ele>235.3</ele>
   </trkpt>
   <trkpt lat="46.1832130" lon="-86.5905030">
    <ele>234.0</ele>
   </trkpt>
   <trkpt lat="46.1827230" lon="-86.5903400">
    <ele>229.6</ele>
   </trkpt>
   <trkpt lat="46.1821940" lon="-86.5901420">
    <ele>234.6</ele>
   </trkpt>
   <trkpt lat="46.1816450" lon="-86.5899600">
    <ele>236.5</ele>
   </trkpt>
   <trkpt lat="46.1814290" lon="-86.5898780">
    <ele>236.7</ele>
   </trkpt>
   <trkpt lat="46.1812650" lon="-86.5898230">
    <ele>236.7</ele>
   </trkpt>
   <trkpt lat="46.1808660" lon="-86.5897240">
    <ele>236.6</ele>
   </trkpt>
   <trkpt lat="46.1803090" lon="-86.5895510">
    <ele>236.4</ele>
   </trkpt>
   <trkpt lat="46.1801950" lon="-86.5895210">
    <ele>236.4</ele>
   </trkpt>
   <trkpt lat="46.1796320" lon="-86.5893350">
    <ele>236.2</ele>
   </trkpt>
   <trkpt lat="46.1795180" lon="-86.5893030">
    <ele>236.2</ele>
   </trkpt>
   <trkpt lat="46.1794050" lon="-86.5892600">
    <ele>236.2</ele>
   </trkpt>
   <trkpt lat="46.1793480" lon="-86.5892410">
    <ele>236.1</ele>
   </trkpt>
   <trkpt lat="46.1792900" lon="-86.5892210">
    <ele>236.2</ele>
   </trkpt>
   <trkpt lat="46.1790570" lon="-86.5891520">
    <ele>236.2</ele>
   </trkpt>
   <trkpt lat="46.1788840" lon="-86.5891010">
    <ele>236.1</ele>
   </trkpt>
   <trkpt lat="46.1783250" lon="-86.5889180">
    <ele>236.3</ele>
   </trkpt>
   <trkpt lat="46.1778330" lon="-86.5887500">
    <ele>236.7</ele>
   </trkpt>
   <trkpt lat="46.1772940" lon="-86.5885800">
    <ele>236.9</ele>
   </trkpt>
   <trkpt lat="46.1768630" lon="-86.5884210">
    <ele>237.3</ele>
   </trkpt>
   <trkpt lat="46.1768070" lon="-86.5884030">
    <ele>237.3</ele>
   </trkpt>
   <trkpt lat="46.1766930" lon="-86.5883670">
    <ele>237.4</ele>
   </trkpt>
   <trkpt lat="46.1766930" lon="-86.5883670">
    <ele>237.4</ele>
   </trkpt>
   <trkpt lat="46.1762880" lon="-86.5882340">
    <ele>237.7</ele>
   </trkpt>
   <trkpt lat="46.1760600" lon="-86.5881590">
    <ele>237.9</ele>
   </trkpt>
   <trkpt lat="46.1760030" lon="-86.5881380">
    <ele>237.9</ele>
   </trkpt>
   <trkpt lat="46.1754480" lon="-86.5879440">
    <ele>238.5</ele>
   </trkpt>
   <trkpt lat="46.1749020" lon="-86.5877710">
    <ele>239.1</ele>
   </trkpt>
   <trkpt lat="46.1746350" lon="-86.5876790">
    <ele>239.4</ele>
   </trkpt>
   <trkpt lat="46.1744790" lon="-86.5876290">
    <ele>239.6</ele>
   </trkpt>
   <trkpt lat="46.1741600" lon="-86.5875310">
    <ele>239.8</ele>
   </trkpt>
   <trkpt lat="46.1737240" lon="-86.5874550">
    <ele>242.4</ele>
   </trkpt>
   <trkpt lat="46.1736820" lon="-86.5874600">
    <ele>242.8</ele>
   </trkpt>
   <trkpt lat="46.1735070" lon="-86.5875040">
    <ele>244.4</ele>
   </trkpt>
   <trkpt lat="46.1734650" lon="-86.5875220">
    <ele>244.8</ele>
   </trkpt>
   <trkpt lat="46.1730030" lon="-86.5878830">
    <ele>247.7</ele>
   </trkpt>
   <trkpt lat="46.1729230" lon="-86.5879850">
    <ele>247.4</ele>
   </trkpt>
   <trkpt lat="46.1727450" lon="-86.5881890">
    <ele>246.4</ele>
   </trkpt>
   <trkpt lat="46.1723000" lon="-86.5887360">
    <ele>245.6</ele>
   </trkpt>
   <trkpt lat="46.1721050" lon="-86.5889890">
    <ele>245.9</ele>
   </trkpt>
   <trkpt lat="46.1719220" lon="-86.5892200">
    <ele>246.3</ele>
   </trkpt>
   <trkpt lat="46.1717510" lon="-86.5894100">
    <ele>246.9</ele>
   </trkpt>
   <trkpt lat="46.1713350" lon="-86.5898950">
    <ele>247.6</ele>
   </trkpt>
   <trkpt lat="46.1712450" lon="-86.5900030">
    <ele>247.6</ele>
   </trkpt>
   <trkpt lat="46.1710740" lon="-86.5901890">
    <ele>247.8</ele>
   </trkpt>
   <trkpt lat="46.1705660" lon="-86.5904880">
    <ele>247.5</ele>
   </trkpt>
   <trkpt lat="46.1700130" lon="-86.5905640">
    <ele>246.6</ele>
   </trkpt>
   <trkpt lat="46.1694540" lon="-86.5903820">
    <ele>246.4</ele>
   </trkpt>
   <trkpt lat="46.1688800" lon="-86.5901580">
    <ele>241.2</ele>
   </trkpt>
   <trkpt lat="46.1682600" lon="-86.5899460">
    <ele>236.6</ele>
   </trkpt>
   <trkpt lat="46.1680790" lon="-86.5898190">
    <ele>236.2</ele>
   </trkpt>
   <trkpt lat="46.1680030" lon="-86.5897370">
    <ele>236.2</ele>
   </trkpt>
   <trkpt lat="46.1678870" lon="-86.5895440">
    <ele>235.8</ele>
   </trkpt>
   <trkpt lat="46.1675600" lon="-86.5888920">
    <ele>238.2</ele>
   </trkpt>
   <trkpt lat="46.1671810" lon="-86.5882970">
    <ele>238.1</ele>
   </trkpt>
   <trkpt lat="46.1668300" lon="-86.5876910">
    <ele>238.2</ele>
   </trkpt>
   <trkpt lat="46.1667360" lon="-86.5875640">
    <ele>238.5</ele>
   </trkpt>
   <trkpt lat="46.1665710" lon="-86.5873820">
    <ele>238.2</ele>
   </trkpt>
   <trkpt lat="46.1660340" lon="-86.5871890">
    <ele>238.1</ele>
   </trkpt>
   <trkpt lat="46.1654370" lon="-86.5872070">
    <ele>238.1</ele>
   </trkpt>
   <trkpt lat="46.1648490" lon="-86.5873440">
    <ele>237.9</ele>
   </trkpt>
   <trkpt lat="46.1642680" lon="-86.5875090">
    <ele>238.2</ele>
   </trkpt>
   <trkpt lat="46.1637000" lon="-86.5876870">
    <ele>238.9</ele>
   </trkpt>
   <trkpt lat="46.1631630" lon="-86.5878840">
    <ele>238.4</ele>
   </trkpt>
   <trkpt lat="46.1626760" lon="-86.5880970">
    <ele>237.8</ele>
   </trkpt>
   <trkpt lat="46.1621170" lon="-86.5881440">
    <ele>237.5</ele>
   </trkpt>
   <trkpt lat="46.1615650" lon="-86.5880170">
    <ele>237.5</ele>
   </trkpt>
   <trkpt lat="46.1611170" lon="-86.5878670">
    <ele>239.6</ele>
   </trkpt>
   <trkpt lat="46.1605770" lon="-86.5878120">
    <ele>239.8</ele>
   </trkpt>
   <trkpt lat="46.1600100" lon="-86.5878270">
    <ele>239.5</ele>
   </trkpt>
   <trkpt lat="46.1594510" lon="-86.5877870">
    <ele>239.8</ele>
   </trkpt>
   <trkpt lat="46.1588980" lon="-86.5876340">
    <ele>240.1</ele>
   </trkpt>
   <trkpt lat="46.1586740" lon="-86.5875630">
    <ele>240.3</ele>
   </trkpt>
   <trkpt lat="46.1583480" lon="-86.5875040">
    <ele>239.6</ele>
   </trkpt>
   <trkpt lat="46.1577940" lon="-86.5874910">
    <ele>239.2</ele>
   </trkpt>
   <trkpt lat="46.1572960" lon="-86.5875820">
    <ele>239.8</ele>
   </trkpt>
   <trkpt lat="46.1567730" lon="-86.5879000">
    <ele>240.0</ele>
   </trkpt>
   <trkpt lat="46.1567530" lon="-86.5879800">
    <ele>240.0</ele>
   </trkpt>
   <trkpt lat="46.1567310" lon="-86.5881490">
    <ele>240.0</ele>
   </trkpt>
   <trkpt lat="46.1567060" lon="-86.5886880">
    <ele>240.0</ele>
   </trkpt>
   <trkpt lat="46.1566930" lon="-86.5891390">
    <ele>239.8</ele>
   </trkpt>
   <trkpt lat="46.1566440" lon="-86.5896890">
    <ele>239.7</ele>
   </trkpt>
   <trkpt lat="46.1566070" lon="-86.5901080">
    <ele>240.7</ele>
   </trkpt>
   <trkpt lat="46.1565590" lon="-86.5904390">
    <ele>241.9</ele>
   </trkpt>
   <trkpt lat="46.1565280" lon="-86.5907000">
    <ele>242.1</ele>
   </trkpt>
   <trkpt lat="46.1564620" lon="-86.5912920">
    <ele>241.7</ele>
   </trkpt>
   <trkpt lat="46.1563650" lon="-86.5921620">
    <ele>240.5</ele>
   </trkpt>
   <trkpt lat="46.1562460" lon="-86.5928830">
    <ele>239.2</ele>
   </trkpt>
   <trkpt lat="46.1560550" lon="-86.5936940">
    <ele>240.2</ele>
   </trkpt>
   <trkpt lat="46.1559910" lon="-86.5939960">
    <ele>240.1</ele>
   </trkpt>
   <trkpt lat="46.1559280" lon="-86.5942890">
    <ele>240.1</ele>
   </trkpt>
   <trkpt lat="46.1559060" lon="-86.5943810">
    <ele>240.1</ele>
   </trkpt>
   <trkpt lat="46.1558650" lon="-86.5945620">
    <ele>240.0</ele>
   </trkpt>
   <trkpt lat="46.1558000" lon="-86.5948070">
    <ele>240.0</ele>
   </trkpt>
   <trkpt lat="46.1557280" lon="-86.5950910">
    <ele>240.0</ele>
   </trkpt>
   <trkpt lat="46.1557090" lon="-86.5951550">
    <ele>240.0</ele>
   </trkpt>
   <trkpt lat="46.1556920" lon="-86.5952210">
    <ele>240.0</ele>
   </trkpt>
   <trkpt lat="46.1556650" lon="-86.5953500">
    <ele>240.1</ele>
   </trkpt>
   <trkpt lat="46.1556490" lon="-86.5954130">
    <ele>240.3</ele>
   </trkpt>
   <trkpt lat="46.1556200" lon="-86.5955440">
    <ele>240.6</ele>
   </trkpt>
   <trkpt lat="46.1555950" lon="-86.5956820">
    <ele>240.8</ele>
   </trkpt>
   <trkpt lat="46.1555800" lon="-86.5957510">
    <ele>240.9</ele>
   </trkpt>
   <trkpt lat="46.1555640" lon="-86.5958190">
    <ele>241.1</ele>
   </trkpt>
   <trkpt lat="46.1555360" lon="-86.5959580">
    <ele>241.6</ele>
   </trkpt>
   <trkpt lat="46.1555200" lon="-86.5960260">
    <ele>241.9</ele>
   </trkpt>
   <trkpt lat="46.1554570" lon="-86.5963080">
    <ele>241.6</ele>
   </trkpt>
   <trkpt lat="46.1554440" lon="-86.5963810">
    <ele>241.5</ele>
   </trkpt>
   <trkpt lat="46.1554270" lon="-86.5964530">
    <ele>241.2</ele>
   </trkpt>
   <trkpt lat="46.1553420" lon="-86.5967220">
    <ele>240.5</ele>
   </trkpt>
   <trkpt lat="46.1552930" lon="-86.5968580">
    <ele>240.3</ele>
   </trkpt>
   <trkpt lat="46.1552930" lon="-86.5968580">
    <ele>240.3</ele>
   </trkpt>
   <trkpt lat="46.1551740" lon="-86.5971390">
    <ele>241.8</ele>
   </trkpt>
   <trkpt lat="46.1550660" lon="-86.5974160">
    <ele>244.9</ele>
   </trkpt>
   <trkpt lat="46.1550170" lon="-86.5975140">
    <ele>246.1</ele>
   </trkpt>
   <trkpt lat="46.1550170" lon="-86.5975140">
    <ele>246.1</ele>
   </trkpt>
   <trkpt lat="46.1549650" lon="-86.5976120">
    <ele>246.9</ele>
   </trkpt>
   <trkpt lat="46.1547990" lon="-86.5978890">
    <ele>248.9</ele>
   </trkpt>
   <trkpt lat="46.1543810" lon="-86.5982880">
    <ele>251.1</ele>
   </trkpt>
   <trkpt lat="46.1540690" lon="-86.5985240">
    <ele>252.8</ele>
   </trkpt>
   <trkpt lat="46.1535710" lon="-86.5989090">
    <ele>255.2</ele>
   </trkpt>
   <trkpt lat="46.1530900" lon="-86.5993110">
    <ele>253.5</ele>
   </trkpt>
   <trkpt lat="46.1529700" lon="-86.5994510">
    <ele>254.1</ele>
   </trkpt>
   <trkpt lat="46.1529390" lon="-86.5994900">
    <ele>254.1</ele>
   </trkpt>
   <trkpt lat="46.1529040" lon="-86.5995290">
    <ele>254.2</ele>
   </trkpt>
   <trkpt lat="46.1528720" lon="-86.5995710">
    <ele>254.2</ele>
   </trkpt>
   <trkpt lat="46.1528130" lon="-86.5996510">
    <ele>254.3</ele>
   </trkpt>
   <trkpt lat="46.1526910" lon="-86.5998190">
    <ele>254.2</ele>
   </trkpt>
   <trkpt lat="46.1525390" lon="-86.6000900">
    <ele>254.1</ele>
   </trkpt>
   <trkpt lat="46.1523340" lon="-86.6006290">
    <ele>254.1</ele>
   </trkpt>
   <trkpt lat="46.1520890" lon="-86.6013300">
    <ele>254.8</ele>
   </trkpt>
   <trkpt lat="46.1518500" lon="-86.6020510">
    <ele>258.2</ele>
   </trkpt>
   <trkpt lat="46.1517360" lon="-86.6024390">
    <ele>258.5</ele>
   </trkpt>
   <trkpt lat="46.1516590" lon="-86.6028120">
    <ele>259.1</ele>
   </trkpt>
   <trkpt lat="46.1516430" lon="-86.6035950">
    <ele>258.7</ele>
   </trkpt>
   <trkpt lat="46.1516600" lon="-86.6037250">
    <ele>258.5</ele>
   </trkpt>
   <trkpt lat="46.1518010" lon="-86.6044750">
    <ele>258.1</ele>
   </trkpt>
   <trkpt lat="46.1520720" lon="-86.6051480">
    <ele>257.8</ele>
   </trkpt>
   <trkpt lat="46.1523730" lon="-86.6058230">
    <ele>260.9</ele>
   </trkpt>
   <trkpt lat="46.1526070" lon="-86.6065360">
    <ele>259.7</ele>
   </trkpt>
   <trkpt lat="46.1527000" lon="-86.6073580">
    <ele>246.0</ele>
   </trkpt>
   <trkpt lat="46.1526890" lon="-86.6075740">
    <ele>244.8</ele>
   </trkpt>
   <trkpt lat="46.1525370" lon="-86.6083570">
    <ele>243.1</ele>
   </trkpt>
   <trkpt lat="46.1524870" lon="-86.6084530">
    <ele>243.5</ele>
   </trkpt>
   <trkpt lat="46.1520880" lon="-86.6092240">
    <ele>243.1</ele>
   </trkpt>
   <trkpt lat="46.1515910" lon="-86.6096480">
    <ele>239.8</ele>
   </trkpt>
   <trkpt lat="46.1510510" lon="-86.6098360">
    <ele>238.1</ele>
   </trkpt>
   <trkpt lat="46.1504990" lon="-86.6099810">
    <ele>235.2</ele>
   </trkpt>
   <trkpt lat="46.1499630" lon="-86.6102470">
    <ele>233.4</ele>
   </trkpt>
   <trkpt lat="46.1494890" lon="-86.6106350">
    <ele>235.1</ele>
   </trkpt>
   <trkpt lat="46.1490340" lon="-86.6111020">
    <ele>241.8</ele>
   </trkpt>
   <trkpt lat="46.1487540" lon="-86.6117900">
    <ele>245.3</ele>
   </trkpt>
   <trkpt lat="46.1486710" lon="-86.6125670">
    <ele>246.6</ele>
   </trkpt>
   <trkpt lat="46.1488120" lon="-86.6133230">
    <ele>248.7</ele>
   </trkpt>
   <trkpt lat="46.1490990" lon="-86.6140050">
    <ele>249.1</ele>
   </trkpt>
   <trkpt lat="46.1492640" lon="-86.6143570">
    <ele>249.4</ele>
   </trkpt>
   <trkpt lat="46.1493260" lon="-86.6145080">
    <ele>250.6</ele>
   </trkpt>
   <trkpt lat="46.1494140" lon="-86.6146930">
    <ele>251.8</ele>
   </trkpt>
   <trkpt lat="46.1494600" lon="-86.6147950">
    <ele>251.8</ele>
   </trkpt>
   <trkpt lat="46.1494800" lon="-86.6148450">
    <ele>251.8</ele>
   </trkpt>
   <trkpt lat="46.1497540" lon="-86.6155200">
    <ele>252.9</ele>
   </trkpt>
   <trkpt lat="46.1498480" lon="-86.6157420">
    <ele>253.7</ele>
   </trkpt>
   <trkpt lat="46.1498940" lon="-86.6158470">
    <ele>253.9</ele>
   </trkpt>
   <trkpt lat="46.1499050" lon="-86.6158740">
    <ele>253.9</ele>
   </trkpt>
   <trkpt lat="46.1499160" lon="-86.6159020">
    <ele>254.0</ele>
   </trkpt>
   <trkpt lat="46.1499630" lon="-86.6160100">
    <ele>254.2</ele>
   </trkpt>
   <trkpt lat="46.1500370" lon="-86.6162330">
    <ele>254.6</ele>
   </trkpt>
   <trkpt lat="46.1500560" lon="-86.6162870">
    <ele>254.6</ele>
   </trkpt>
   <trkpt lat="46.1501310" lon="-86.6165020">
    <ele>254.9</ele>
   </trkpt>
   <trkpt lat="46.1503440" lon="-86.6172500">
    <ele>254.8</ele>
   </trkpt>
   <trkpt lat="46.1504850" lon="-86.6180260">
    <ele>256.4</ele>
   </trkpt>
   <trkpt lat="46.1505000" lon="-86.6184340">
    <ele>257.2</ele>
   </trkpt>
   <trkpt lat="46.1504830" lon="-86.6192470">
    <ele>260.5</ele>
   </trkpt>
   <trkpt lat="46.1504470" lon="-86.6200100">
    <ele>263.3</ele>
   </trkpt>
   <trkpt lat="46.1504250" lon="-86.6207880">
    <ele>265.4</ele>
   </trkpt>
   <trkpt lat="46.1503590" lon="-86.6214060">
    <ele>268.3</ele>
   </trkpt>
   <trkpt lat="46.1503040" lon="-86.6222040">
    <ele>269.5</ele>
   </trkpt>
   <trkpt lat="46.1502910" lon="-86.6229890">
    <ele>267.7</ele>
   </trkpt>
   <trkpt lat="46.1502320" lon="-86.6238610">
    <ele>262.7</ele>
   </trkpt>
   <trkpt lat="46.1501850" lon="-86.6246750">
    <ele>260.6</ele>
   </trkpt>
   <trkpt lat="46.1501500" lon="-86.6254970">
    <ele>260.0</ele>
   </trkpt>
   <trkpt lat="46.1501920" lon="-86.6263080">
    <ele>259.7</ele>
   </trkpt>
   <trkpt lat="46.1504070" lon="-86.6271080">
    <ele>260.0</ele>
   </trkpt>
   <trkpt lat="46.1507540" lon="-86.6277910">
    <ele>259.7</ele>
   </trkpt>
   <trkpt lat="46.1511830" lon="-86.6283110">
    <ele>257.6</ele>
   </trkpt>
   <trkpt lat="46.1516680" lon="-86.6287290">
    <ele>257.0</ele>
   </trkpt>
   <trkpt lat="46.1520950" lon="-86.6292050">
    <ele>257.3</ele>
   </trkpt>
   <trkpt lat="46.1524250" lon="-86.6298420">
    <ele>257.3</ele>
   </trkpt>
   <trkpt lat="46.1525990" lon="-86.6303790">
    <ele>256.8</ele>
   </trkpt>
   <trkpt lat="46.1527700" lon="-86.6311670">
    <ele>256.0</ele>
   </trkpt>
   <trkpt lat="46.1528450" lon="-86.6319590">
    <ele>255.8</ele>
   </trkpt>
   <trkpt lat="46.1529730" lon="-86.6327960">
    <ele>253.3</ele>
   </trkpt>
   <trkpt lat="46.1532230" lon="-86.6335980">
    <ele>251.2</ele>
   </trkpt>
   <trkpt lat="46.1535540" lon="-86.6342200">
    <ele>248.7</ele>
   </trkpt>
   <trkpt lat="46.1539250" lon="-86.6348540">
    <ele>246.0</ele>
   </trkpt>
   <trkpt lat="46.1543310" lon="-86.6353810">
    <ele>245.6</ele>
   </trkpt>
   <trkpt lat="46.1547720" lon="-86.6359420">
    <ele>246.1</ele>
   </trkpt>
   <trkpt lat="46.1548920" lon="-86.6360000">
    <ele>246.1</ele>
   </trkpt>
   <trkpt lat="46.1549600" lon="-86.6360160">
    <ele>246.1</ele>
   </trkpt>
   <trkpt lat="46.1552460" lon="-86.6360540">
    <ele>246.1</ele>
   </trkpt>
   <trkpt lat="46.1558300" lon="-86.6360370">
    <ele>245.7</ele>
   </trkpt>
   <trkpt lat="46.1563790" lon="-86.6360250">
    <ele>245.0</ele>
   </trkpt>
   <trkpt lat="46.1569570" lon="-86.6359710">
    <ele>244.7</ele>
   </trkpt>
   <trkpt lat="46.1575310" lon="-86.6358470">
    <ele>245.1</ele>
   </trkpt>
   <trkpt lat="46.1577120" lon="-86.6358040">
    <ele>245.2</ele>
   </trkpt>
   <trkpt lat="46.1578850" lon="-86.6357570">
    <ele>245.3</ele>
   </trkpt>
   <trkpt lat="46.1581640" lon="-86.6356590">
    <ele>245.4</ele>
   </trkpt>
   <trkpt lat="46.1583820" lon="-86.6355670">
    <ele>245.4</ele>
   </trkpt>
   <trkpt lat="46.1584360" lon="-86.6355450">
    <ele>245.5</ele>
   </trkpt>
   <trkpt lat="46.1586080" lon="-86.6354670">
    <ele>245.8</ele>
   </trkpt>
   <trkpt lat="46.1586650" lon="-86.6354420">
    <ele>245.9</ele>
   </trkpt>
   <trkpt lat="46.1587800" lon="-86.6353930">
    <ele>246.0</ele>
   </trkpt>
   <trkpt lat="46.1592130" lon="-86.6351400">
    <ele>246.0</ele>
   </trkpt>
   <trkpt lat="46.1597130" lon="-86.6348010">
    <ele>245.6</ele>
   </trkpt>
   <trkpt lat="46.1599130" lon="-86.6346560">
    <ele>245.1</ele>
   </trkpt>
   <trkpt lat="46.1599660" lon="-86.6346200">
    <ele>245.0</ele>
   </trkpt>
   <trkpt lat="46.1600140" lon="-86.6345830">
    <ele>245.0</ele>
   </trkpt>
   <trkpt lat="46.1603270" lon="-86.6343030">
    <ele>244.0</ele>
   </trkpt>
   <trkpt lat="46.1605770" lon="-86.6340700">
    <ele>244.2</ele>
   </trkpt>
   <trkpt lat="46.1608500" lon="-86.6338000">
    <ele>245.4</ele>
   </trkpt>
   <trkpt lat="46.1609040" lon="-86.6337490">
    <ele>245.5</ele>
   </trkpt>
   <trkpt lat="46.1609610" lon="-86.6336920">
    <ele>245.5</ele>
   </trkpt>
   <trkpt lat="46.1610820" lon="-86.6335670">
    <ele>245.2</ele>
   </trkpt>
   <trkpt lat="46.1610820" lon="-86.6335670">
    <ele>245.2</ele>
   </trkpt>
   <trkpt lat="46.1611980" lon="-86.6334560">
    <ele>245.1</ele>
   </trkpt>
   <trkpt lat="46.1614170" lon="-86.6331980">
    <ele>243.0</ele>
   </trkpt>
   <trkpt lat="46.1614740" lon="-86.6331280">
    <ele>242.9</ele>
   </trkpt>
   <trkpt lat="46.1619090" lon="-86.6325410">
    <ele>242.5</ele>
   </trkpt>
   <trkpt lat="46.1622910" lon="-86.6319840">
    <ele>241.5</ele>
   </trkpt>
   <trkpt lat="46.1626720" lon="-86.6314140">
    <ele>239.9</ele>
   </trkpt>
   <trkpt lat="46.1630540" lon="-86.6308550">
    <ele>238.5</ele>
   </trkpt>
   <trkpt lat="46.1634350" lon="-86.6302930">
    <ele>235.4</ele>
   </trkpt>
   <trkpt lat="46.1638060" lon="-86.6297090">
    <ele>234.5</ele>
   </trkpt>
   <trkpt lat="46.1642230" lon="-86.6290990">
    <ele>235.7</ele>
   </trkpt>
   <trkpt lat="46.1646640" lon="-86.6284780">
    <ele>235.0</ele>
   </trkpt>
   <trkpt lat="46.1650810" lon="-86.6278550">
    <ele>236.0</ele>
   </trkpt>
   <trkpt lat="46.1655160" lon="-86.6272510">
    <ele>235.4</ele>
   </trkpt>
   <trkpt lat="46.1659010" lon="-86.6266140">
    <ele>234.2</ele>
   </trkpt>
   <trkpt lat="46.1663110" lon="-86.6260130">
    <ele>234.2</ele>
   </trkpt>
   <trkpt lat="46.1667240" lon="-86.6254100">
    <ele>234.1</ele>
   </trkpt>
   <trkpt lat="46.1671370" lon="-86.6248310">
    <ele>234.1</ele>
   </trkpt>
   <trkpt lat="46.1672880" lon="-86.6246100">
    <ele>234.3</ele>
   </trkpt>
   <trkpt lat="46.1675890" lon="-86.6241540">
    <ele>234.5</ele>
   </trkpt>
   <trkpt lat="46.1679940" lon="-86.6235890">
    <ele>234.9</ele>
   </trkpt>
   <trkpt lat="46.1682540" lon="-86.6232540">
    <ele>236.1</ele>
   </trkpt>
   <trkpt lat="46.1685110" lon="-86.6229510">
    <ele>238.4</ele>
   </trkpt>
   <trkpt lat="46.1688180" lon="-86.6226200">
    <ele>237.7</ele>
   </trkpt>
   <trkpt lat="46.1693070" lon="-86.6221610">
    <ele>238.0</ele>
   </trkpt>
   <trkpt lat="46.1698130" lon="-86.6217590">
    <ele>237.1</ele>
   </trkpt>
   <trkpt lat="46.1703460" lon="-86.6214340">
    <ele>236.4</ele>
   </trkpt>
   <trkpt lat="46.1708930" lon="-86.6211010">
    <ele>237.0</ele>
   </trkpt>
   <trkpt lat="46.1714440" lon="-86.6209400">
    <ele>239.0</ele>
   </trkpt>
   <trkpt lat="46.1720030" lon="-86.6208000">
    <ele>237.8</ele>
   </trkpt>
   <trkpt lat="46.1725880" lon="-86.6206710">
    <ele>237.4</ele>
   </trkpt>
   <trkpt lat="46.1729790" lon="-86.6206540">
    <ele>237.4</ele>
   </trkpt>
   <trkpt lat="46.1732990" lon="-86.6206520">
    <ele>237.4</ele>
   </trkpt>
   <trkpt lat="46.1737650" lon="-86.6206450">
    <ele>238.3</ele>
   </trkpt>
   <trkpt lat="46.1743420" lon="-86.6207420">
    <ele>241.2</ele>
   </trkpt>
   <trkpt lat="46.1748750" lon="-86.6208720">
    <ele>243.0</ele>
   </trkpt>
   <trkpt lat="46.1754040" lon="-86.6210600">
    <ele>243.8</ele>
   </trkpt>
   <trkpt lat="46.1757280" lon="-86.6211460">
    <ele>245.0</ele>
   </trkpt>
   <trkpt lat="46.1762400" lon="-86.6212960">
    <ele>246.6</ele>
   </trkpt>
   <trkpt lat="46.1766680" lon="-86.6214260">
    <ele>249.2</ele>
   </trkpt>
   <trkpt lat="46.1769750" lon="-86.6215380">
    <ele>252.2</ele>
   </trkpt>
   <trkpt lat="46.1775180" lon="-86.6217460">
    <ele>252.8</ele>
   </trkpt>
   <trkpt lat="46.1780930" lon="-86.6219340">
    <ele>259.6</ele>
   </trkpt>
   <trkpt lat="46.1783580" lon="-86.6220290">
    <ele>260.5</ele>
   </trkpt>
   <trkpt lat="46.1789060" lon="-86.6222000">
    <ele>254.4</ele>
   </trkpt>
   <trkpt lat="46.1794900" lon="-86.6223640">
    <ele>253.1</ele>
   </trkpt>
   <trkpt lat="46.1800420" lon="-86.6225060">
    <ele>253.3</ele>
   </trkpt>
   <trkpt lat="46.1806200" lon="-86.6226830">
    <ele>247.4</ele>
   </trkpt>
   <trkpt lat="46.1812020" lon="-86.6228530">
    <ele>243.9</ele>
   </trkpt>
   <trkpt lat="46.1817860" lon="-86.6230110">
    <ele>243.7</ele>
   </trkpt>
   <trkpt lat="46.1823560" lon="-86.6231840">
    <ele>245.0</ele>
   </trkpt>
   <trkpt lat="46.1829240" lon="-86.6233690">
    <ele>243.2</ele>
   </trkpt>
   <trkpt lat="46.1834950" lon="-86.6235440">
    <ele>240.7</ele>
   </trkpt>
   <trkpt lat="46.1840410" lon="-86.6236560">
    <ele>240.4</ele>
   </trkpt>
   <trkpt lat="46.1845880" lon="-86.6236550">
    <ele>240.1</ele>
   </trkpt>
   <trkpt lat="46.1851530" lon="-86.6236520">
    <ele>240.0</ele>
   </trkpt>
   <trkpt lat="46.1857160" lon="-86.6236100">
    <ele>240.0</ele>
   </trkpt>
   <trkpt lat="46.1862850" lon="-86.6235640">
    <ele>240.0</ele>
   </trkpt>
   <trkpt lat="46.1868810" lon="-86.6235120">
    <ele>240.0</ele>
   </trkpt>
   <trkpt lat="46.1874290" lon="-86.6234040">
    <ele>239.9</ele>
   </trkpt>
   <trkpt lat="46.1880010" lon="-86.6233220">
    <ele>239.9</ele>
   </trkpt>
   <trkpt lat="46.1881940" lon="-86.6233040">
    <ele>239.9</ele>
   </trkpt>
   <trkpt lat="46.1882930" lon="-86.6233840">
    <ele>240.0</ele>
   </trkpt>
   <trkpt lat="46.1883520" lon="-86.6235310">
    <ele>240.0</ele>
   </trkpt>
   <trkpt lat="46.1883710" lon="-86.6236860">
    <ele>240.0</ele>
   </trkpt>
   <trkpt lat="46.1883450" lon="-86.6245040">
    <ele>240.0</ele>
   </trkpt>
   <trkpt lat="46.1883050" lon="-86.6253350">
    <ele>240.0</ele>
   </trkpt>
   <trkpt lat="46.1882820" lon="-86.6261460">
    <ele>239.9</ele>
   </trkpt>
   <trkpt lat="46.1882680" lon="-86.6269670">
    <ele>240.0</ele>
   </trkpt>
   <trkpt lat="46.1882650" lon="-86.6274550">
    <ele>240.0</ele>
   </trkpt>
   <trkpt lat="46.1882350" lon="-86.6276800">
    <ele>240.0</ele>
   </trkpt>
   <trkpt lat="46.1881410" lon="-86.6279950">
    <ele>240.0</ele>
   </trkpt>
   <trkpt lat="46.1878700" lon="-86.6287280">
    <ele>241.2</ele>
   </trkpt>
   <trkpt lat="46.1876370" lon="-86.6294340">
    <ele>241.3</ele>
   </trkpt>
   <trkpt lat="46.1874530" lon="-86.6302530">
    <ele>241.5</ele>
   </trkpt>
   <trkpt lat="46.1872910" lon="-86.6310310">
    <ele>241.9</ele>
   </trkpt>
   <trkpt lat="46.1872260" lon="-86.6312720">
    <ele>243.6</ele>
   </trkpt>
   <trkpt lat="46.1868850" lon="-86.6320150">
    <ele>241.0</ele>
   </trkpt>
   <trkpt lat="46.1865040" lon="-86.6325940">
    <ele>241.2</ele>
   </trkpt>
   <trkpt lat="46.1862860" lon="-86.6327980">
    <ele>241.7</ele>
   </trkpt>
   <trkpt lat="46.1859450" lon="-86.6329930">
    <ele>243.0</ele>
   </trkpt>
   <trkpt lat="46.1854320" lon="-86.6330460">
    <ele>246.0</ele>
   </trkpt>
   <trkpt lat="46.1849900" lon="-86.6331100">
    <ele>251.2</ele>
   </trkpt>
   <trkpt lat="46.1848550" lon="-86.6331140">
    <ele>251.8</ele>
   </trkpt>
   <trkpt lat="46.1848090" lon="-86.6331110">
    <ele>251.9</ele>
   </trkpt>
   <trkpt lat="46.1847860" lon="-86.6331200">
    <ele>251.9</ele>
   </trkpt>
   <trkpt lat="46.1847610" lon="-86.6331360">
    <ele>252.1</ele>
   </trkpt>
   <trkpt lat="46.1846550" lon="-86.6333630">
    <ele>254.5</ele>
   </trkpt>
   <trkpt lat="46.1845770" lon="-86.6338310">
    <ele>253.4</ele>
   </trkpt>
   <trkpt lat="46.1845310" lon="-86.6340890">
    <ele>253.5</ele>
   </trkpt>
   <trkpt lat="46.1844620" lon="-86.6345540">
    <ele>253.1</ele>
   </trkpt>
   <trkpt lat="46.1844410" lon="-86.6347610">
    <ele>253.1</ele>
   </trkpt>
   <trkpt lat="46.1844000" lon="-86.6351490">
    <ele>253.3</ele>
   </trkpt>
   <trkpt lat="46.1843580" lon="-86.6359850">
    <ele>252.9</ele>
   </trkpt>
   <trkpt lat="46.1844120" lon="-86.6368130">
    <ele>251.8</ele>
   </trkpt>
   <trkpt lat="46.1844460" lon="-86.6376260">
    <ele>251.5</ele>
   </trkpt>
   <trkpt lat="46.1844760" lon="-86.6384450">
    <ele>249.1</ele>
   </trkpt>
   <trkpt lat="46.1845180" lon="-86.6386640">
    <ele>247.3</ele>
   </trkpt>
   <trkpt lat="46.1846330" lon="-86.6389590">
    <ele>246.4</ele>
   </trkpt>
   <trkpt lat="46.1850050" lon="-86.6395770">
    <ele>246.3</ele>
   </trkpt>
   <trkpt lat="46.1852780" lon="-86.6398980">
    <ele>247.4</ele>
   </trkpt>
   <trkpt lat="46.1858180" lon="-86.6401310">
    <ele>248.7</ele>
   </trkpt>
   <trkpt lat="46.1862180" lon="-86.6402810">
    <ele>248.9</ele>
   </trkpt>
   <trkpt lat="46.1866910" lon="-86.6405580">
    <ele>248.8</ele>
   </trkpt>
   <trkpt lat="46.1868750" lon="-86.6407160">
    <ele>248.9</ele>
   </trkpt>
   <trkpt lat="46.1872990" lon="-86.6412030">
    <ele>248.3</ele>
   </trkpt>
   <trkpt lat="46.1875590" lon="-86.6415850">
    <ele>245.9</ele>
   </trkpt>
   <trkpt lat="46.1876460" lon="-86.6417840">
    <ele>244.8</ele>
   </trkpt>
   <trkpt lat="46.1876820" lon="-86.6418930">
    <ele>244.5</ele>
   </trkpt>
   <trkpt lat="46.1878190" lon="-86.6425520">
    <ele>247.3</ele>
   </trkpt>
   <trkpt lat="46.1878410" lon="-86.6433410">
    <ele>249.1</ele>
   </trkpt>
   <trkpt lat="46.1878900" lon="-86.6441600">
    <ele>248.8</ele>
   </trkpt>
   <trkpt lat="46.1879140" lon="-86.6449620">
    <ele>248.5</ele>
   </trkpt>
   <trkpt lat="46.1879740" lon="-86.6453020">
    <ele>248.2</ele>
   </trkpt>
   <trkpt lat="46.1880230" lon="-86.6456050">
    <ele>247.9</ele>
   </trkpt>
   <trkpt lat="46.1880850" lon="-86.6458220">
    <ele>247.9</ele>
   </trkpt>
   <trkpt lat="46.1882180" lon="-86.6460340">
    <ele>247.5</ele>
   </trkpt>
   <trkpt lat="46.1883040" lon="-86.6461000">
    <ele>247.4</ele>
   </trkpt>
   <trkpt lat="46.1883850" lon="-86.6461250">
    <ele>247.5</ele>
   </trkpt>
   <trkpt lat="46.1885330" lon="-86.6461530">
    <ele>247.7</ele>
   </trkpt>
   <trkpt lat="46.1888070" lon="-86.6462130">
    <ele>248.3</ele>
   </trkpt>
   <trkpt lat="46.1893470" lon="-86.6463180">
    <ele>249.2</ele>
   </trkpt>
   <trkpt lat="46.1894380" lon="-86.6463220">
    <ele>249.1</ele>
   </trkpt>
   <trkpt lat="46.1896890" lon="-86.6463470">
    <ele>249.1</ele>
   </trkpt>
   <trkpt lat="46.1898220" lon="-86.6464840">
    <ele>249.1</ele>
   </trkpt>
   <trkpt lat="46.1898470" lon="-86.6465810">
    <ele>249.1</ele>
   </trkpt>
   <trkpt lat="46.1898470" lon="-86.6465810">
    <ele>249.1</ele>
   </trkpt>
   <trkpt lat="46.1900790" lon="-86.6473300">
    <ele>248.7</ele>
   </trkpt>
   <trkpt lat="46.1902780" lon="-86.6480840">
    <ele>249.0</ele>
   </trkpt>
   <trkpt lat="46.1902950" lon="-86.6481430">
    <ele>249.0</ele>
   </trkpt>
   <trkpt lat="46.1904500" lon="-86.6484770">
    <ele>248.6</ele>
   </trkpt>
   <trkpt lat="46.1906030" lon="-86.6493040">
    <ele>248.4</ele>
   </trkpt>
   <trkpt lat="46.1906590" lon="-86.6496170">
    <ele>248.3</ele>
   </trkpt>
   <trkpt lat="46.1907650" lon="-86.6499470">
    <ele>247.9</ele>
   </trkpt>
   <trkpt lat="46.1909710" lon="-86.6507570">
    <ele>247.6</ele>
   </trkpt>
   <trkpt lat="46.1911000" lon="-86.6516050">
    <ele>248.0</ele>
   </trkpt>
   <trkpt lat="46.1911190" lon="-86.6517820">
    <ele>248.0</ele>
   </trkpt>
   <trkpt lat="46.1912380" lon="-86.6525510">
    <ele>248.0</ele>
   </trkpt>
   <trkpt lat="46.1913510" lon="-86.6529580">
    <ele>249.1</ele>
   </trkpt>
   <trkpt lat="46.1915010" lon="-86.6533440">
    <ele>249.1</ele>
   </trkpt>
   <trkpt lat="46.1916860" lon="-86.6537600">
    <ele>249.1</ele>
   </trkpt>
   <trkpt lat="46.1918200" lon="-86.6540480">
    <ele>249.1</ele>
   </trkpt>
   <trkpt lat="46.1918360" lon="-86.6541240">
    <ele>249.1</ele>
   </trkpt>
   <trkpt lat="46.1919320" lon="-86.6544710">
    <ele>249.0</ele>
   </trkpt>
   <trkpt lat="46.1919550" lon="-86.6546100">
    <ele>249.0</ele>
   </trkpt>
   <trkpt lat="46.1919550" lon="-86.6546100">
    <ele>249.0</ele>
   </trkpt>
   <trkpt lat="46.1919700" lon="-86.6547470">
    <ele>249.0</ele>
   </trkpt>
   <trkpt lat="46.1919470" lon="-86.6548560">
    <ele>249.1</ele>
   </trkpt>
   <trkpt lat="46.1919540" lon="-86.6549070">
    <ele>249.1</ele>
   </trkpt>
   <trkpt lat="46.1919890" lon="-86.6549490">
    <ele>249.1</ele>
   </trkpt>
   <trkpt lat="46.1919400" lon="-86.6554370">
    <ele>249.1</ele>
   </trkpt>
   <trkpt lat="46.1918960" lon="-86.6555330">
    <ele>249.1</ele>
   </trkpt>
   <trkpt lat="46.1918070" lon="-86.6557590">
    <ele>249.0</ele>
   </trkpt>
   <trkpt lat="46.1917810" lon="-86.6558200">
    <ele>248.9</ele>
   </trkpt>
   <trkpt lat="46.1917570" lon="-86.6558750">
    <ele>248.8</ele>
   </trkpt>
   <trkpt lat="46.1914690" lon="-86.6564480">
    <ele>247.3</ele>
   </trkpt>
   <trkpt lat="46.1914410" lon="-86.6565540">
    <ele>246.9</ele>
   </trkpt>
   <trkpt lat="46.1912170" lon="-86.6572280">
    <ele>247.3</ele>
   </trkpt>
   <trkpt lat="46.1911570" lon="-86.6574040">
    <ele>248.0</ele>
   </trkpt>
   <trkpt lat="46.1908950" lon="-86.6581500">
    <ele>249.0</ele>
   </trkpt>
   <trkpt lat="46.1906150" lon="-86.6588410">
    <ele>249.2</ele>
   </trkpt>
   <trkpt lat="46.1903890" lon="-86.6595210">
    <ele>249.0</ele>
   </trkpt>
   <trkpt lat="46.1902760" lon="-86.6600950">
    <ele>249.0</ele>
   </trkpt>
   <trkpt lat="46.1902250" lon="-86.6603910">
    <ele>249.0</ele>
   </trkpt>
   <trkpt lat="46.1901900" lon="-86.6608020">
    <ele>249.0</ele>
   </trkpt>
   <trkpt lat="46.1901620" lon="-86.6610840">
    <ele>249.0</ele>
   </trkpt>
   <trkpt lat="46.1902040" lon="-86.6611750">
    <ele>249.0</ele>
   </trkpt>
   <trkpt lat="46.1901870" lon="-86.6612840">
    <ele>249.1</ele>
   </trkpt>
   <trkpt lat="46.1901930" lon="-86.6613590">
    <ele>249.0</ele>
   </trkpt>
   <trkpt lat="46.1902100" lon="-86.6614210">
    <ele>249.0</ele>
   </trkpt>
   <trkpt lat="46.1902490" lon="-86.6614640">
    <ele>249.0</ele>
   </trkpt>
   <trkpt lat="46.1904190" lon="-86.6615530">
    <ele>249.0</ele>
   </trkpt>
   <trkpt lat="46.1906730" lon="-86.6616210">
    <ele>249.0</ele>
   </trkpt>
   <trkpt lat="46.1911410" lon="-86.6616580">
    <ele>249.0</ele>
   </trkpt>
   <trkpt lat="46.1914530" lon="-86.6617130">
    <ele>249.3</ele>
   </trkpt>
   <trkpt lat="46.1918180" lon="-86.6617800">
    <ele>249.3</ele>
   </trkpt>
   <trkpt lat="46.1920500" lon="-86.6618570">
    <ele>249.3</ele>
   </trkpt>
   <trkpt lat="46.1921620" lon="-86.6618950">
    <ele>249.4</ele>
   </trkpt>
   <trkpt lat="46.1923350" lon="-86.6619640">
    <ele>249.4</ele>
   </trkpt>
   <trkpt lat="46.1923940" lon="-86.6619990">
    <ele>249.4</ele>
   </trkpt>
   <trkpt lat="46.1924480" lon="-86.6620220">
    <ele>249.5</ele>
   </trkpt>
   <trkpt lat="46.1925050" lon="-86.6620510">
    <ele>249.7</ele>
   </trkpt>
   <trkpt lat="46.1927220" lon="-86.6621460">
    <ele>250.2</ele>
   </trkpt>
   <trkpt lat="46.1932570" lon="-86.6624280">
    <ele>250.9</ele>
   </trkpt>
   <trkpt lat="46.1933220" lon="-86.6624610">
    <ele>251.0</ele>
   </trkpt>
   <trkpt lat="46.1938550" lon="-86.6627080">
    <ele>251.2</ele>
   </trkpt>
   <trkpt lat="46.1942720" lon="-86.6629050">
    <ele>250.9</ele>
   </trkpt>
   <trkpt lat="46.1947960" lon="-86.6631580">
    <ele>249.2</ele>
   </trkpt>
   <trkpt lat="46.1953140" lon="-86.6634100">
    <ele>250.7</ele>
   </trkpt>
   <trkpt lat="46.1958760" lon="-86.6635980">
    <ele>251.2</ele>
   </trkpt>
   <trkpt lat="46.1964310" lon="-86.6637000">
    <ele>251.2</ele>
   </trkpt>
   <trkpt lat="46.1965990" lon="-86.6636470">
    <ele>251.0</ele>
   </trkpt>
   <trkpt lat="46.1966590" lon="-86.6636470">
    <ele>251.2</ele>
   </trkpt>
   <trkpt lat="46.1972100" lon="-86.6635960">
    <ele>251.5</ele>
   </trkpt>
   <trkpt lat="46.1973170" lon="-86.6635690">
    <ele>252.5</ele>
   </trkpt>
   <trkpt lat="46.1976680" lon="-86.6635270">
    <ele>254.1</ele>
   </trkpt>
   <trkpt lat="46.1980450" lon="-86.6634800">
    <ele>254.0</ele>
   </trkpt>
   <trkpt lat="46.1983920" lon="-86.6633770">
    <ele>254.8</ele>
   </trkpt>
   <trkpt lat="46.1988500" lon="-86.6632860">
    <ele>255.4</ele>
   </trkpt>
   <trkpt lat="46.1993990" lon="-86.6633260">
    <ele>258.2</ele>
   </trkpt>
   <trkpt lat="46.1995500" lon="-86.6633830">
    <ele>258.0</ele>
   </trkpt>
   <trkpt lat="46.2000740" lon="-86.6637100">
    <ele>256.0</ele>
   </trkpt>
   <trkpt lat="46.2005760" lon="-86.6640240">
    <ele>258.9</ele>
   </trkpt>
   <trkpt lat="46.2011690" lon="-86.6640340">
    <ele>256.3</ele>
   </trkpt>
   <trkpt lat="46.2017080" lon="-86.6638390">
    <ele>252.5</ele>
   </trkpt>
   <trkpt lat="46.2022420" lon="-86.6636620">
    <ele>249.1</ele>
   </trkpt>
   <trkpt lat="46.2028040" lon="-86.6634340">
    <ele>248.7</ele>
   </trkpt>
   <trkpt lat="46.2033280" lon="-86.6630070">
    <ele>248.9</ele>
   </trkpt>
   <trkpt lat="46.2033770" lon="-86.6629370">
    <ele>248.9</ele>
   </trkpt>
   <trkpt lat="46.2036740" lon="-86.6622410">
    <ele>248.3</ele>
   </trkpt>
   <trkpt lat="46.2038620" lon="-86.6614610">
    <ele>246.0</ele>
   </trkpt>
   <trkpt lat="46.2040930" lon="-86.6607180">
    <ele>245.9</ele>
   </trkpt>
   <trkpt lat="46.2041290" lon="-86.6606510">
    <ele>245.9</ele>
   </trkpt>
   <trkpt lat="46.2044270" lon="-86.6602160">
    <ele>245.9</ele>
   </trkpt>
   <trkpt lat="46.2049640" lon="-86.6598520">
    <ele>245.9</ele>
   </trkpt>
   <trkpt lat="46.2052690" lon="-86.6598070">
    <ele>246.0</ele>
   </trkpt>
   <trkpt lat="46.2058560" lon="-86.6598620">
    <ele>245.8</ele>
   </trkpt>
   <trkpt lat="46.2064320" lon="-86.6598790">
    <ele>248.3</ele>
   </trkpt>
   <trkpt lat="46.2065330" lon="-86.6598750">
    <ele>248.5</ele>
   </trkpt>
   <trkpt lat="46.2071060" lon="-86.6598500">
    <ele>246.7</ele>
   </trkpt>
   <trkpt lat="46.2076970" lon="-86.6598520">
    <ele>246.4</ele>
   </trkpt>
   <trkpt lat="46.2078670" lon="-86.6598730">
    <ele>246.4</ele>
   </trkpt>
   <trkpt lat="46.2083970" lon="-86.6599590">
    <ele>247.4</ele>
   </trkpt>
   <trkpt lat="46.2089530" lon="-86.6600510">
    <ele>248.4</ele>
   </trkpt>
   <trkpt lat="46.2093980" lon="-86.6601470">
    <ele>248.3</ele>
   </trkpt>
   <trkpt lat="46.2099470" lon="-86.6602290">
    <ele>248.5</ele>
   </trkpt>
   <trkpt lat="46.2104980" lon="-86.6602270">
    <ele>248.4</ele>
   </trkpt>
   <trkpt lat="46.2110920" lon="-86.6602530">
    <ele>248.2</ele>
   </trkpt>
   <trkpt lat="46.2114540" lon="-86.6603250">
    <ele>248.1</ele>
   </trkpt>
   <trkpt lat="46.2120340" lon="-86.6605320">
    <ele>248.1</ele>
   </trkpt>
   <trkpt lat="46.2125770" lon="-86.6607610">
    <ele>248.1</ele>
   </trkpt>
   <trkpt lat="46.2131320" lon="-86.6610280">
    <ele>248.3</ele>
   </trkpt>
   <trkpt lat="46.2136510" lon="-86.6612830">
    <ele>248.8</ele>
   </trkpt>
   <trkpt lat="46.2141870" lon="-86.6615400">
    <ele>248.8</ele>
   </trkpt>
   <trkpt lat="46.2145180" lon="-86.6617540">
    <ele>248.8</ele>
   </trkpt>
   <trkpt lat="46.2149630" lon="-86.6622710">
    <ele>248.8</ele>
   </trkpt>
   <trkpt lat="46.2151080" lon="-86.6625350">
    <ele>249.0</ele>
   </trkpt>
   <trkpt lat="46.2152150" lon="-86.6627310">
    <ele>248.9</ele>
   </trkpt>
   <trkpt lat="46.2154860" lon="-86.6632670">
    <ele>248.7</ele>
   </trkpt>
   <trkpt lat="46.2156780" lon="-86.6635730">
    <ele>248.5</ele>
   </trkpt>
   <trkpt lat="46.2158360" lon="-86.6638010">
    <ele>248.4</ele>
   </trkpt>
   <trkpt lat="46.2159220" lon="-86.6639100">
    <ele>248.4</ele>
   </trkpt>
   <trkpt lat="46.2163890" lon="-86.6643340">
    <ele>248.4</ele>
   </trkpt>
   <trkpt lat="46.2168180" lon="-86.6646300">
    <ele>248.2</ele>
   </trkpt>
   <trkpt lat="46.2173340" lon="-86.6650170">
    <ele>247.9</ele>
   </trkpt>
   <trkpt lat="46.2177570" lon="-86.6653420">
    <ele>247.9</ele>
   </trkpt>
   <trkpt lat="46.2180620" lon="-86.6655700">
    <ele>248.0</ele>
   </trkpt>
   <trkpt lat="46.2181150" lon="-86.6656050">
    <ele>248.1</ele>
   </trkpt>
   <trkpt lat="46.2181660" lon="-86.6656420">
    <ele>248.2</ele>
   </trkpt>
   <trkpt lat="46.2182140" lon="-86.6656780">
    <ele>248.3</ele>
   </trkpt>
   <trkpt lat="46.2187040" lon="-86.6660350">
    <ele>248.8</ele>
   </trkpt>
   <trkpt lat="46.2191980" lon="-86.6663940">
    <ele>248.8</ele>
   </trkpt>
   <trkpt lat="46.2193420" lon="-86.6665040">
    <ele>248.8</ele>
   </trkpt>
   <trkpt lat="46.2195390" lon="-86.6666580">
    <ele>248.7</ele>
   </trkpt>
   <trkpt lat="46.2198380" lon="-86.6669000">
    <ele>248.5</ele>
   </trkpt>
   <trkpt lat="46.2199370" lon="-86.6669810">
    <ele>248.5</ele>
   </trkpt>
   <trkpt lat="46.2201390" lon="-86.6671470">
    <ele>248.4</ele>
   </trkpt>
   <trkpt lat="46.2205910" lon="-86.6674980">
    <ele>247.9</ele>
   </trkpt>
   <trkpt lat="46.2206940" lon="-86.6675660">
    <ele>247.8</ele>
   </trkpt>
   <trkpt lat="46.2208930" lon="-86.6677170">
    <ele>247.6</ele>
   </trkpt>
   <trkpt lat="46.2209430" lon="-86.6677530">
    <ele>247.5</ele>
   </trkpt>
   <trkpt lat="46.2214380" lon="-86.6681380">
    <ele>246.9</ele>
   </trkpt>
   <trkpt lat="46.2215920" lon="-86.6682670">
    <ele>246.8</ele>
   </trkpt>
   <trkpt lat="46.2216420" lon="-86.6683110">
    <ele>246.8</ele>
   </trkpt>
   <trkpt lat="46.2218880" lon="-86.6685020">
    <ele>247.1</ele>
   </trkpt>
   <trkpt lat="46.2221790" lon="-86.6687260">
    <ele>247.2</ele>
   </trkpt>
   <trkpt lat="46.2223980" lon="-86.6688720">
    <ele>246.6</ele>
   </trkpt>
   <trkpt lat="46.2229530" lon="-86.6691840">
    <ele>246.5</ele>
   </trkpt>
   <trkpt lat="46.2235130" lon="-86.6694150">
    <ele>246.6</ele>
   </trkpt>
   <trkpt lat="46.2240720" lon="-86.6695980">
    <ele>247.0</ele>
   </trkpt>
   <trkpt lat="46.2246030" lon="-86.6697700">
    <ele>247.7</ele>
   </trkpt>
   <trkpt lat="46.2250180" lon="-86.6699340">
    <ele>248.5</ele>
   </trkpt>
   <trkpt lat="46.2255810" lon="-86.6700980">
    <ele>249.0</ele>
   </trkpt>
   <trkpt lat="46.2259090" lon="-86.6702120">
    <ele>249.2</ele>
   </trkpt>
   <trkpt lat="46.2261220" lon="-86.6702890">
    <ele>249.3</ele>
   </trkpt>
   <trkpt lat="46.2266030" lon="-86.6704280">
    <ele>249.3</ele>
   </trkpt>
   <trkpt lat="46.2268200" lon="-86.6704950">
    <ele>249.3</ele>
   </trkpt>
   <trkpt lat="46.2273970" lon="-86.6706900">
    <ele>248.9</ele>
   </trkpt>
   <trkpt lat="46.2278110" lon="-86.6708440">
    <ele>248.7</ele>
   </trkpt>
   <trkpt lat="46.2279770" lon="-86.6708910">
    <ele>248.6</ele>
   </trkpt>
   <trkpt lat="46.2285540" lon="-86.6711010">
    <ele>247.8</ele>
   </trkpt>
   <trkpt lat="46.2291160" lon="-86.6713150">
    <ele>248.8</ele>
   </trkpt>
   <trkpt lat="46.2293810" lon="-86.6714130">
    <ele>249.7</ele>
   </trkpt>
   <trkpt lat="46.2298740" lon="-86.6717530">
    <ele>250.4</ele>
   </trkpt>
   <trkpt lat="46.2303200" lon="-86.6722630">
    <ele>249.7</ele>
   </trkpt>
   <trkpt lat="46.2306520" lon="-86.6728870">
    <ele>250.5</ele>
   </trkpt>
   <trkpt lat="46.2309080" lon="-86.6734820">
    <ele>251.0</ele>
   </trkpt>
   <trkpt lat="46.2312880" lon="-86.6740520">
    <ele>250.3</ele>
   </trkpt>
   <trkpt lat="46.2313760" lon="-86.6741730">
    <ele>249.9</ele>
   </trkpt>
   <trkpt lat="46.2315620" lon="-86.6743970">
    <ele>249.0</ele>
   </trkpt>
   <trkpt lat="46.2316550" lon="-86.6744990">
    <ele>248.6</ele>
   </trkpt>
   <trkpt lat="46.2317590" lon="-86.6745920">
    <ele>248.2</ele>
   </trkpt>
   <trkpt lat="46.2319820" lon="-86.6747650">
    <ele>246.8</ele>
   </trkpt>
   <trkpt lat="46.2321040" lon="-86.6748500">
    <ele>246.5</ele>
   </trkpt>
   <trkpt lat="46.2321330" lon="-86.6748690">
    <ele>246.5</ele>
   </trkpt>
   <trkpt lat="46.2321620" lon="-86.6748890">
    <ele>246.4</ele>
   </trkpt>
   <trkpt lat="46.2322790" lon="-86.6749570">
    <ele>246.3</ele>
   </trkpt>
   <trkpt lat="46.2323950" lon="-86.6750240">
    <ele>246.3</ele>
   </trkpt>
   <trkpt lat="46.2324520" lon="-86.6750580">
    <ele>246.4</ele>
   </trkpt>
   <trkpt lat="46.2325120" lon="-86.6750820">
    <ele>246.6</ele>
   </trkpt>
   <trkpt lat="46.2326270" lon="-86.6751300">
    <ele>247.0</ele>
   </trkpt>
   <trkpt lat="46.2332130" lon="-86.6752500">
    <ele>248.8</ele>
   </trkpt>
   <trkpt lat="46.2334350" lon="-86.6752620">
    <ele>249.0</ele>
   </trkpt>
   <trkpt lat="46.2338770" lon="-86.6752850">
    <ele>249.8</ele>
   </trkpt>
   <trkpt lat="46.2343440" lon="-86.6752980">
    <ele>250.4</ele>
   </trkpt>
   <trkpt lat="46.2347970" lon="-86.6754400">
    <ele>250.8</ele>
   </trkpt>
   <trkpt lat="46.2353130" lon="-86.6757310">
    <ele>250.9</ele>
   </trkpt>
   <trkpt lat="46.2357910" lon="-86.6761200">
    <ele>251.6</ele>
   </trkpt>
   <trkpt lat="46.2360250" lon="-86.6763230">
    <ele>251.6</ele>
   </trkpt>
   <trkpt lat="46.2365100" lon="-86.6767430">
    <ele>251.6</ele>
   </trkpt>
   <trkpt lat="46.2366500" lon="-86.6768730">
    <ele>251.7</ele>
   </trkpt>
   <trkpt lat="46.2371220" lon="-86.6773440">
    <ele>250.1</ele>
   </trkpt>
   <trkpt lat="46.2375850" lon="-86.6778280">
    <ele>249.4</ele>
   </trkpt>
   <trkpt lat="46.2380710" lon="-86.6782420">
    <ele>250.3</ele>
   </trkpt>
   <trkpt lat="46.2384830" lon="-86.6785630">
    <ele>250.8</ele>
   </trkpt>
   <trkpt lat="46.2386320" lon="-86.6786170">
    <ele>251.0</ele>
   </trkpt>
   <trkpt lat="46.2391570" lon="-86.6788030">
    <ele>251.4</ele>
   </trkpt>
   <trkpt lat="46.2396690" lon="-86.6789150">
    <ele>251.9</ele>
   </trkpt>
   <trkpt lat="46.2402250" lon="-86.6789720">
    <ele>251.9</ele>
   </trkpt>
   <trkpt lat="46.2406920" lon="-86.6791190">
    <ele>252.0</ele>
   </trkpt>
   <trkpt lat="46.2408960" lon="-86.6791810">
    <ele>252.0</ele>
   </trkpt>
   <trkpt lat="46.2414480" lon="-86.6793520">
    <ele>252.1</ele>
   </trkpt>
   <trkpt lat="46.2417360" lon="-86.6794140">
    <ele>252.0</ele>
   </trkpt>
   <trkpt lat="46.2420480" lon="-86.6794590">
    <ele>252.0</ele>
   </trkpt>
   <trkpt lat="46.2423150" lon="-86.6795120">
    <ele>251.9</ele>
   </trkpt>
   <trkpt lat="46.2424190" lon="-86.6795320">
    <ele>252.0</ele>
   </trkpt>
   <trkpt lat="46.2427460" lon="-86.6795510">
    <ele>252.0</ele>
   </trkpt>
   <trkpt lat="46.2431950" lon="-86.6795200">
    <ele>252.0</ele>
   </trkpt>
   <trkpt lat="46.2437410" lon="-86.6795020">
    <ele>252.2</ele>
   </trkpt>
   <trkpt lat="46.2440660" lon="-86.6795310">
    <ele>252.4</ele>
   </trkpt>
   <trkpt lat="46.2441870" lon="-86.6795430">
    <ele>252.5</ele>
   </trkpt>
   <trkpt lat="46.2441870" lon="-86.6795430">
    <ele>252.5</ele>
   </trkpt>
   <trkpt lat="46.2443130" lon="-86.6795540">
    <ele>252.5</ele>
   </trkpt>
   <trkpt lat="46.2447770" lon="-86.6795710">
    <ele>252.8</ele>
   </trkpt>
   <trkpt lat="46.2448490" lon="-86.6795770">
    <ele>252.9</ele>
   </trkpt>
   <trkpt lat="46.2451060" lon="-86.6795770">
    <ele>253.0</ele>
   </trkpt>
   <trkpt lat="46.2453360" lon="-86.6795750">
    <ele>253.2</ele>
   </trkpt>
   <trkpt lat="46.2454550" lon="-86.6795810">
    <ele>253.2</ele>
   </trkpt>
   <trkpt lat="46.2460170" lon="-86.6795990">
    <ele>253.4</ele>
   </trkpt>
   <trkpt lat="46.2461790" lon="-86.6795980">
    <ele>253.6</ele>
   </trkpt>
   <trkpt lat="46.2462890" lon="-86.6795960">
    <ele>253.7</ele>
   </trkpt>
   <trkpt lat="46.2465860" lon="-86.6796150">
    <ele>254.3</ele>
   </trkpt>
   <trkpt lat="46.2466980" lon="-86.6796270">
    <ele>254.6</ele>
   </trkpt>
   <trkpt lat="46.2468100" lon="-86.6796330">
    <ele>254.8</ele>
   </trkpt>
   <trkpt lat="46.2472490" lon="-86.6796220">
    <ele>255.0</ele>
   </trkpt>
   <trkpt lat="46.2473630" lon="-86.6796220">
    <ele>255.0</ele>
   </trkpt>
   <trkpt lat="46.2475850" lon="-86.6796090">
    <ele>255.0</ele>
   </trkpt>
   <trkpt lat="46.2476940" lon="-86.6796150">
    <ele>255.0</ele>
   </trkpt>
   <trkpt lat="46.2477500" lon="-86.6796170">
    <ele>255.0</ele>
   </trkpt>
   <trkpt lat="46.2481140" lon="-86.6796410">
    <ele>255.0</ele>
   </trkpt>
   <trkpt lat="46.2482360" lon="-86.6796450">
    <ele>255.0</ele>
   </trkpt>
   <trkpt lat="46.2488350" lon="-86.6796550">
    <ele>255.0</ele>
   </trkpt>
   <trkpt lat="46.2492980" lon="-86.6796840">
    <ele>255.0</ele>
   </trkpt>
   <trkpt lat="46.2494130" lon="-86.6796880">
    <ele>255.0</ele>
   </trkpt>
   <trkpt lat="46.2499990" lon="-86.6796690">
    <ele>255.0</ele>
   </trkpt>
   <trkpt lat="46.2504070" lon="-86.6796890">
    <ele>255.0</ele>
   </trkpt>
   <trkpt lat="46.2508970" lon="-86.6797020">
    <ele>255.1</ele>
   </trkpt>
   <trkpt lat="46.2512160" lon="-86.6797380">
    <ele>255.1</ele>
   </trkpt>
   <trkpt lat="46.2513820" lon="-86.6797480">
    <ele>255.1</ele>
   </trkpt>
   <trkpt lat="46.2515980" lon="-86.6797440">
    <ele>255.1</ele>
   </trkpt>
   <trkpt lat="46.2517770" lon="-86.6797460">
    <ele>255.1</ele>
   </trkpt>
   <trkpt lat="46.2523610" lon="-86.6798070">
    <ele>255.1</ele>
   </trkpt>
   <trkpt lat="46.2529090" lon="-86.6798050">
    <ele>255.1</ele>
   </trkpt>
   <trkpt lat="46.2532790" lon="-86.6798540">
    <ele>255.2</ele>
   </trkpt>
   <trkpt lat="46.2538320" lon="-86.6798930">
    <ele>255.3</ele>
   </trkpt>
   <trkpt lat="46.2544170" lon="-86.6798980">
    <ele>255.3</ele>
   </trkpt>
   <trkpt lat="46.2545810" lon="-86.6799180">
    <ele>255.3</ele>
   </trkpt>
   <trkpt lat="46.2547390" lon="-86.6798980">
    <ele>255.3</ele>
   </trkpt>
   <trkpt lat="46.2547930" lon="-86.6798910">
    <ele>255.4</ele>
   </trkpt>
   <trkpt lat="46.2553490" lon="-86.6798770">
    <ele>255.2</ele>
   </trkpt>
   <trkpt lat="46.2556440" lon="-86.6798910">
    <ele>255.1</ele>
   </trkpt>
   <trkpt lat="46.2560450" lon="-86.6798780">
    <ele>255.3</ele>
   </trkpt>
   <trkpt lat="46.2563870" lon="-86.6798830">
    <ele>255.3</ele>
   </trkpt>
   <trkpt lat="46.2569580" lon="-86.6799010">
    <ele>255.5</ele>
   </trkpt>
   <trkpt lat="46.2572580" lon="-86.6799040">
    <ele>255.6</ele>
   </trkpt>
   <trkpt lat="46.2573590" lon="-86.6800370">
    <ele>255.6</ele>
   </trkpt>
   <trkpt lat="46.2573670" lon="-86.6801800">
    <ele>255.6</ele>
   </trkpt>
   <trkpt lat="46.2573520" lon="-86.6803230">
    <ele>255.6</ele>
   </trkpt>
   <trkpt lat="46.2571760" lon="-86.6810780">
    <ele>255.6</ele>
   </trkpt>
   <trkpt lat="46.2570040" lon="-86.6818350">
    <ele>255.5</ele>
   </trkpt>
   <trkpt lat="46.2568350" lon="-86.6825230">
    <ele>255.7</ele>
   </trkpt>
   <trkpt lat="46.2567980" lon="-86.6826610">
    <ele>255.8</ele>
   </trkpt>
   <trkpt lat="46.2567980" lon="-86.6826610">
    <ele>255.8</ele>
   </trkpt>
   <trkpt lat="46.2567460" lon="-86.6828640">
    <ele>255.9</ele>
   </trkpt>
   <trkpt lat="46.2567110" lon="-86.6830050">
    <ele>256.0</ele>
   </trkpt>
   <trkpt lat="46.2565350" lon="-86.6838160">
    <ele>256.1</ele>
   </trkpt>
   <trkpt lat="46.2564700" lon="-86.6841210">
    <ele>256.2</ele>
   </trkpt>
   <trkpt lat="46.2562710" lon="-86.6849310">
    <ele>257.2</ele>
   </trkpt>
   <trkpt lat="46.2561360" lon="-86.6857020">
    <ele>257.8</ele>
   </trkpt>
   <trkpt lat="46.2560490" lon="-86.6863540">
    <ele>257.9</ele>
   </trkpt>
   <trkpt lat="46.2559840" lon="-86.6869250">
    <ele>258.0</ele>
   </trkpt>
   <trkpt lat="46.2559650" lon="-86.6870860">
    <ele>258.0</ele>
   </trkpt>
   <trkpt lat="46.2559650" lon="-86.6870860">
    <ele>258.0</ele>
   </trkpt>
   <trkpt lat="46.2559500" lon="-86.6873440">
    <ele>258.0</ele>
   </trkpt>
   <trkpt lat="46.2559260" lon="-86.6876770">
    <ele>257.8</ele>
   </trkpt>
   <trkpt lat="46.2559530" lon="-86.6884460">
    <ele>257.2</ele>
   </trkpt>
   <trkpt lat="46.2560350" lon="-86.6892250">
    <ele>257.3</ele>
   </trkpt>
   <trkpt lat="46.2561760" lon="-86.6899420">
    <ele>255.6</ele>
   </trkpt>
   <trkpt lat="46.2562070" lon="-86.6901190">
    <ele>255.2</ele>
   </trkpt>
   <trkpt lat="46.2562070" lon="-86.6901190">
    <ele>255.2</ele>
   </trkpt>
   <trkpt lat="46.2563310" lon="-86.6909070">
    <ele>257.4</ele>
   </trkpt>
   <trkpt lat="46.2563450" lon="-86.6909920">
    <ele>257.5</ele>
   </trkpt>
   <trkpt lat="46.2563620" lon="-86.6911580">
    <ele>257.4</ele>
   </trkpt>
   <trkpt lat="46.2564730" lon="-86.6919780">
    <ele>256.9</ele>
   </trkpt>
   <trkpt lat="46.2566310" lon="-86.6928090">
    <ele>255.6</ele>
   </trkpt>
   <trkpt lat="46.2566960" lon="-86.6932520">
    <ele>255.1</ele>
   </trkpt>
   <trkpt lat="46.2567670" lon="-86.6936840">
    <ele>255.1</ele>
   </trkpt>
   <trkpt lat="46.2568850" lon="-86.6945090">
    <ele>255.7</ele>
   </trkpt>
   <trkpt lat="46.2569360" lon="-86.6948180">
    <ele>256.2</ele>
   </trkpt>
   <trkpt lat="46.2569950" lon="-86.6952920">
    <ele>257.3</ele>
   </trkpt>
   <trkpt lat="46.2570040" lon="-86.6955380">
    <ele>257.6</ele>
   </trkpt>
   <trkpt lat="46.2570030" lon="-86.6959620">
    <ele>258.1</ele>
   </trkpt>
   <trkpt lat="46.2570190" lon="-86.6966810">
    <ele>258.0</ele>
   </trkpt>
   <trkpt lat="46.2570190" lon="-86.6967530">
    <ele>258.0</ele>
   </trkpt>
   <trkpt lat="46.2570260" lon="-86.6969710">
    <ele>258.0</ele>
   </trkpt>
   <trkpt lat="46.2570270" lon="-86.6973430">
    <ele>258.0</ele>
   </trkpt>
   <trkpt lat="46.2570100" lon="-86.6977060">
    <ele>258.0</ele>
   </trkpt>
   <trkpt lat="46.2569680" lon="-86.6985100">
    <ele>258.1</ele>
   </trkpt>
   <trkpt lat="46.2569560" lon="-86.6991300">
    <ele>258.2</ele>
   </trkpt>
   <trkpt lat="46.2569840" lon="-86.6999790">
    <ele>258.2</ele>
   </trkpt>
   <trkpt lat="46.2569230" lon="-86.7006720">
    <ele>258.0</ele>
   </trkpt>
   <trkpt lat="46.2568920" lon="-86.7010650">
    <ele>258.0</ele>
   </trkpt>
   <trkpt lat="46.2568440" lon="-86.7018890">
    <ele>258.0</ele>
   </trkpt>
   <trkpt lat="46.2567900" lon="-86.7027430">
    <ele>258.2</ele>
   </trkpt>
   <trkpt lat="46.2567420" lon="-86.7035530">
    <ele>258.1</ele>
   </trkpt>
   <trkpt lat="46.2566830" lon="-86.7043870">
    <ele>257.9</ele>
   </trkpt>
   <trkpt lat="46.2566000" lon="-86.7051930">
    <ele>257.8</ele>
   </trkpt>
   <trkpt lat="46.2565260" lon="-86.7059720">
    <ele>258.0</ele>
   </trkpt>
   <trkpt lat="46.2565070" lon="-86.7062980">
    <ele>258.1</ele>
   </trkpt>
   <trkpt lat="46.2564850" lon="-86.7065450">
    <ele>258.0</ele>
   </trkpt>
   <trkpt lat="46.2564800" lon="-86.7066260">
    <ele>258.0</ele>
   </trkpt>
   <trkpt lat="46.2564180" lon="-86.7072580">
    <ele>257.9</ele>
   </trkpt>
   <trkpt lat="46.2564030" lon="-86.7074100">
    <ele>257.8</ele>
   </trkpt>
   <trkpt lat="46.2563450" lon="-86.7082020">
    <ele>257.3</ele>
   </trkpt>
   <trkpt lat="46.2562960" lon="-86.7089890">
    <ele>256.9</ele>
   </trkpt>
   <trkpt lat="46.2562470" lon="-86.7095300">
    <ele>257.1</ele>
   </trkpt>
   <trkpt lat="46.2562300" lon="-86.7096860">
    <ele>257.2</ele>
   </trkpt>
   <trkpt lat="46.2562300" lon="-86.7096860">
    <ele>257.2</ele>
   </trkpt>
   <trkpt lat="46.2561930" lon="-86.7101670">
    <ele>258.0</ele>
   </trkpt>
   <trkpt lat="46.2561790" lon="-86.7103250">
    <ele>258.0</ele>
   </trkpt>
   <trkpt lat="46.2561250" lon="-86.7111280">
    <ele>258.1</ele>
   </trkpt>
   <trkpt lat="46.2560890" lon="-86.7115090">
    <ele>258.0</ele>
   </trkpt>
   <trkpt lat="46.2560400" lon="-86.7122950">
    <ele>258.1</ele>
   </trkpt>
   <trkpt lat="46.2560350" lon="-86.7124630">
    <ele>258.0</ele>
   </trkpt>
   <trkpt lat="46.2560000" lon="-86.7129600">
    <ele>258.0</ele>
   </trkpt>
   <trkpt lat="46.2559360" lon="-86.7137060">
    <ele>258.0</ele>
   </trkpt>
   <trkpt lat="46.2559270" lon="-86.7141450">
    <ele>258.0</ele>
   </trkpt>
   <trkpt lat="46.2559080" lon="-86.7149650">
    <ele>257.9</ele>
   </trkpt>
   <trkpt lat="46.2558940" lon="-86.7153250">
    <ele>257.7</ele>
   </trkpt>
   <trkpt lat="46.2558680" lon="-86.7161870">
    <ele>257.6</ele>
   </trkpt>
   <trkpt lat="46.2558760" lon="-86.7170390">
    <ele>257.6</ele>
   </trkpt>
   <trkpt lat="46.2559170" lon="-86.7178600">
    <ele>257.7</ele>
   </trkpt>
   <trkpt lat="46.2559350" lon="-86.7186870">
    <ele>257.8</ele>
   </trkpt>
   <trkpt lat="46.2559270" lon="-86.7194680">
    <ele>258.0</ele>
   </trkpt>
   <trkpt lat="46.2559230" lon="-86.7202760">
    <ele>258.1</ele>
   </trkpt>
   <trkpt lat="46.2559320" lon="-86.7210990">
    <ele>258.2</ele>
   </trkpt>
   <trkpt lat="46.2559710" lon="-86.7218830">
    <ele>258.3</ele>
   </trkpt>
   <trkpt lat="46.2560060" lon="-86.7226780">
    <ele>258.3</ele>
   </trkpt>
   <trkpt lat="46.2560240" lon="-86.7234950">
    <ele>258.3</ele>
   </trkpt>
   <trkpt lat="46.2560780" lon="-86.7241300">
    <ele>258.3</ele>
   </trkpt>
   <trkpt lat="46.2562160" lon="-86.7249030">
    <ele>258.3</ele>
   </trkpt>
   <trkpt lat="46.2564330" lon="-86.7256240">
    <ele>258.3</ele>
   </trkpt>
   <trkpt lat="46.2567020" lon="-86.7263430">
    <ele>258.3</ele>
   </trkpt>
   <trkpt lat="46.2570280" lon="-86.7269790">
    <ele>258.5</ele>
   </trkpt>
   <trkpt lat="46.2574110" lon="-86.7275840">
    <ele>258.8</ele>
   </trkpt>
   <trkpt lat="46.2576590" lon="-86.7279400">
    <ele>258.9</ele>
   </trkpt>
   <trkpt lat="46.2579410" lon="-86.7283480">
    <ele>259.1</ele>
   </trkpt>
   <trkpt lat="46.2583200" lon="-86.7289400">
    <ele>259.2</ele>
   </trkpt>
   <trkpt lat="46.2583910" lon="-86.7290620">
    <ele>259.2</ele>
   </trkpt>
   <trkpt lat="46.2585540" lon="-86.7293700">
    <ele>259.3</ele>
   </trkpt>
   <trkpt lat="46.2585780" lon="-86.7294320">
    <ele>259.3</ele>
   </trkpt>
   <trkpt lat="46.2588350" lon="-86.7301380">
    <ele>259.3</ele>
   </trkpt>
   <trkpt lat="46.2588700" lon="-86.7302770">
    <ele>259.4</ele>
   </trkpt>
   <trkpt lat="46.2590030" lon="-86.7306650">
    <ele>259.4</ele>
   </trkpt>
   <trkpt lat="46.2590350" lon="-86.7308010">
    <ele>259.4</ele>
   </trkpt>
   <trkpt lat="46.2590850" lon="-86.7310180">
    <ele>259.4</ele>
   </trkpt>
   <trkpt lat="46.2591330" lon="-86.7312390">
    <ele>259.5</ele>
   </trkpt>
   <trkpt lat="46.2592800" lon="-86.7320480">
    <ele>259.5</ele>
   </trkpt>
   <trkpt lat="46.2593130" lon="-86.7323400">
    <ele>259.4</ele>
   </trkpt>
   <trkpt lat="46.2593570" lon="-86.7330890">
    <ele>259.3</ele>
   </trkpt>
   <trkpt lat="46.2593800" lon="-86.7334160">
    <ele>259.4</ele>
   </trkpt>
   <trkpt lat="46.2593820" lon="-86.7337350">
    <ele>259.3</ele>
   </trkpt>
   <trkpt lat="46.2594030" lon="-86.7343800">
    <ele>259.3</ele>
   </trkpt>
   <trkpt lat="46.2594200" lon="-86.7347810">
    <ele>259.4</ele>
   </trkpt>
   <trkpt lat="46.2594320" lon="-86.7349360">
    <ele>259.5</ele>
   </trkpt>
   <trkpt lat="46.2594410" lon="-86.7350920">
    <ele>259.4</ele>
   </trkpt>
   <trkpt lat="46.2594520" lon="-86.7354240">
    <ele>259.3</ele>
   </trkpt>
   <trkpt lat="46.2594550" lon="-86.7355750">
    <ele>259.3</ele>
   </trkpt>
   <trkpt lat="46.2594530" lon="-86.7357210">
    <ele>259.4</ele>
   </trkpt>
   <trkpt lat="46.2594840" lon="-86.7364820">
    <ele>259.9</ele>
   </trkpt>
   <trkpt lat="46.2595540" lon="-86.7373140">
    <ele>260.0</ele>
   </trkpt>
   <trkpt lat="46.2596600" lon="-86.7378450">
    <ele>260.2</ele>
   </trkpt>
   <trkpt lat="46.2597070" lon="-86.7380700">
    <ele>260.3</ele>
   </trkpt>
   <trkpt lat="46.2598530" lon="-86.7388450">
    <ele>260.7</ele>
   </trkpt>
   <trkpt lat="46.2600150" lon="-86.7396480">
    <ele>260.7</ele>
   </trkpt>
   <trkpt lat="46.2601200" lon="-86.7403290">
    <ele>260.2</ele>
   </trkpt>
   <trkpt lat="46.2601730" lon="-86.7406770">
    <ele>259.6</ele>
   </trkpt>
   <trkpt lat="46.2603090" lon="-86.7414460">
    <ele>258.3</ele>
   </trkpt>
   <trkpt lat="46.2604560" lon="-86.7422160">
    <ele>258.0</ele>
   </trkpt>
   <trkpt lat="46.2605570" lon="-86.7427410">
    <ele>258.0</ele>
   </trkpt>
   <trkpt lat="46.2606830" lon="-86.7435260">
    <ele>258.0</ele>
   </trkpt>
   <trkpt lat="46.2608490" lon="-86.7442910">
    <ele>258.0</ele>
   </trkpt>
   <trkpt lat="46.2609130" lon="-86.7443740">
    <ele>258.0</ele>
   </trkpt>
   <trkpt lat="46.2609560" lon="-86.7444050">
    <ele>258.0</ele>
   </trkpt>
   <trkpt lat="46.2610480" lon="-86.7444410">
    <ele>258.1</ele>
   </trkpt>
   <trkpt lat="46.2611850" lon="-86.7444770">
    <ele>258.2</ele>
   </trkpt>
   <trkpt lat="46.2612310" lon="-86.7444930">
    <ele>258.2</ele>
   </trkpt>
   <trkpt lat="46.2614760" lon="-86.7445880">
    <ele>258.0</ele>
   </trkpt>
   <trkpt lat="46.2616170" lon="-86.7446760">
    <ele>258.0</ele>
   </trkpt>
   <trkpt lat="46.2617610" lon="-86.7447650">
    <ele>258.0</ele>
   </trkpt>
   <trkpt lat="46.2619620" lon="-86.7448800">
    <ele>258.0</ele>
   </trkpt>
   <trkpt lat="46.2622770" lon="-86.7450300">
    <ele>258.0</ele>
   </trkpt>
   <trkpt lat="46.2623910" lon="-86.7450600">
    <ele>258.0</ele>
   </trkpt>
   <trkpt lat="46.2625670" lon="-86.7450840">
    <ele>258.0</ele>
   </trkpt>
   <trkpt lat="46.2627420" lon="-86.7450990">
    <ele>258.0</ele>
   </trkpt>
   <trkpt lat="46.2632690" lon="-86.7451100">
    <ele>258.0</ele>
   </trkpt>
   <trkpt lat="46.2633300" lon="-86.7451150">
    <ele>258.0</ele>
   </trkpt>
   <trkpt lat="46.2638140" lon="-86.7451680">
    <ele>258.0</ele>
   </trkpt>
   <trkpt lat="46.2639840" lon="-86.7452220">
    <ele>258.0</ele>
   </trkpt>
   <trkpt lat="46.2644560" lon="-86.7454000">
    <ele>258.0</ele>
   </trkpt>
   <trkpt lat="46.2645780" lon="-86.7454440">
    <ele>257.9</ele>
   </trkpt>
   <trkpt lat="46.2648230" lon="-86.7455340">
    <ele>258.0</ele>
   </trkpt>
   <trkpt lat="46.2650660" lon="-86.7456480">
    <ele>258.0</ele>
   </trkpt>
   <trkpt lat="46.2656300" lon="-86.7458610">
    <ele>257.8</ele>
   </trkpt>
   <trkpt lat="46.2660630" lon="-86.7459570">
    <ele>256.8</ele>
   </trkpt>
   <trkpt lat="46.2666350" lon="-86.7459620">
    <ele>257.0</ele>
   </trkpt>
   <trkpt lat="46.2671930" lon="-86.7459960">
    <ele>258.0</ele>
   </trkpt>
   <trkpt lat="46.2677620" lon="-86.7460520">
    <ele>258.1</ele>
   </trkpt>
   <trkpt lat="46.2679270" lon="-86.7460740">
    <ele>258.1</ele>
   </trkpt>
   <trkpt lat="46.2680430" lon="-86.7460930">
    <ele>258.1</ele>
   </trkpt>
   <trkpt lat="46.2680760" lon="-86.7460980">
    <ele>258.2</ele>
   </trkpt>
   <trkpt lat="46.2681080" lon="-86.7461040">
    <ele>258.2</ele>
   </trkpt>
   <trkpt lat="46.2682250" lon="-86.7461240">
    <ele>258.3</ele>
   </trkpt>
   <trkpt lat="46.2683950" lon="-86.7461590">
    <ele>258.3</ele>
   </trkpt>
   <trkpt lat="46.2684480" lon="-86.7461700">
    <ele>258.3</ele>
   </trkpt>
   <trkpt lat="46.2685060" lon="-86.7461820">
    <ele>258.3</ele>
   </trkpt>
   <trkpt lat="46.2686280" lon="-86.7462090">
    <ele>258.3</ele>
   </trkpt>
   <trkpt lat="46.2688920" lon="-86.7462750">
    <ele>258.2</ele>
   </trkpt>
   <trkpt lat="46.2690280" lon="-86.7463020">
    <ele>258.3</ele>
   </trkpt>
   <trkpt lat="46.2692210" lon="-86.7463420">
    <ele>258.4</ele>
   </trkpt>
   <trkpt lat="46.2692860" lon="-86.7463570">
    <ele>258.4</ele>
   </trkpt>
   <trkpt lat="46.2694640" lon="-86.7463940">
    <ele>258.6</ele>
   </trkpt>
   <trkpt lat="46.2695260" lon="-86.7464110">
    <ele>258.7</ele>
   </trkpt>
   <trkpt lat="46.2695870" lon="-86.7464300">
    <ele>258.7</ele>
   </trkpt>
   <trkpt lat="46.2696500" lon="-86.7464460">
    <ele>258.8</ele>
   </trkpt>
   <trkpt lat="46.2697100" lon="-86.7464640">
    <ele>258.9</ele>
   </trkpt>
   <trkpt lat="46.2697670" lon="-86.7464850">
    <ele>258.9</ele>
   </trkpt>
   <trkpt lat="46.2698160" lon="-86.7464920">
    <ele>258.8</ele>
   </trkpt>
   <trkpt lat="46.2699670" lon="-86.7465100">
    <ele>258.8</ele>
   </trkpt>
   <trkpt lat="46.2701980" lon="-86.7465380">
    <ele>258.8</ele>
   </trkpt>
   <trkpt lat="46.2703260" lon="-86.7465430">
    <ele>258.9</ele>
   </trkpt>
   <trkpt lat="46.2703260" lon="-86.7465430">
    <ele>258.9</ele>
   </trkpt>
   <trkpt lat="46.2709210" lon="-86.7465980">
    <ele>260.4</ele>
   </trkpt>
   <trkpt lat="46.2710280" lon="-86.7466140">
    <ele>260.6</ele>
   </trkpt>
   <trkpt lat="46.2712850" lon="-86.7466630">
    <ele>260.9</ele>
   </trkpt>
   <trkpt lat="46.2716780" lon="-86.7467390">
    <ele>261.6</ele>
   </trkpt>
   <trkpt lat="46.2717830" lon="-86.7467500">
    <ele>261.7</ele>
   </trkpt>
   <trkpt lat="46.2717830" lon="-86.7467500">
    <ele>261.7</ele>
   </trkpt>
   <trkpt lat="46.2720450" lon="-86.7467760">
    <ele>262.3</ele>
   </trkpt>
   <trkpt lat="46.2725950" lon="-86.7468300">
    <ele>262.9</ele>
   </trkpt>
   <trkpt lat="46.2731400" lon="-86.7468700">
    <ele>263.6</ele>
   </trkpt>
   <trkpt lat="46.2735730" lon="-86.7469490">
    <ele>263.5</ele>
   </trkpt>
   <trkpt lat="46.2741340" lon="-86.7470330">
    <ele>263.0</ele>
   </trkpt>
   <trkpt lat="46.2746170" lon="-86.7471380">
    <ele>263.4</ele>
   </trkpt>
   <trkpt lat="46.2747290" lon="-86.7471720">
    <ele>263.6</ele>
   </trkpt>
   <trkpt lat="46.2747850" lon="-86.7471910">
    <ele>263.7</ele>
   </trkpt>
   <trkpt lat="46.2748420" lon="-86.7472060">
    <ele>263.9</ele>
   </trkpt>
   <trkpt lat="46.2748990" lon="-86.7472240">
    <ele>264.2</ele>
   </trkpt>
   <trkpt lat="46.2750110" lon="-86.7472610">
    <ele>264.2</ele>
   </trkpt>
   <trkpt lat="46.2751270" lon="-86.7472910">
    <ele>264.2</ele>
   </trkpt>
   <trkpt lat="46.2751270" lon="-86.7472910">
    <ele>264.2</ele>
   </trkpt>
   <trkpt lat="46.2752930" lon="-86.7473440">
    <ele>264.3</ele>
   </trkpt>
   <trkpt lat="46.2753460" lon="-86.7473630">
    <ele>264.3</ele>
   </trkpt>
   <trkpt lat="46.2758200" lon="-86.7475050">
    <ele>264.5</ele>
   </trkpt>
   <trkpt lat="46.2759300" lon="-86.7475530">
    <ele>264.5</ele>
   </trkpt>
   <trkpt lat="46.2760890" lon="-86.7476020">
    <ele>264.6</ele>
   </trkpt>
   <trkpt lat="46.2762940" lon="-86.7476770">
    <ele>264.7</ele>
   </trkpt>
   <trkpt lat="46.2764050" lon="-86.7477170">
    <ele>264.7</ele>
   </trkpt>
   <trkpt lat="46.2765630" lon="-86.7477940">
    <ele>264.7</ele>
   </trkpt>
   <trkpt lat="46.2770020" lon="-86.7479940">
    <ele>264.6</ele>
   </trkpt>
   <trkpt lat="46.2772170" lon="-86.7481330">
    <ele>264.7</ele>
   </trkpt>
   <trkpt lat="46.2777510" lon="-86.7485190">
    <ele>264.5</ele>
   </trkpt>
   <trkpt lat="46.2782930" lon="-86.7488160">
    <ele>264.5</ele>
   </trkpt>
   <trkpt lat="46.2787580" lon="-86.7490050">
    <ele>265.0</ele>
   </trkpt>
   <trkpt lat="46.2792840" lon="-86.7491860">
    <ele>265.7</ele>
   </trkpt>
   <trkpt lat="46.2798180" lon="-86.7493640">
    <ele>266.2</ele>
   </trkpt>
   <trkpt lat="46.2802400" lon="-86.7495380">
    <ele>266.2</ele>
   </trkpt>
   <trkpt lat="46.2803580" lon="-86.7495870">
    <ele>266.3</ele>
   </trkpt>
   <trkpt lat="46.2804690" lon="-86.7496350">
    <ele>266.2</ele>
   </trkpt>
   <trkpt lat="46.2805210" lon="-86.7496600">
    <ele>266.2</ele>
   </trkpt>
   <trkpt lat="46.2810550" lon="-86.7498390">
    <ele>265.7</ele>
   </trkpt>
   <trkpt lat="46.2812720" lon="-86.7499510">
    <ele>266.4</ele>
   </trkpt>
   <trkpt lat="46.2813780" lon="-86.7500290">
    <ele>266.5</ele>
   </trkpt>
   <trkpt lat="46.2815930" lon="-86.7501850">
    <ele>266.7</ele>
   </trkpt>
   <trkpt lat="46.2816410" lon="-86.7502320">
    <ele>266.7</ele>
   </trkpt>
   <trkpt lat="46.2818370" lon="-86.7504160">
    <ele>266.9</ele>
   </trkpt>
   <trkpt lat="46.2823230" lon="-86.7508660">
    <ele>267.0</ele>
   </trkpt>
   <trkpt lat="46.2828240" lon="-86.7513160">
    <ele>267.1</ele>
   </trkpt>
   <trkpt lat="46.2833460" lon="-86.7516960">
    <ele>267.2</ele>
   </trkpt>
   <trkpt lat="46.2838390" lon="-86.7521360">
    <ele>267.2</ele>
   </trkpt>
   <trkpt lat="46.2842470" lon="-86.7526120">
    <ele>267.1</ele>
   </trkpt>
   <trkpt lat="46.2846640" lon="-86.7533000">
    <ele>267.1</ele>
   </trkpt>
   <trkpt lat="46.2850690" lon="-86.7539250">
    <ele>267.1</ele>
   </trkpt>
   <trkpt lat="46.2851490" lon="-86.7540520">
    <ele>267.1</ele>
   </trkpt>
   <trkpt lat="46.2851920" lon="-86.7541110">
    <ele>267.1</ele>
   </trkpt>
   <trkpt lat="46.2856270" lon="-86.7546930">
    <ele>267.4</ele>
   </trkpt>
   <trkpt lat="46.2860320" lon="-86.7552910">
    <ele>267.4</ele>
   </trkpt>
   <trkpt lat="46.2864740" lon="-86.7558660">
    <ele>267.8</ele>
   </trkpt>
   <trkpt lat="46.2868910" lon="-86.7561780">
    <ele>268.7</ele>
   </trkpt>
   <trkpt lat="46.2870580" lon="-86.7562340">
    <ele>268.8</ele>
   </trkpt>
   <trkpt lat="46.2876230" lon="-86.7561690">
    <ele>269.0</ele>
   </trkpt>
   <trkpt lat="46.2881040" lon="-86.7557850">
    <ele>269.5</ele>
   </trkpt>
   <trkpt lat="46.2885480" lon="-86.7553400">
    <ele>269.3</ele>
   </trkpt>
   <trkpt lat="46.2890250" lon="-86.7548620">
    <ele>269.6</ele>
   </trkpt>
   <trkpt lat="46.2894730" lon="-86.7544040">
    <ele>269.8</ele>
   </trkpt>
   <trkpt lat="46.2899140" lon="-86.7539370">
    <ele>268.4</ele>
   </trkpt>
   <trkpt lat="46.2902080" lon="-86.7536240">
    <ele>268.8</ele>
   </trkpt>
   <trkpt lat="46.2903070" lon="-86.7535270">
    <ele>268.8</ele>
   </trkpt>
   <trkpt lat="46.2907970" lon="-86.7532140">
    <ele>267.9</ele>
   </trkpt>
   <trkpt lat="46.2909740" lon="-86.7531960">
    <ele>268.1</ele>
   </trkpt>
   <trkpt lat="46.2913720" lon="-86.7533460">
    <ele>268.8</ele>
   </trkpt>
   <trkpt lat="46.2918490" lon="-86.7537790">
    <ele>269.2</ele>
   </trkpt>
   <trkpt lat="46.2918950" lon="-86.7538250">
    <ele>269.0</ele>
   </trkpt>
   <trkpt lat="46.2923870" lon="-86.7542520">
    <ele>268.6</ele>
   </trkpt>
   <trkpt lat="46.2928970" lon="-86.7545790">
    <ele>270.4</ele>
   </trkpt>
   <trkpt lat="46.2931080" lon="-86.7546710">
    <ele>270.5</ele>
   </trkpt>
   <trkpt lat="46.2932990" lon="-86.7547190">
    <ele>270.6</ele>
   </trkpt>
   <trkpt lat="46.2933930" lon="-86.7547670">
    <ele>270.6</ele>
   </trkpt>
   <trkpt lat="46.2934710" lon="-86.7548520">
    <ele>270.5</ele>
   </trkpt>
   <trkpt lat="46.2935050" lon="-86.7549640">
    <ele>270.4</ele>
   </trkpt>
   <trkpt lat="46.2934920" lon="-86.7550810">
    <ele>270.4</ele>
   </trkpt>
   <trkpt lat="46.2934590" lon="-86.7551860">
    <ele>270.2</ele>
   </trkpt>
   <trkpt lat="46.2934070" lon="-86.7552930">
    <ele>270.1</ele>
   </trkpt>
   <trkpt lat="46.2931020" lon="-86.7559500">
    <ele>269.5</ele>
   </trkpt>
   <trkpt lat="46.2929210" lon="-86.7564110">
    <ele>270.0</ele>
   </trkpt>
   <trkpt lat="46.2926410" lon="-86.7571020">
    <ele>270.5</ele>
   </trkpt>
   <trkpt lat="46.2925560" lon="-86.7573640">
    <ele>270.5</ele>
   </trkpt>
   <trkpt lat="46.2923810" lon="-86.7581510">
    <ele>270.1</ele>
   </trkpt>
   <trkpt lat="46.2923280" lon="-86.7583950">
    <ele>270.1</ele>
   </trkpt>
   <trkpt lat="46.2922040" lon="-86.7587860">
    <ele>270.1</ele>
   </trkpt>
   <trkpt lat="46.2920150" lon="-86.7595170">
    <ele>270.1</ele>
   </trkpt>
   <trkpt lat="46.2919450" lon="-86.7597630">
    <ele>270.1</ele>
   </trkpt>
   <trkpt lat="46.2918800" lon="-86.7600190">
    <ele>270.1</ele>
   </trkpt>
   <trkpt lat="46.2917700" lon="-86.7603540">
    <ele>270.1</ele>
   </trkpt>
   <trkpt lat="46.2916860" lon="-86.7605800">
    <ele>270.1</ele>
   </trkpt>
   <trkpt lat="46.2915030" lon="-86.7609650">
    <ele>270.2</ele>
   </trkpt>
   <trkpt lat="46.2911080" lon="-86.7615680">
    <ele>270.4</ele>
   </trkpt>
   <trkpt lat="46.2907970" lon="-86.7619870">
    <ele>270.3</ele>
   </trkpt>
   <trkpt lat="46.2903550" lon="-86.7624980">
    <ele>269.8</ele>
   </trkpt>
   <trkpt lat="46.2900700" lon="-86.7630690">
    <ele>269.4</ele>
   </trkpt>
   <trkpt lat="46.2900130" lon="-86.7632340">
    <ele>269.3</ele>
   </trkpt>
   <trkpt lat="46.2899860" lon="-86.7633160">
    <ele>269.2</ele>
   </trkpt>
   <trkpt lat="46.2899600" lon="-86.7633970">
    <ele>269.1</ele>
   </trkpt>
   <trkpt lat="46.2899350" lon="-86.7634820">
    <ele>269.0</ele>
   </trkpt>
   <trkpt lat="46.2897430" lon="-86.7642960">
    <ele>268.1</ele>
   </trkpt>
   <trkpt lat="46.2895560" lon="-86.7651170">
    <ele>267.1</ele>
   </trkpt>
   <trkpt lat="46.2894540" lon="-86.7657290">
    <ele>267.4</ele>
   </trkpt>
   <trkpt lat="46.2894270" lon="-86.7661370">
    <ele>267.5</ele>
   </trkpt>
   <trkpt lat="46.2894190" lon="-86.7662990">
    <ele>267.6</ele>
   </trkpt>
   <trkpt lat="46.2894240" lon="-86.7671560">
    <ele>267.7</ele>
   </trkpt>
   <trkpt lat="46.2894190" lon="-86.7679700">
    <ele>267.7</ele>
   </trkpt>
   <trkpt lat="46.2894450" lon="-86.7688270">
    <ele>267.5</ele>
   </trkpt>
   <trkpt lat="46.2894590" lon="-86.7693120">
    <ele>267.5</ele>
   </trkpt>
   <trkpt lat="46.2895610" lon="-86.7701560">
    <ele>267.4</ele>
   </trkpt>
   <trkpt lat="46.2897690" lon="-86.7709370">
    <ele>267.1</ele>
   </trkpt>
   <trkpt lat="46.2899120" lon="-86.7713710">
    <ele>267.5</ele>
   </trkpt>
   <trkpt lat="46.2900740" lon="-86.7719320">
    <ele>269.8</ele>
   </trkpt>
   <trkpt lat="46.2901640" lon="-86.7722110">
    <ele>270.9</ele>
   </trkpt>
   <trkpt lat="46.2902660" lon="-86.7725780">
    <ele>271.1</ele>
   </trkpt>
   <trkpt lat="46.2905240" lon="-86.7733330">
    <ele>270.9</ele>
   </trkpt>
   <trkpt lat="46.2905550" lon="-86.7734230">
    <ele>270.9</ele>
   </trkpt>
   <trkpt lat="46.2906130" lon="-86.7735930">
    <ele>270.7</ele>
   </trkpt>
   <trkpt lat="46.2906880" lon="-86.7738560">
    <ele>270.3</ele>
   </trkpt>
   <trkpt lat="46.2907090" lon="-86.7739440">
    <ele>270.1</ele>
   </trkpt>
   <trkpt lat="46.2907390" lon="-86.7740350">
    <ele>269.8</ele>
   </trkpt>
   <trkpt lat="46.2907720" lon="-86.7741220">
    <ele>269.4</ele>
   </trkpt>
   <trkpt lat="46.2908060" lon="-86.7742110">
    <ele>269.2</ele>
   </trkpt>
   <trkpt lat="46.2909240" lon="-86.7745660">
    <ele>267.9</ele>
   </trkpt>
   <trkpt lat="46.2909830" lon="-86.7747380">
    <ele>268.1</ele>
   </trkpt>
   <trkpt lat="46.2910760" lon="-86.7749990">
    <ele>269.0</ele>
   </trkpt>
   <trkpt lat="46.2912370" lon="-86.7755480">
    <ele>271.0</ele>
   </trkpt>
   <trkpt lat="46.2912770" lon="-86.7757080">
    <ele>271.1</ele>
   </trkpt>
   <trkpt lat="46.2913880" lon="-86.7760960">
    <ele>271.3</ele>
   </trkpt>
   <trkpt lat="46.2914620" lon="-86.7763300">
    <ele>271.3</ele>
   </trkpt>
   <trkpt lat="46.2916300" lon="-86.7767000">
    <ele>271.4</ele>
   </trkpt>
   <trkpt lat="46.2919790" lon="-86.7773320">
    <ele>270.9</ele>
   </trkpt>
   <trkpt lat="46.2921260" lon="-86.7775340">
    <ele>270.2</ele>
   </trkpt>
   <trkpt lat="46.2926110" lon="-86.7779710">
    <ele>267.9</ele>
   </trkpt>
   <trkpt lat="46.2927950" lon="-86.7781000">
    <ele>268.6</ele>
   </trkpt>
   <trkpt lat="46.2930750" lon="-86.7782740">
    <ele>270.1</ele>
   </trkpt>
   <trkpt lat="46.2933500" lon="-86.7784050">
    <ele>270.3</ele>
   </trkpt>
   <trkpt lat="46.2935280" lon="-86.7784700">
    <ele>270.4</ele>
   </trkpt>
   <trkpt lat="46.2939280" lon="-86.7786220">
    <ele>270.6</ele>
   </trkpt>
   <trkpt lat="46.2945140" lon="-86.7787740">
    <ele>271.0</ele>
   </trkpt>
   <trkpt lat="46.2950480" lon="-86.7788980">
    <ele>271.3</ele>
   </trkpt>
   <trkpt lat="46.2955950" lon="-86.7790410">
    <ele>271.7</ele>
   </trkpt>
   <trkpt lat="46.2961300" lon="-86.7791850">
    <ele>272.2</ele>
   </trkpt>
   <trkpt lat="46.2967160" lon="-86.7793540">
    <ele>272.8</ele>
   </trkpt>
   <trkpt lat="46.2971340" lon="-86.7794710">
    <ele>273.0</ele>
   </trkpt>
   <trkpt lat="46.2973740" lon="-86.7795440">
    <ele>273.1</ele>
   </trkpt>
   <trkpt lat="46.2974910" lon="-86.7795830">
    <ele>273.2</ele>
   </trkpt>
   <trkpt lat="46.2976140" lon="-86.7796170">
    <ele>273.2</ele>
   </trkpt>
   <trkpt lat="46.2978000" lon="-86.7796800">
    <ele>273.3</ele>
   </trkpt>
   <trkpt lat="46.2979230" lon="-86.7797230">
    <ele>273.4</ele>
   </trkpt>
   <trkpt lat="46.2979830" lon="-86.7797430">
    <ele>273.5</ele>
   </trkpt>
   <trkpt lat="46.2980420" lon="-86.7797610">
    <ele>273.5</ele>
   </trkpt>
   <trkpt lat="46.2981010" lon="-86.7797840">
    <ele>273.5</ele>
   </trkpt>
   <trkpt lat="46.2981630" lon="-86.7798030">
    <ele>273.5</ele>
   </trkpt>
   <trkpt lat="46.2984630" lon="-86.7798950">
    <ele>273.7</ele>
   </trkpt>
   <trkpt lat="46.2987780" lon="-86.7799840">
    <ele>273.8</ele>
   </trkpt>
   <trkpt lat="46.2988410" lon="-86.7800010">
    <ele>273.8</ele>
   </trkpt>
   <trkpt lat="46.2990820" lon="-86.7800880">
    <ele>273.9</ele>
   </trkpt>
   <trkpt lat="46.2993890" lon="-86.7801810">
    <ele>274.0</ele>
   </trkpt>
   <trkpt lat="46.2995070" lon="-86.7802130">
    <ele>274.0</ele>
   </trkpt>
   <trkpt lat="46.2995650" lon="-86.7802280">
    <ele>274.0</ele>
   </trkpt>
   <trkpt lat="46.2996270" lon="-86.7802400">
    <ele>274.0</ele>
   </trkpt>
   <trkpt lat="46.2996880" lon="-86.7802560">
    <ele>274.0</ele>
   </trkpt>
   <trkpt lat="46.2997480" lon="-86.7802690">
    <ele>274.0</ele>
   </trkpt>
   <trkpt lat="46.2998070" lon="-86.7802820">
    <ele>274.1</ele>
   </trkpt>
   <trkpt lat="46.2998670" lon="-86.7802980">
    <ele>274.1</ele>
   </trkpt>
   <trkpt lat="46.3001680" lon="-86.7803830">
    <ele>274.1</ele>
   </trkpt>
   <trkpt lat="46.3006280" lon="-86.7805300">
    <ele>274.2</ele>
   </trkpt>
   <trkpt lat="46.3011980" lon="-86.7807400">
    <ele>274.2</ele>
   </trkpt>
   <trkpt lat="46.3015380" lon="-86.7808750">
    <ele>274.3</ele>
   </trkpt>
   <trkpt lat="46.3015910" lon="-86.7809020">
    <ele>274.3</ele>
   </trkpt>
   <trkpt lat="46.3016470" lon="-86.7809280">
    <ele>274.3</ele>
   </trkpt>
   <trkpt lat="46.3018180" lon="-86.7810140">
    <ele>274.4</ele>
   </trkpt>
   <trkpt lat="46.3023290" lon="-86.7813530">
    <ele>274.9</ele>
   </trkpt>
   <trkpt lat="46.3026660" lon="-86.7816220">
    <ele>275.2</ele>
   </trkpt>
   <trkpt lat="46.3031410" lon="-86.7820780">
    <ele>275.2</ele>
   </trkpt>
   <trkpt lat="46.3035700" lon="-86.7826410">
    <ele>274.6</ele>
   </trkpt>
   <trkpt lat="46.3039350" lon="-86.7832780">
    <ele>274.0</ele>
   </trkpt>
   <trkpt lat="46.3042690" lon="-86.7839280">
    <ele>271.9</ele>
   </trkpt>
   <trkpt lat="46.3043390" lon="-86.7840780">
    <ele>271.7</ele>
   </trkpt>
   <trkpt lat="46.3046610" lon="-86.7847720">
    <ele>273.5</ele>
   </trkpt>
   <trkpt lat="46.3047870" lon="-86.7850200">
    <ele>274.7</ele>
   </trkpt>
   <trkpt lat="46.3049930" lon="-86.7854400">
    <ele>275.1</ele>
   </trkpt>
   <trkpt lat="46.3050430" lon="-86.7855420">
    <ele>275.0</ele>
   </trkpt>
   <trkpt lat="46.3051270" lon="-86.7857140">
    <ele>274.9</ele>
   </trkpt>
   <trkpt lat="46.3051540" lon="-86.7857590">
    <ele>274.9</ele>
   </trkpt>
   <trkpt lat="46.3051670" lon="-86.7857710">
    <ele>274.9</ele>
   </trkpt>
   <trkpt lat="46.3051630" lon="-86.7857650">
    <ele>274.9</ele>
   </trkpt>
   <trkpt lat="46.3051650" lon="-86.7857640">
    <ele>274.9</ele>
   </trkpt>
   <trkpt lat="46.3051650" lon="-86.7857640">
    <ele>274.9</ele>
   </trkpt>
   <trkpt lat="46.3051650" lon="-86.7857640">
    <ele>274.9</ele>
   </trkpt>
   <trkpt lat="46.3051650" lon="-86.7857640">
    <ele>274.9</ele>
   </trkpt>
   <trkpt lat="46.3051650" lon="-86.7857640">
    <ele>274.9</ele>
   </trkpt>
   <trkpt lat="46.3051650" lon="-86.7857640">
    <ele>274.9</ele>
   </trkpt>
   <trkpt lat="46.3051650" lon="-86.7857640">
    <ele>274.9</ele>
   </trkpt>
   <trkpt lat="46.3051650" lon="-86.7857640">
    <ele>274.9</ele>
   </trkpt>
   <trkpt lat="46.3052360" lon="-86.7858020">
    <ele>274.9</ele>
   </trkpt>
   <trkpt lat="46.3058010" lon="-86.7857550">
    <ele>275.3</ele>
   </trkpt>
   <trkpt lat="46.3063190" lon="-86.7857090">
    <ele>275.6</ele>
   </trkpt>
   <trkpt lat="46.3064140" lon="-86.7857060">
    <ele>275.5</ele>
   </trkpt>
   <trkpt lat="46.3064670" lon="-86.7857070">
    <ele>275.5</ele>
   </trkpt>
   <trkpt lat="46.3065260" lon="-86.7857140">
    <ele>275.5</ele>
   </trkpt>
   <trkpt lat="46.3068000" lon="-86.7857110">
    <ele>275.4</ele>
   </trkpt>
   <trkpt lat="46.3070670" lon="-86.7857470">
    <ele>275.6</ele>
   </trkpt>
   <trkpt lat="46.3075970" lon="-86.7858930">
    <ele>276.7</ele>
   </trkpt>
   <trkpt lat="46.3077290" lon="-86.7859190">
    <ele>277.2</ele>
   </trkpt>
   <trkpt lat="46.3082700" lon="-86.7859490">
    <ele>278.6</ele>
   </trkpt>
   <trkpt lat="46.3088360" lon="-86.7859610">
    <ele>278.1</ele>
   </trkpt>
   <trkpt lat="46.3094070" lon="-86.7858760">
    <ele>278.3</ele>
   </trkpt>
   <trkpt lat="46.3100080" lon="-86.7858500">
    <ele>278.6</ele>
   </trkpt>
   <trkpt lat="46.3105670" lon="-86.7858270">
    <ele>278.9</ele>
   </trkpt>
   <trkpt lat="46.3111700" lon="-86.7858340">
    <ele>279.0</ele>
   </trkpt>
   <trkpt lat="46.3117210" lon="-86.7858520">
    <ele>278.8</ele>
   </trkpt>
   <trkpt lat="46.3121430" lon="-86.7858600">
    <ele>278.8</ele>
   </trkpt>
   <trkpt lat="46.3127090" lon="-86.7858660">
    <ele>278.8</ele>
   </trkpt>
   <trkpt lat="46.3128470" lon="-86.7858640">
    <ele>278.6</ele>
   </trkpt>
   <trkpt lat="46.3129900" lon="-86.7858660">
    <ele>278.6</ele>
   </trkpt>
   <trkpt lat="46.3130630" lon="-86.7858630">
    <ele>278.5</ele>
   </trkpt>
   <trkpt lat="46.3131330" lon="-86.7858700">
    <ele>278.3</ele>
   </trkpt>
   <trkpt lat="46.3136690" lon="-86.7858500">
    <ele>275.7</ele>
   </trkpt>
   <trkpt lat="46.3142690" lon="-86.7858750">
    <ele>274.9</ele>
   </trkpt>
   <trkpt lat="46.3144990" lon="-86.7858840">
    <ele>274.3</ele>
   </trkpt>
   <trkpt lat="46.3150410" lon="-86.7859090">
    <ele>273.9</ele>
   </trkpt>
   <trkpt lat="46.3155610" lon="-86.7858520">
    <ele>273.8</ele>
   </trkpt>
   <trkpt lat="46.3158390" lon="-86.7857850">
    <ele>274.2</ele>
   </trkpt>
   <trkpt lat="46.3160970" lon="-86.7856570">
    <ele>274.1</ele>
   </trkpt>
   <trkpt lat="46.3162180" lon="-86.7855880">
    <ele>274.0</ele>
   </trkpt>
   <trkpt lat="46.3162780" lon="-86.7855480">
    <ele>273.9</ele>
   </trkpt>
   <trkpt lat="46.3165910" lon="-86.7853490">
    <ele>273.7</ele>
   </trkpt>
   <trkpt lat="46.3170970" lon="-86.7850490">
    <ele>274.0</ele>
   </trkpt>
   <trkpt lat="46.3176550" lon="-86.7847500">
    <ele>275.6</ele>
   </trkpt>
   <trkpt lat="46.3180980" lon="-86.7844860">
    <ele>276.9</ele>
   </trkpt>
   <trkpt lat="46.3183340" lon="-86.7843360">
    <ele>278.0</ele>
   </trkpt>
   <trkpt lat="46.3186490" lon="-86.7841380">
    <ele>279.2</ele>
   </trkpt>
   <trkpt lat="46.3189740" lon="-86.7839390">
    <ele>279.5</ele>
   </trkpt>
   <trkpt lat="46.3191300" lon="-86.7838410">
    <ele>279.5</ele>
   </trkpt>
   <trkpt lat="46.3193840" lon="-86.7836500">
    <ele>279.6</ele>
   </trkpt>
   <trkpt lat="46.3197180" lon="-86.7834540">
    <ele>279.7</ele>
   </trkpt>
   <trkpt lat="46.3200690" lon="-86.7832830">
    <ele>280.1</ele>
   </trkpt>
   <trkpt lat="46.3205640" lon="-86.7831690">
    <ele>280.5</ele>
   </trkpt>
   <trkpt lat="46.3208500" lon="-86.7831530">
    <ele>280.2</ele>
   </trkpt>
   <trkpt lat="46.3211660" lon="-86.7831570">
    <ele>280.1</ele>
   </trkpt>
   <trkpt lat="46.3213000" lon="-86.7831750">
    <ele>280.1</ele>
   </trkpt>
   <trkpt lat="46.3218760" lon="-86.7832100">
    <ele>280.7</ele>
   </trkpt>
   <trkpt lat="46.3221230" lon="-86.7832030">
    <ele>281.0</ele>
   </trkpt>
   <trkpt lat="46.3223070" lon="-86.7832190">
    <ele>281.2</ele>
   </trkpt>
   <trkpt lat="46.3223680" lon="-86.7832200">
    <ele>281.2</ele>
   </trkpt>
   <trkpt lat="46.3224260" lon="-86.7832190">
    <ele>281.3</ele>
   </trkpt>
   <trkpt lat="46.3224850" lon="-86.7832120">
    <ele>281.3</ele>
   </trkpt>
   <trkpt lat="46.3225420" lon="-86.7832130">
    <ele>281.3</ele>
   </trkpt>
   <trkpt lat="46.3227160" lon="-86.7832080">
    <ele>281.3</ele>
   </trkpt>
   <trkpt lat="46.3228990" lon="-86.7832260">
    <ele>281.2</ele>
   </trkpt>
   <trkpt lat="46.3229560" lon="-86.7832310">
    <ele>281.1</ele>
   </trkpt>
   <trkpt lat="46.3232080" lon="-86.7832000">
    <ele>280.9</ele>
   </trkpt>
   <trkpt lat="46.3233340" lon="-86.7831810">
    <ele>280.8</ele>
   </trkpt>
   <trkpt lat="46.3234680" lon="-86.7831610">
    <ele>280.5</ele>
   </trkpt>
   <trkpt lat="46.3239530" lon="-86.7831430">
    <ele>279.3</ele>
   </trkpt>
   <trkpt lat="46.3244160" lon="-86.7831510">
    <ele>280.0</ele>
   </trkpt>
   <trkpt lat="46.3250060" lon="-86.7831450">
    <ele>281.3</ele>
   </trkpt>
   <trkpt lat="46.3255730" lon="-86.7831280">
    <ele>283.4</ele>
   </trkpt>
   <trkpt lat="46.3261120" lon="-86.7831640">
    <ele>284.3</ele>
   </trkpt>
   <trkpt lat="46.3267020" lon="-86.7831890">
    <ele>285.3</ele>
   </trkpt>
   <trkpt lat="46.3271600" lon="-86.7831740">
    <ele>285.1</ele>
   </trkpt>
   <trkpt lat="46.3276830" lon="-86.7831800">
    <ele>285.1</ele>
   </trkpt>
   <trkpt lat="46.3282470" lon="-86.7831680">
    <ele>286.3</ele>
   </trkpt>
   <trkpt lat="46.3284310" lon="-86.7831650">
    <ele>286.7</ele>
   </trkpt>
   <trkpt lat="46.3284950" lon="-86.7831610">
    <ele>286.8</ele>
   </trkpt>
   <trkpt lat="46.3285580" lon="-86.7831620">
    <ele>286.9</ele>
   </trkpt>
   <trkpt lat="46.3286190" lon="-86.7831590">
    <ele>287.0</ele>
   </trkpt>
   <trkpt lat="46.3288100" lon="-86.7831550">
    <ele>286.9</ele>
   </trkpt>
   <trkpt lat="46.3293320" lon="-86.7831480">
    <ele>285.0</ele>
   </trkpt>
   <trkpt lat="46.3299100" lon="-86.7831550">
    <ele>282.8</ele>
   </trkpt>
   <trkpt lat="46.3302160" lon="-86.7831500">
    <ele>282.1</ele>
   </trkpt>
   <trkpt lat="46.3308090" lon="-86.7831660">
    <ele>281.3</ele>
   </trkpt>
   <trkpt lat="46.3310320" lon="-86.7831770">
    <ele>280.8</ele>
   </trkpt>
   <trkpt lat="46.3316330" lon="-86.7831790">
    <ele>279.4</ele>
   </trkpt>
   <trkpt lat="46.3319650" lon="-86.7832030">
    <ele>279.5</ele>
   </trkpt>
   <trkpt lat="46.3320300" lon="-86.7832070">
    <ele>279.5</ele>
   </trkpt>
   <trkpt lat="46.3320950" lon="-86.7832110">
    <ele>279.6</ele>
   </trkpt>
   <trkpt lat="46.3323960" lon="-86.7832070">
    <ele>280.0</ele>
   </trkpt>
   <trkpt lat="46.3328230" lon="-86.7831990">
    <ele>282.2</ele>
   </trkpt>
   <trkpt lat="46.3333730" lon="-86.7834150">
    <ele>279.6</ele>
   </trkpt>
   <trkpt lat="46.3339190" lon="-86.7835960">
    <ele>279.5</ele>
   </trkpt>
   <trkpt lat="46.3344550" lon="-86.7837540">
    <ele>281.3</ele>
   </trkpt>
   <trkpt lat="46.3348600" lon="-86.7838730">
    <ele>284.4</ele>
   </trkpt>
   <trkpt lat="46.3349180" lon="-86.7839050">
    <ele>285.1</ele>
   </trkpt>
   <trkpt lat="46.3349470" lon="-86.7839170">
    <ele>285.2</ele>
   </trkpt>
   <trkpt lat="46.3349790" lon="-86.7839300">
    <ele>285.2</ele>
   </trkpt>
   <trkpt lat="46.3350140" lon="-86.7839430">
    <ele>285.3</ele>
   </trkpt>
   <trkpt lat="46.3350510" lon="-86.7839570">
    <ele>285.4</ele>
   </trkpt>
   <trkpt lat="46.3351310" lon="-86.7839810">
    <ele>285.6</ele>
   </trkpt>
   <trkpt lat="46.3352130" lon="-86.7840160">
    <ele>285.8</ele>
   </trkpt>
   <trkpt lat="46.3354420" lon="-86.7841060">
    <ele>286.3</ele>
   </trkpt>
   <trkpt lat="46.3358330" lon="-86.7842200">
    <ele>286.0</ele>
   </trkpt>
   <trkpt lat="46.3359970" lon="-86.7842640">
    <ele>286.0</ele>
   </trkpt>
   <trkpt lat="46.3361950" lon="-86.7843560">
    <ele>286.1</ele>
   </trkpt>
   <trkpt lat="46.3364660" lon="-86.7844460">
    <ele>286.5</ele>
   </trkpt>
   <trkpt lat="46.3366440" lon="-86.7845140">
    <ele>286.4</ele>
   </trkpt>
   <trkpt lat="46.3372000" lon="-86.7847130">
    <ele>283.7</ele>
   </trkpt>
   <trkpt lat="46.3374050" lon="-86.7847850">
    <ele>282.2</ele>
   </trkpt>
   <trkpt lat="46.3377070" lon="-86.7848790">
    <ele>280.6</ele>
   </trkpt>
   <trkpt lat="46.3378590" lon="-86.7849650">
    <ele>280.0</ele>
   </trkpt>
   <trkpt lat="46.3382590" lon="-86.7853070">
    <ele>277.7</ele>
   </trkpt>
   <trkpt lat="46.3386560" lon="-86.7856900">
    <ele>275.8</ele>
   </trkpt>
   <trkpt lat="46.3389020" lon="-86.7859390">
    <ele>277.9</ele>
   </trkpt>
   <trkpt lat="46.3390550" lon="-86.7860890">
    <ele>279.2</ele>
   </trkpt>
   <trkpt lat="46.3391020" lon="-86.7861370">
    <ele>279.2</ele>
   </trkpt>
   <trkpt lat="46.3395500" lon="-86.7866150">
    <ele>279.8</ele>
   </trkpt>
   <trkpt lat="46.3400300" lon="-86.7870800">
    <ele>281.0</ele>
   </trkpt>
   <trkpt lat="46.3401230" lon="-86.7871790">
    <ele>281.4</ele>
   </trkpt>
   <trkpt lat="46.3401440" lon="-86.7872040">
    <ele>281.4</ele>
   </trkpt>
   <trkpt lat="46.3401650" lon="-86.7872300">
    <ele>281.5</ele>
   </trkpt>
   <trkpt lat="46.3402530" lon="-86.7873210">
    <ele>281.7</ele>
   </trkpt>
   <trkpt lat="46.3402940" lon="-86.7873660">
    <ele>281.9</ele>
   </trkpt>
   <trkpt lat="46.3403390" lon="-86.7874120">
    <ele>282.1</ele>
   </trkpt>
   <trkpt lat="46.3404640" lon="-86.7875580">
    <ele>282.5</ele>
   </trkpt>
   <trkpt lat="46.3405470" lon="-86.7876640">
    <ele>282.6</ele>
   </trkpt>
   <trkpt lat="46.3405910" lon="-86.7877200">
    <ele>282.4</ele>
   </trkpt>
   <trkpt lat="46.3406750" lon="-86.7878370">
    <ele>281.7</ele>
   </trkpt>
   <trkpt lat="46.3408180" lon="-86.7880530">
    <ele>279.3</ele>
   </trkpt>
   <trkpt lat="46.3409830" lon="-86.7883120">
    <ele>278.3</ele>
   </trkpt>
   <trkpt lat="46.3411940" lon="-86.7886640">
    <ele>278.2</ele>
   </trkpt>
   <trkpt lat="46.3414080" lon="-86.7890420">
    <ele>278.6</ele>
   </trkpt>
   <trkpt lat="46.3416620" lon="-86.7894770">
    <ele>281.9</ele>
   </trkpt>
   <trkpt lat="46.3418310" lon="-86.7897570">
    <ele>282.3</ele>
   </trkpt>
   <trkpt lat="46.3418730" lon="-86.7898090">
    <ele>281.5</ele>
   </trkpt>
   <trkpt lat="46.3420620" lon="-86.7900750">
    <ele>278.9</ele>
   </trkpt>
   <trkpt lat="46.3423370" lon="-86.7904800">
    <ele>278.6</ele>
   </trkpt>
   <trkpt lat="46.3427160" lon="-86.7910840">
    <ele>276.5</ele>
   </trkpt>
   <trkpt lat="46.3428040" lon="-86.7912240">
    <ele>276.5</ele>
   </trkpt>
   <trkpt lat="46.3430360" lon="-86.7915670">
    <ele>274.9</ele>
   </trkpt>
   <trkpt lat="46.3434040" lon="-86.7921640">
    <ele>272.7</ele>
   </trkpt>
   <trkpt lat="46.3437980" lon="-86.7927360">
    <ele>272.3</ele>
   </trkpt>
   <trkpt lat="46.3439900" lon="-86.7929780">
    <ele>272.4</ele>
   </trkpt>
   <trkpt lat="46.3440380" lon="-86.7930320">
    <ele>272.3</ele>
   </trkpt>
   <trkpt lat="46.3440840" lon="-86.7930850">
    <ele>272.3</ele>
   </trkpt>
   <trkpt lat="46.3441800" lon="-86.7931790">
    <ele>272.3</ele>
   </trkpt>
   <trkpt lat="46.3442460" lon="-86.7932210">
    <ele>272.2</ele>
   </trkpt>
   <trkpt lat="46.3443180" lon="-86.7932550">
    <ele>272.2</ele>
   </trkpt>
   <trkpt lat="46.3446430" lon="-86.7934420">
    <ele>272.1</ele>
   </trkpt>
   <trkpt lat="46.3447540" lon="-86.7934990">
    <ele>272.1</ele>
   </trkpt>
   <trkpt lat="46.3450700" lon="-86.7936250">
    <ele>272.2</ele>
   </trkpt>
   <trkpt lat="46.3454240" lon="-86.7937400">
    <ele>272.5</ele>
   </trkpt>
   <trkpt lat="46.3455660" lon="-86.7937870">
    <ele>272.6</ele>
   </trkpt>
   <trkpt lat="46.3456150" lon="-86.7937950">
    <ele>272.7</ele>
   </trkpt>
   <trkpt lat="46.3457550" lon="-86.7938290">
    <ele>273.0</ele>
   </trkpt>
   <trkpt lat="46.3459890" lon="-86.7938390">
    <ele>273.3</ele>
   </trkpt>
   <trkpt lat="46.3462990" lon="-86.7937410">
    <ele>273.4</ele>
   </trkpt>
   <trkpt lat="46.3468380" lon="-86.7935200">
    <ele>274.5</ele>
   </trkpt>
   <trkpt lat="46.3470800" lon="-86.7933950">
    <ele>276.2</ele>
   </trkpt>
   <trkpt lat="46.3471690" lon="-86.7933370">
    <ele>276.4</ele>
   </trkpt>
   <trkpt lat="46.3472920" lon="-86.7932640">
    <ele>276.7</ele>
   </trkpt>
   <trkpt lat="46.3476770" lon="-86.7930330">
    <ele>277.9</ele>
   </trkpt>
   <trkpt lat="46.3480370" lon="-86.7928140">
    <ele>279.2</ele>
   </trkpt>
   <trkpt lat="46.3481950" lon="-86.7926910">
    <ele>279.4</ele>
   </trkpt>
   <trkpt lat="46.3483720" lon="-86.7925670">
    <ele>279.5</ele>
   </trkpt>
   <trkpt lat="46.3486670" lon="-86.7923640">
    <ele>279.6</ele>
   </trkpt>
   <trkpt lat="46.3487340" lon="-86.7923140">
    <ele>279.5</ele>
   </trkpt>
   <trkpt lat="46.3487790" lon="-86.7922790">
    <ele>279.6</ele>
   </trkpt>
   <trkpt lat="46.3488240" lon="-86.7922440">
    <ele>279.6</ele>
   </trkpt>
   <trkpt lat="46.3488680" lon="-86.7922120">
    <ele>279.7</ele>
   </trkpt>
   <trkpt lat="46.3489870" lon="-86.7921360">
    <ele>279.6</ele>
   </trkpt>
   <trkpt lat="46.3494060" lon="-86.7918280">
    <ele>280.4</ele>
   </trkpt>
   <trkpt lat="46.3494750" lon="-86.7917760">
    <ele>280.4</ele>
   </trkpt>
   <trkpt lat="46.3500160" lon="-86.7914050">
    <ele>278.5</ele>
   </trkpt>
   <trkpt lat="46.3505690" lon="-86.7910470">
    <ele>276.5</ele>
   </trkpt>
   <trkpt lat="46.3510760" lon="-86.7907220">
    <ele>274.9</ele>
   </trkpt>
   <trkpt lat="46.3515420" lon="-86.7904080">
    <ele>273.9</ele>
   </trkpt>
   <trkpt lat="46.3517270" lon="-86.7902920">
    <ele>273.8</ele>
   </trkpt>
   <trkpt lat="46.3519700" lon="-86.7901760">
    <ele>273.7</ele>
   </trkpt>
   <trkpt lat="46.3524740" lon="-86.7898570">
    <ele>274.7</ele>
   </trkpt>
   <trkpt lat="46.3527860" lon="-86.7896160">
    <ele>275.8</ele>
   </trkpt>
   <trkpt lat="46.3532340" lon="-86.7893100">
    <ele>275.2</ele>
   </trkpt>
   <trkpt lat="46.3537310" lon="-86.7889700">
    <ele>275.9</ele>
   </trkpt>
   <trkpt lat="46.3538550" lon="-86.7888960">
    <ele>275.6</ele>
   </trkpt>
   <trkpt lat="46.3540110" lon="-86.7887910">
    <ele>275.1</ele>
   </trkpt>
   <trkpt lat="46.3545850" lon="-86.7884400">
    <ele>273.5</ele>
   </trkpt>
   <trkpt lat="46.3550990" lon="-86.7880520">
    <ele>269.1</ele>
   </trkpt>
   <trkpt lat="46.3556030" lon="-86.7876440">
    <ele>268.1</ele>
   </trkpt>
   <trkpt lat="46.3557820" lon="-86.7875140">
    <ele>268.2</ele>
   </trkpt>
   <trkpt lat="46.3562590" lon="-86.7871190">
    <ele>269.2</ele>
   </trkpt>
   <trkpt lat="46.3567180" lon="-86.7866570">
    <ele>269.9</ele>
   </trkpt>
   <trkpt lat="46.3571450" lon="-86.7860580">
    <ele>270.1</ele>
   </trkpt>
   <trkpt lat="46.3575030" lon="-86.7853630">
    <ele>269.9</ele>
   </trkpt>
   <trkpt lat="46.3575700" lon="-86.7851760">
    <ele>269.7</ele>
   </trkpt>
   <trkpt lat="46.3578470" lon="-86.7844890">
    <ele>269.3</ele>
   </trkpt>
   <trkpt lat="46.3582260" lon="-86.7838400">
    <ele>269.0</ele>
   </trkpt>
   <trkpt lat="46.3587100" lon="-86.7833460">
    <ele>268.5</ele>
   </trkpt>
   <trkpt lat="46.3592390" lon="-86.7830890">
    <ele>268.7</ele>
   </trkpt>
   <trkpt lat="46.3595980" lon="-86.7830390">
    <ele>269.2</ele>
   </trkpt>
   <trkpt lat="46.3598030" lon="-86.7830610">
    <ele>269.4</ele>
   </trkpt>
   <trkpt lat="46.3598560" lon="-86.7830730">
    <ele>269.5</ele>
   </trkpt>
   <trkpt lat="46.3599080" lon="-86.7830920">
    <ele>269.5</ele>
   </trkpt>
   <trkpt lat="46.3604790" lon="-86.7832640">
    <ele>269.8</ele>
   </trkpt>
   <trkpt lat="46.3605470" lon="-86.7832840">
    <ele>269.8</ele>
   </trkpt>
   <trkpt lat="46.3606740" lon="-86.7833280">
    <ele>270.0</ele>
   </trkpt>
   <trkpt lat="46.3607990" lon="-86.7833720">
    <ele>270.3</ele>
   </trkpt>
   <trkpt lat="46.3609230" lon="-86.7834220">
    <ele>270.5</ele>
   </trkpt>
   <trkpt lat="46.3611770" lon="-86.7834940">
    <ele>270.9</ele>
   </trkpt>
   <trkpt lat="46.3613080" lon="-86.7835200">
    <ele>271.2</ele>
   </trkpt>
   <trkpt lat="46.3618510" lon="-86.7836200">
    <ele>271.7</ele>
   </trkpt>
   <trkpt lat="46.3621770" lon="-86.7836750">
    <ele>271.9</ele>
   </trkpt>
   <trkpt lat="46.3627340" lon="-86.7836820">
    <ele>272.4</ele>
   </trkpt>
   <trkpt lat="46.3632850" lon="-86.7834620">
    <ele>272.9</ele>
   </trkpt>
   <trkpt lat="46.3634120" lon="-86.7834010">
    <ele>272.9</ele>
   </trkpt>
   <trkpt lat="46.3639250" lon="-86.7831230">
    <ele>273.0</ele>
   </trkpt>
   <trkpt lat="46.3644660" lon="-86.7828470">
    <ele>273.3</ele>
   </trkpt>
   <trkpt lat="46.3647340" lon="-86.7827340">
    <ele>273.6</ele>
   </trkpt>
   <trkpt lat="46.3652890" lon="-86.7824820">
    <ele>273.7</ele>
   </trkpt>
   <trkpt lat="46.3654210" lon="-86.7824230">
    <ele>273.8</ele>
   </trkpt>
   <trkpt lat="46.3655530" lon="-86.7823550">
    <ele>273.9</ele>
   </trkpt>
   <trkpt lat="46.3657460" lon="-86.7822390">
    <ele>274.3</ele>
   </trkpt>
   <trkpt lat="46.3658110" lon="-86.7822010">
    <ele>274.4</ele>
   </trkpt>
   <trkpt lat="46.3659300" lon="-86.7821180">
    <ele>274.6</ele>
   </trkpt>
   <trkpt lat="46.3661540" lon="-86.7819500">
    <ele>274.9</ele>
   </trkpt>
   <trkpt lat="46.3662500" lon="-86.7818580">
    <ele>275.0</ele>
   </trkpt>
   <trkpt lat="46.3663870" lon="-86.7817280">
    <ele>275.0</ele>
   </trkpt>
   <trkpt lat="46.3668370" lon="-86.7812550">
    <ele>275.1</ele>
   </trkpt>
   <trkpt lat="46.3672670" lon="-86.7807510">
    <ele>275.9</ele>
   </trkpt>
   <trkpt lat="46.3676910" lon="-86.7801770">
    <ele>275.8</ele>
   </trkpt>
   <trkpt lat="46.3679820" lon="-86.7795300">
    <ele>275.8</ele>
   </trkpt>
   <trkpt lat="46.3682350" lon="-86.7788360">
    <ele>275.7</ele>
   </trkpt>
   <trkpt lat="46.3685410" lon="-86.7781300">
    <ele>276.0</ele>
   </trkpt>
   <trkpt lat="46.3688210" lon="-86.7774460">
    <ele>277.2</ele>
   </trkpt>
   <trkpt lat="46.3690650" lon="-86.7767960">
    <ele>277.9</ele>
   </trkpt>
   <trkpt lat="46.3693540" lon="-86.7760670">
    <ele>278.1</ele>
   </trkpt>
   <trkpt lat="46.3696170" lon="-86.7753250">
    <ele>277.9</ele>
   </trkpt>
   <trkpt lat="46.3697780" lon="-86.7750570">
    <ele>278.0</ele>
   </trkpt>
   <trkpt lat="46.3701820" lon="-86.7746040">
    <ele>278.9</ele>
   </trkpt>
   <trkpt lat="46.3706510" lon="-86.7743240">
    <ele>280.4</ele>
   </trkpt>
   <trkpt lat="46.3711660" lon="-86.7740700">
    <ele>278.8</ele>
   </trkpt>
   <trkpt lat="46.3712170" lon="-86.7740540">
    <ele>278.9</ele>
   </trkpt>
   <trkpt lat="46.3718150" lon="-86.7739390">
    <ele>275.1</ele>
   </trkpt>
   <trkpt lat="46.3723760" lon="-86.7739250">
    <ele>273.0</ele>
   </trkpt>
   <trkpt lat="46.3730050" lon="-86.7739020">
    <ele>269.9</ele>
   </trkpt>
   <trkpt lat="46.3735080" lon="-86.7738620">
    <ele>268.4</ele>
   </trkpt>
   <trkpt lat="46.3737490" lon="-86.7738660">
    <ele>266.6</ele>
   </trkpt>
   <trkpt lat="46.3740630" lon="-86.7738530">
    <ele>266.0</ele>
   </trkpt>
   <trkpt lat="46.3743760" lon="-86.7738770">
    <ele>265.1</ele>
   </trkpt>
   <trkpt lat="46.3744530" lon="-86.7738860">
    <ele>265.2</ele>
   </trkpt>
   <trkpt lat="46.3745280" lon="-86.7739010">
    <ele>265.6</ele>
   </trkpt>
   <trkpt lat="46.3750640" lon="-86.7741160">
    <ele>266.3</ele>
   </trkpt>
   <trkpt lat="46.3756230" lon="-86.7744690">
    <ele>263.9</ele>
   </trkpt>
   <trkpt lat="46.3758250" lon="-86.7745600">
    <ele>263.8</ele>
   </trkpt>
   <trkpt lat="46.3760330" lon="-86.7746090">
    <ele>263.6</ele>
   </trkpt>
   <trkpt lat="46.3766030" lon="-86.7745840">
    <ele>263.0</ele>
   </trkpt>
   <trkpt lat="46.3768640" lon="-86.7744910">
    <ele>261.7</ele>
   </trkpt>
   <trkpt lat="46.3774170" lon="-86.7741690">
    <ele>260.4</ele>
   </trkpt>
   <trkpt lat="46.3779800" lon="-86.7740850">
    <ele>259.8</ele>
   </trkpt>
   <trkpt lat="46.3785720" lon="-86.7741720">
    <ele>257.9</ele>
   </trkpt>
   <trkpt lat="46.3788150" lon="-86.7742300">
    <ele>258.0</ele>
   </trkpt>
   <trkpt lat="46.3788860" lon="-86.7742960">
    <ele>258.5</ele>
   </trkpt>
   <trkpt lat="46.3789900" lon="-86.7744380">
    <ele>260.1</ele>
   </trkpt>
   <trkpt lat="46.3789770" lon="-86.7743900">
    <ele>259.8</ele>
   </trkpt>
   <trkpt lat="46.3787210" lon="-86.7736480">
    <ele>256.7</ele>
   </trkpt>
   <trkpt lat="46.3786540" lon="-86.7735180">
    <ele>257.9</ele>
   </trkpt>
   <trkpt lat="46.3785370" lon="-86.7731780">
    <ele>258.9</ele>
   </trkpt>
   <trkpt lat="46.3783160" lon="-86.7725150">
    <ele>261.0</ele>
   </trkpt>
   <trkpt lat="46.3780500" lon="-86.7718450">
    <ele>262.1</ele>
   </trkpt>
   <trkpt lat="46.3777660" lon="-86.7711480">
    <ele>264.8</ele>
   </trkpt>
   <trkpt lat="46.3775840" lon="-86.7707090">
    <ele>264.8</ele>
   </trkpt>
   <trkpt lat="46.3772140" lon="-86.7700540">
    <ele>265.1</ele>
   </trkpt>
   <trkpt lat="46.3769040" lon="-86.7694040">
    <ele>265.4</ele>
   </trkpt>
   <trkpt lat="46.3767900" lon="-86.7691840">
    <ele>265.5</ele>
   </trkpt>
   <trkpt lat="46.3767100" lon="-86.7690420">
    <ele>265.5</ele>
   </trkpt>
   <trkpt lat="46.3765780" lon="-86.7687630">
    <ele>266.1</ele>
   </trkpt>
   <trkpt lat="46.3764340" lon="-86.7684670">
    <ele>267.6</ele>
   </trkpt>
   <trkpt lat="46.3763610" lon="-86.7683230">
    <ele>267.7</ele>
   </trkpt>
   <trkpt lat="46.3763610" lon="-86.7683230">
    <ele>267.7</ele>
   </trkpt>
   <trkpt lat="46.3762500" lon="-86.7681070">
    <ele>267.8</ele>
   </trkpt>
   <trkpt lat="46.3760110" lon="-86.7676850">
    <ele>266.9</ele>
   </trkpt>
   <trkpt lat="46.3756270" lon="-86.7672110">
    <ele>266.0</ele>
   </trkpt>
   <trkpt lat="46.3751810" lon="-86.7667270">
    <ele>265.1</ele>
   </trkpt>
   <trkpt lat="46.3748370" lon="-86.7664050">
    <ele>265.0</ele>
   </trkpt>
   <trkpt lat="46.3746530" lon="-86.7662670">
    <ele>264.5</ele>
   </trkpt>
   <trkpt lat="46.3745980" lon="-86.7662140">
    <ele>264.4</ele>
   </trkpt>
   <trkpt lat="46.3742710" lon="-86.7658850">
    <ele>265.4</ele>
   </trkpt>
   <trkpt lat="46.3742230" lon="-86.7658250">
    <ele>265.7</ele>
   </trkpt>
   <trkpt lat="46.3741730" lon="-86.7657550">
    <ele>265.9</ele>
   </trkpt>
   <trkpt lat="46.3741240" lon="-86.7656890">
    <ele>266.0</ele>
   </trkpt>
   <trkpt lat="46.3740660" lon="-86.7656330">
    <ele>266.2</ele>
   </trkpt>
   <trkpt lat="46.3740170" lon="-86.7655670">
    <ele>266.2</ele>
   </trkpt>
   <trkpt lat="46.3739140" lon="-86.7654310">
    <ele>266.2</ele>
   </trkpt>
   <trkpt lat="46.3737520" lon="-86.7652400">
    <ele>266.5</ele>
   </trkpt>
   <trkpt lat="46.3736970" lon="-86.7651780">
    <ele>266.6</ele>
   </trkpt>
   <trkpt lat="46.3735940" lon="-86.7650600">
    <ele>266.5</ele>
   </trkpt>
   <trkpt lat="46.3733790" lon="-86.7648350">
    <ele>266.5</ele>
   </trkpt>
   <trkpt lat="46.3731580" lon="-86.7646540">
    <ele>266.3</ele>
   </trkpt>
   <trkpt lat="46.3726470" lon="-86.7642720">
    <ele>267.1</ele>
   </trkpt>
   <trkpt lat="46.3725410" lon="-86.7641800">
    <ele>267.3</ele>
   </trkpt>
   <trkpt lat="46.3724400" lon="-86.7640940">
    <ele>267.2</ele>
   </trkpt>
   <trkpt lat="46.3723890" lon="-86.7640500">
    <ele>267.2</ele>
   </trkpt>
   <trkpt lat="46.3723320" lon="-86.7640070">
    <ele>267.1</ele>
   </trkpt>
   <trkpt lat="46.3718060" lon="-86.7636480">
    <ele>267.2</ele>
   </trkpt>
   <trkpt lat="46.3713290" lon="-86.7632690">
    <ele>268.0</ele>
   </trkpt>
   <trkpt lat="46.3708720" lon="-86.7627810">
    <ele>268.4</ele>
   </trkpt>
   <trkpt lat="46.3708270" lon="-86.7627260">
    <ele>268.5</ele>
   </trkpt>
   <trkpt lat="46.3707050" lon="-86.7625610">
    <ele>268.5</ele>
   </trkpt>
   <trkpt lat="46.3705480" lon="-86.7623440">
    <ele>268.4</ele>
   </trkpt>
   <trkpt lat="46.3704610" lon="-86.7622360">
    <ele>268.4</ele>
   </trkpt>
   <trkpt lat="46.3703740" lon="-86.7621210">
    <ele>268.3</ele>
   </trkpt>
   <trkpt lat="46.3701690" lon="-86.7618990">
    <ele>268.4</ele>
   </trkpt>
   <trkpt lat="46.3697330" lon="-86.7614100">
    <ele>268.3</ele>
   </trkpt>
   <trkpt lat="46.3694640" lon="-86.7611990">
    <ele>267.8</ele>
   </trkpt>
   <trkpt lat="46.3690020" lon="-86.7609760">
    <ele>266.6</ele>
   </trkpt>
   <trkpt lat="46.3686320" lon="-86.7609040">
    <ele>266.6</ele>
   </trkpt>
   <trkpt lat="46.3683810" lon="-86.7608620">
    <ele>267.7</ele>
   </trkpt>
   <trkpt lat="46.3682060" lon="-86.7608440">
    <ele>268.0</ele>
   </trkpt>
   <trkpt lat="46.3676400" lon="-86.7608800">
    <ele>266.6</ele>
   </trkpt>
   <trkpt lat="46.3673750" lon="-86.7608450">
    <ele>265.9</ele>
   </trkpt>
   <trkpt lat="46.3668190" lon="-86.7606000">
    <ele>266.8</ele>
   </trkpt>
   <trkpt lat="46.3663660" lon="-86.7603070">
    <ele>268.4</ele>
   </trkpt>
   <trkpt lat="46.3658470" lon="-86.7598590">
    <ele>268.1</ele>
   </trkpt>
   <trkpt lat="46.3657280" lon="-86.7597430">
    <ele>268.2</ele>
   </trkpt>
   <trkpt lat="46.3652890" lon="-86.7592550">
    <ele>268.0</ele>
   </trkpt>
   <trkpt lat="46.3650660" lon="-86.7588230">
    <ele>267.4</ele>
   </trkpt>
   <trkpt lat="46.3648000" lon="-86.7581160">
    <ele>267.6</ele>
   </trkpt>
   <trkpt lat="46.3645920" lon="-86.7575930">
    <ele>267.7</ele>
   </trkpt>
   <trkpt lat="46.3643680" lon="-86.7570680">
    <ele>268.4</ele>
   </trkpt>
   <trkpt lat="46.3643050" lon="-86.7569280">
    <ele>269.0</ele>
   </trkpt>
   <trkpt lat="46.3643050" lon="-86.7569280">
    <ele>269.0</ele>
   </trkpt>
   <trkpt lat="46.3640150" lon="-86.7562370">
    <ele>270.8</ele>
   </trkpt>
   <trkpt lat="46.3639670" lon="-86.7560350">
    <ele>270.9</ele>
   </trkpt>
   <trkpt lat="46.3639500" lon="-86.7557590">
    <ele>271.0</ele>
   </trkpt>
   <trkpt lat="46.3639460" lon="-86.7552360">
    <ele>270.6</ele>
   </trkpt>
   <trkpt lat="46.3640090" lon="-86.7544200">
    <ele>269.9</ele>
   </trkpt>
   <trkpt lat="46.3640310" lon="-86.7539630">
    <ele>271.4</ele>
   </trkpt>
   <trkpt lat="46.3640530" lon="-86.7537480">
    <ele>271.9</ele>
   </trkpt>
   <trkpt lat="46.3640910" lon="-86.7535150">
    <ele>271.6</ele>
   </trkpt>
   <trkpt lat="46.3641320" lon="-86.7530740">
    <ele>271.1</ele>
   </trkpt>
   <trkpt lat="46.3641450" lon="-86.7523340">
    <ele>271.4</ele>
   </trkpt>
   <trkpt lat="46.3641180" lon="-86.7519100">
    <ele>272.2</ele>
   </trkpt>
   <trkpt lat="46.3640550" lon="-86.7513410">
    <ele>273.1</ele>
   </trkpt>
   <trkpt lat="46.3640340" lon="-86.7511360">
    <ele>273.7</ele>
   </trkpt>
   <trkpt lat="46.3640290" lon="-86.7510730">
    <ele>273.9</ele>
   </trkpt>
   <trkpt lat="46.3640170" lon="-86.7509990">
    <ele>274.2</ele>
   </trkpt>
   <trkpt lat="46.3640080" lon="-86.7509250">
    <ele>274.6</ele>
   </trkpt>
   <trkpt lat="46.3639620" lon="-86.7506270">
    <ele>276.1</ele>
   </trkpt>
   <trkpt lat="46.3638970" lon="-86.7503840">
    <ele>277.0</ele>
   </trkpt>
   <trkpt lat="46.3637540" lon="-86.7499490">
    <ele>277.8</ele>
   </trkpt>
   <trkpt lat="46.3636490" lon="-86.7496940">
    <ele>278.1</ele>
   </trkpt>
   <trkpt lat="46.3635980" lon="-86.7495940">
    <ele>278.3</ele>
   </trkpt>
   <trkpt lat="46.3635560" lon="-86.7495100">
    <ele>278.4</ele>
   </trkpt>
   <trkpt lat="46.3634810" lon="-86.7493460">
    <ele>278.6</ele>
   </trkpt>
   <trkpt lat="46.3633790" lon="-86.7491510">
    <ele>278.9</ele>
   </trkpt>
   <trkpt lat="46.3633110" lon="-86.7490400">
    <ele>278.7</ele>
   </trkpt>
   <trkpt lat="46.3632020" lon="-86.7489130">
    <ele>278.0</ele>
   </trkpt>
   <trkpt lat="46.3631410" lon="-86.7488400">
    <ele>278.0</ele>
   </trkpt>
   <trkpt lat="46.3630580" lon="-86.7487430">
    <ele>278.1</ele>
   </trkpt>
   <trkpt lat="46.3629850" lon="-86.7486570">
    <ele>278.3</ele>
   </trkpt>
   <trkpt lat="46.3629400" lon="-86.7486080">
    <ele>278.4</ele>
   </trkpt>
   <trkpt lat="46.3627360" lon="-86.7483030">
    <ele>280.2</ele>
   </trkpt>
   <trkpt lat="46.3625220" lon="-86.7480200">
    <ele>281.4</ele>
   </trkpt>
   <trkpt lat="46.3624310" lon="-86.7479200">
    <ele>281.1</ele>
   </trkpt>
   <trkpt lat="46.3623040" lon="-86.7477170">
    <ele>280.5</ele>
   </trkpt>
   <trkpt lat="46.3620650" lon="-86.7472700">
    <ele>279.0</ele>
   </trkpt>
   <trkpt lat="46.3619150" lon="-86.7469460">
    <ele>279.0</ele>
   </trkpt>
   <trkpt lat="46.3615860" lon="-86.7462640">
    <ele>278.9</ele>
   </trkpt>
   <trkpt lat="46.3614610" lon="-86.7460490">
    <ele>279.0</ele>
   </trkpt>
   <trkpt lat="46.3611960" lon="-86.7455730">
    <ele>278.9</ele>
   </trkpt>
   <trkpt lat="46.3610230" lon="-86.7453210">
    <ele>278.9</ele>
   </trkpt>
   <trkpt lat="46.3609340" lon="-86.7452010">
    <ele>278.9</ele>
   </trkpt>
   <trkpt lat="46.3608200" lon="-86.7450030">
    <ele>278.9</ele>
   </trkpt>
   <trkpt lat="46.3607500" lon="-86.7448660">
    <ele>279.0</ele>
   </trkpt>
   <trkpt lat="46.3607140" lon="-86.7447960">
    <ele>278.9</ele>
   </trkpt>
   <trkpt lat="46.3606790" lon="-86.7447280">
    <ele>278.9</ele>
   </trkpt>
   <trkpt lat="46.3605210" lon="-86.7444670">
    <ele>278.9</ele>
   </trkpt>
   <trkpt lat="46.3602980" lon="-86.7441250">
    <ele>278.8</ele>
   </trkpt>
   <trkpt lat="46.3600580" lon="-86.7437440">
    <ele>278.6</ele>
   </trkpt>
   <trkpt lat="46.3599070" lon="-86.7435300">
    <ele>278.2</ele>
   </trkpt>
   <trkpt lat="46.3596170" lon="-86.7431440">
    <ele>277.1</ele>
   </trkpt>
   <trkpt lat="46.3595700" lon="-86.7430810">
    <ele>277.0</ele>
   </trkpt>
   <trkpt lat="46.3591750" lon="-86.7425100">
    <ele>276.7</ele>
   </trkpt>
   <trkpt lat="46.3589260" lon="-86.7421000">
    <ele>276.8</ele>
   </trkpt>
   <trkpt lat="46.3586840" lon="-86.7415100">
    <ele>278.0</ele>
   </trkpt>
   <trkpt lat="46.3586530" lon="-86.7412900">
    <ele>278.7</ele>
   </trkpt>
   <trkpt lat="46.3585740" lon="-86.7404820">
    <ele>281.6</ele>
   </trkpt>
   <trkpt lat="46.3582500" lon="-86.7398470">
    <ele>283.9</ele>
   </trkpt>
   <trkpt lat="46.3580540" lon="-86.7394840">
    <ele>285.0</ele>
   </trkpt>
   <trkpt lat="46.3579870" lon="-86.7393790">
    <ele>285.0</ele>
   </trkpt>
   <trkpt lat="46.3579080" lon="-86.7392400">
    <ele>285.0</ele>
   </trkpt>
   <trkpt lat="46.3576960" lon="-86.7387800">
    <ele>284.7</ele>
   </trkpt>
   <trkpt lat="46.3573680" lon="-86.7381360">
    <ele>282.9</ele>
   </trkpt>
   <trkpt lat="46.3571860" lon="-86.7378080">
    <ele>282.2</ele>
   </trkpt>
   <trkpt lat="46.3570100" lon="-86.7374660">
    <ele>281.5</ele>
   </trkpt>
   <trkpt lat="46.3567160" lon="-86.7368040">
    <ele>280.4</ele>
   </trkpt>
   <trkpt lat="46.3563700" lon="-86.7361120">
    <ele>279.6</ele>
   </trkpt>
   <trkpt lat="46.3562950" lon="-86.7359370">
    <ele>279.5</ele>
   </trkpt>
   <trkpt lat="46.3561720" lon="-86.7355810">
    <ele>279.4</ele>
   </trkpt>
   <trkpt lat="46.3561080" lon="-86.7352110">
    <ele>279.5</ele>
   </trkpt>
   <trkpt lat="46.3561040" lon="-86.7350170">
    <ele>279.4</ele>
   </trkpt>
   <trkpt lat="46.3561370" lon="-86.7348320">
    <ele>279.4</ele>
   </trkpt>
   <trkpt lat="46.3561970" lon="-86.7346680">
    <ele>279.3</ele>
   </trkpt>
   <trkpt lat="46.3564720" lon="-86.7342010">
    <ele>279.3</ele>
   </trkpt>
   <trkpt lat="46.3568330" lon="-86.7335330">
    <ele>277.8</ele>
   </trkpt>
   <trkpt lat="46.3569130" lon="-86.7332700">
    <ele>277.5</ele>
   </trkpt>
   <trkpt lat="46.3569360" lon="-86.7330120">
    <ele>276.9</ele>
   </trkpt>
   <trkpt lat="46.3568970" lon="-86.7328320">
    <ele>276.6</ele>
   </trkpt>
   <trkpt lat="46.3566930" lon="-86.7323990">
    <ele>275.9</ele>
   </trkpt>
   <trkpt lat="46.3566900" lon="-86.7322210">
    <ele>275.9</ele>
   </trkpt>
   <trkpt lat="46.3567400" lon="-86.7320720">
    <ele>276.2</ele>
   </trkpt>
   <trkpt lat="46.3569700" lon="-86.7313380">
    <ele>279.0</ele>
   </trkpt>
   <trkpt lat="46.3570170" lon="-86.7310400">
    <ele>280.6</ele>
   </trkpt>
   <trkpt lat="46.3570600" lon="-86.7307990">
    <ele>280.6</ele>
   </trkpt>
   <trkpt lat="46.3571640" lon="-86.7301760">
    <ele>280.2</ele>
   </trkpt>
   <trkpt lat="46.3572020" lon="-86.7299040">
    <ele>280.1</ele>
   </trkpt>
   <trkpt lat="46.3572130" lon="-86.7298260">
    <ele>280.1</ele>
   </trkpt>
   <trkpt lat="46.3572340" lon="-86.7296580">
    <ele>280.1</ele>
   </trkpt>
   <trkpt lat="46.3572850" lon="-86.7293130">
    <ele>280.5</ele>
   </trkpt>
   <trkpt lat="46.3573220" lon="-86.7291190">
    <ele>280.1</ele>
   </trkpt>
   <trkpt lat="46.3575010" lon="-86.7283980">
    <ele>277.7</ele>
   </trkpt>
   <trkpt lat="46.3575710" lon="-86.7281810">
    <ele>277.1</ele>
   </trkpt>
   <trkpt lat="46.3576080" lon="-86.7280640">
    <ele>276.6</ele>
   </trkpt>
   <trkpt lat="46.3576390" lon="-86.7279490">
    <ele>276.0</ele>
   </trkpt>
   <trkpt lat="46.3576680" lon="-86.7278360">
    <ele>275.5</ele>
   </trkpt>
   <trkpt lat="46.3576930" lon="-86.7277160">
    <ele>275.2</ele>
   </trkpt>
   <trkpt lat="46.3577840" lon="-86.7273530">
    <ele>274.4</ele>
   </trkpt>
   <trkpt lat="46.3578130" lon="-86.7272340">
    <ele>274.2</ele>
   </trkpt>
   <trkpt lat="46.3578660" lon="-86.7269990">
    <ele>274.2</ele>
   </trkpt>
   <trkpt lat="46.3578960" lon="-86.7268900">
    <ele>274.3</ele>
   </trkpt>
   <trkpt lat="46.3579260" lon="-86.7267670">
    <ele>274.4</ele>
   </trkpt>
   <trkpt lat="46.3579580" lon="-86.7266580">
    <ele>274.6</ele>
   </trkpt>
   <trkpt lat="46.3579890" lon="-86.7265470">
    <ele>274.7</ele>
   </trkpt>
   <trkpt lat="46.3581360" lon="-86.7260210">
    <ele>277.0</ele>
   </trkpt>
   <trkpt lat="46.3581600" lon="-86.7259170">
    <ele>277.2</ele>
   </trkpt>
   <trkpt lat="46.3581800" lon="-86.7258060">
    <ele>277.6</ele>
   </trkpt>
   <trkpt lat="46.3582050" lon="-86.7257120">
    <ele>278.0</ele>
   </trkpt>
   <trkpt lat="46.3582260" lon="-86.7256170">
    <ele>278.4</ele>
   </trkpt>
   <trkpt lat="46.3584400" lon="-86.7248340">
    <ele>280.3</ele>
   </trkpt>
   <trkpt lat="46.3584690" lon="-86.7247470">
    <ele>279.8</ele>
   </trkpt>
   <trkpt lat="46.3585490" lon="-86.7244500">
    <ele>278.6</ele>
   </trkpt>
   <trkpt lat="46.3586110" lon="-86.7242470">
    <ele>278.0</ele>
   </trkpt>
   <trkpt lat="46.3586420" lon="-86.7241470">
    <ele>277.7</ele>
   </trkpt>
   <trkpt lat="46.3586820" lon="-86.7240480">
    <ele>277.4</ele>
   </trkpt>
   <trkpt lat="46.3587220" lon="-86.7239510">
    <ele>277.2</ele>
   </trkpt>
   <trkpt lat="46.3589690" lon="-86.7233440">
    <ele>276.7</ele>
   </trkpt>
   <trkpt lat="46.3591010" lon="-86.7230640">
    <ele>276.9</ele>
   </trkpt>
   <trkpt lat="46.3591850" lon="-86.7228970">
    <ele>276.9</ele>
   </trkpt>
   <trkpt lat="46.3592280" lon="-86.7228140">
    <ele>276.8</ele>
   </trkpt>
   <trkpt lat="46.3593140" lon="-86.7226590">
    <ele>277.1</ele>
   </trkpt>
   <trkpt lat="46.3594380" lon="-86.7224280">
    <ele>277.1</ele>
   </trkpt>
   <trkpt lat="46.3594840" lon="-86.7223510">
    <ele>276.9</ele>
   </trkpt>
   <trkpt lat="46.3595290" lon="-86.7222680">
    <ele>276.6</ele>
   </trkpt>
   <trkpt lat="46.3596660" lon="-86.7219970">
    <ele>275.4</ele>
   </trkpt>
   <trkpt lat="46.3598020" lon="-86.7216960">
    <ele>274.8</ele>
   </trkpt>
   <trkpt lat="46.3598470" lon="-86.7215990">
    <ele>274.5</ele>
   </trkpt>
   <trkpt lat="46.3601290" lon="-86.7209080">
    <ele>272.7</ele>
   </trkpt>
   <trkpt lat="46.3604340" lon="-86.7202340">
    <ele>272.2</ele>
   </trkpt>
   <trkpt lat="46.3607110" lon="-86.7195260">
    <ele>270.5</ele>
   </trkpt>
   <trkpt lat="46.3610300" lon="-86.7188290">
    <ele>267.9</ele>
   </trkpt>
   <trkpt lat="46.3613500" lon="-86.7181730">
    <ele>267.8</ele>
   </trkpt>
   <trkpt lat="46.3617000" lon="-86.7174820">
    <ele>264.4</ele>
   </trkpt>
   <trkpt lat="46.3620000" lon="-86.7168010">
    <ele>264.7</ele>
   </trkpt>
   <trkpt lat="46.3622420" lon="-86.7162330">
    <ele>264.9</ele>
   </trkpt>
   <trkpt lat="46.3624140" lon="-86.7158330">
    <ele>264.7</ele>
   </trkpt>
   <trkpt lat="46.3627620" lon="-86.7151770">
    <ele>264.4</ele>
   </trkpt>
   <trkpt lat="46.3628220" lon="-86.7151090">
    <ele>264.5</ele>
   </trkpt>
   <trkpt lat="46.3632960" lon="-86.7146920">
    <ele>264.7</ele>
   </trkpt>
   <trkpt lat="46.3635380" lon="-86.7143900">
    <ele>264.5</ele>
   </trkpt>
   <trkpt lat="46.3636200" lon="-86.7142040">
    <ele>264.6</ele>
   </trkpt>
   <trkpt lat="46.3636670" lon="-86.7140060">
    <ele>264.6</ele>
   </trkpt>
   <trkpt lat="46.3636770" lon="-86.7138120">
    <ele>264.6</ele>
   </trkpt>
   <trkpt lat="46.3636360" lon="-86.7135520">
    <ele>264.6</ele>
   </trkpt>
   <trkpt lat="46.3636280" lon="-86.7133750">
    <ele>264.6</ele>
   </trkpt>
   <trkpt lat="46.3634840" lon="-86.7127790">
    <ele>264.3</ele>
   </trkpt>
   <trkpt lat="46.3635500" lon="-86.7125100">
    <ele>264.4</ele>
   </trkpt>
   <trkpt lat="46.3635960" lon="-86.7125410">
    <ele>264.4</ele>
   </trkpt>
  </trkseg>
 </trk>
</gpx>
