<?xml version="1.0" encoding="UTF-8"?>
<gpx creator="StravaGPX" version="1.1" xmlns="http://www.topografix.com/GPX/1/1" xmlns:xsi="http://www.w3.org/2001/XMLSchema-instance" xsi:schemaLocation="http://www.topografix.com/GPX/1/1 http://www.topografix.com/GPX/1/1/gpx.xsd">
 <metadata>
  <name>Hiawatha's Revenge 100k (alt start)</name>
  <author>
   <name>jamison sheppard</name>
   <link href="https://www.strava.com/athletes/2262684"/>
  </author>
  <copyright author="OpenStreetMap contributors">
   <year>2020</year>
   <license>https://www.openstreetmap.org/copyright</license>
  </copyright>
  <link href="https://www.strava.com/routes/3495433205733426146"/>
 </metadata>
 <trk>
  <name>Hiawatha's Revenge 100k (alt start)</name>
  <link href="https://www.strava.com/routes/3495433205733426146"/>
  <type>cycling</type>
  <trkseg>
   <trkpt lat="46.3477" lon="-86.72515000000001">
    <ele>314.65000000000003</ele>
   </trkpt>
   <trkpt lat="46.347710000000006" lon="-86.72503">
    <ele>314.65000000000003</ele>
   </trkpt>
   <trkpt lat="46.347770000000004" lon="-86.72475">
    <ele>314.39</ele>
   </trkpt>
   <trkpt lat="46.34776" lon="-86.72427">
    <ele>313.82000000000005</ele>
   </trkpt>
   <trkpt lat="46.3477" lon="-86.72363">
    <ele>313.67</ele>
   </trkpt>
   <trkpt lat="46.34769500385068" lon="-86.7226899998215">
    <ele>313.14000000000004</ele>
   </trkpt>
   <trkpt lat="46.34769000000001" lon="-86.72175">
    <ele>312.31</ele>
   </trkpt>
   <trkpt lat="46.34764000224099" lon="-86.72103499952932">
    <ele>312.1</ele>
   </trkpt>
   <trkpt lat="46.347590000000004" lon="-86.72032">
    <ele>312.09000000000003</ele>
   </trkpt>
   <trkpt lat="46.34722000000001" lon="-86.72028">
    <ele>311.66</ele>
   </trkpt>
   <trkpt lat="46.346520000080105" lon="-86.72034500082663">
    <ele>311.53000000000003</ele>
   </trkpt>
   <trkpt lat="46.34582" lon="-86.72041">
    <ele>311.06</ele>
   </trkpt>
   <trkpt lat="46.345150000000004" lon="-86.72041">
    <ele>310.8</ele>
   </trkpt>
   <trkpt lat="46.344350000000006" lon="-86.72046">
    <ele>309.76000000000005</ele>
   </trkpt>
   <trkpt lat="46.34434" lon="-86.72046">
    <ele>309.75</ele>
   </trkpt>
   <trkpt lat="46.34404000000001" lon="-86.72038">
    <ele>309.75</ele>
   </trkpt>
   <trkpt lat="46.34376" lon="-86.72047">
    <ele>309.03000000000003</ele>
   </trkpt>
   <trkpt lat="46.343410000000006" lon="-86.72047">
    <ele>308.88000000000005</ele>
   </trkpt>
   <trkpt lat="46.34333" lon="-86.72042">
    <ele>308.75</ele>
   </trkpt>
   <trkpt lat="46.34324" lon="-86.72052000000001">
    <ele>308.76000000000005</ele>
   </trkpt>
   <trkpt lat="46.34290000000001" lon="-86.72059">
    <ele>308.53000000000003</ele>
   </trkpt>
   <trkpt lat="46.34233000016808" lon="-86.720605000152">
    <ele>308.12</ele>
   </trkpt>
   <trkpt lat="46.34176" lon="-86.72062000000001">
    <ele>307.46</ele>
   </trkpt>
   <trkpt lat="46.34118" lon="-86.72056">
    <ele>306.61000000000007</ele>
   </trkpt>
   <trkpt lat="46.340340000000005" lon="-86.72052000000001">
    <ele>305.57</ele>
   </trkpt>
   <trkpt lat="46.340340000000005" lon="-86.71979">
    <ele>305.25</ele>
   </trkpt>
   <trkpt lat="46.340340000000005" lon="-86.7198">
    <ele>305.25</ele>
   </trkpt>
   <trkpt lat="46.340340000000005" lon="-86.72052000000001">
    <ele>305.57</ele>
   </trkpt>
   <trkpt lat="46.340070000000004" lon="-86.7205">
    <ele>305.25</ele>
   </trkpt>
   <trkpt lat="46.340076583797135" lon="-86.71922588477834">
    <ele>304.59000000000003</ele>
   </trkpt>
   <trkpt lat="46.34008315344318" lon="-86.71795176925019">
    <ele>304.22</ele>
   </trkpt>
   <trkpt lat="46.34008970893816" lon="-86.71667765341618">
    <ele>303.31</ele>
   </trkpt>
   <trkpt lat="46.34009625028203" lon="-86.71540353727698">
    <ele>302.52</ele>
   </trkpt>
   <trkpt lat="46.34010277747481" lon="-86.71412942083326">
    <ele>301.85</ele>
   </trkpt>
   <trkpt lat="46.340109290516494" lon="-86.71285530408564">
    <ele>300.86</ele>
   </trkpt>
   <trkpt lat="46.34011578940704" lon="-86.71158118703481">
    <ele>301.67</ele>
   </trkpt>
   <trkpt lat="46.340122274146495" lon="-86.71030706968142">
    <ele>301.66</ele>
   </trkpt>
   <trkpt lat="46.340128744734805" lon="-86.70903295202615">
    <ele>301.67</ele>
   </trkpt>
   <trkpt lat="46.34013520117199" lon="-86.70775883406962">
    <ele>301.4</ele>
   </trkpt>
   <trkpt lat="46.34014164345805" lon="-86.70648471581254">
    <ele>300.87</ele>
   </trkpt>
   <trkpt lat="46.34014807159293" lon="-86.70521059725552">
    <ele>300.31</ele>
   </trkpt>
   <trkpt lat="46.34015448557668" lon="-86.70393647839924">
    <ele>300.14</ele>
   </trkpt>
   <trkpt lat="46.34016088540926" lon="-86.70266235924437">
    <ele>300.33000000000004</ele>
   </trkpt>
   <trkpt lat="46.34016727109069" lon="-86.70138823979156">
    <ele>300.22</ele>
   </trkpt>
   <trkpt lat="46.34017364262094" lon="-86.70011412004146">
    <ele>300.41</ele>
   </trkpt>
   <trkpt lat="46.340180000000004" lon="-86.69884">
    <ele>299.76000000000005</ele>
   </trkpt>
   <trkpt lat="46.34015" lon="-86.69776">
    <ele>299.37</ele>
   </trkpt>
   <trkpt lat="46.34004401951643" lon="-86.69670199180727">
    <ele>299.17</ele>
   </trkpt>
   <trkpt lat="46.33993802927513" lon="-86.69564398771625">
    <ele>297.50000000000006</ele>
   </trkpt>
   <trkpt lat="46.3398320292762" lon="-86.69458598772727">
    <ele>292.65000000000003</ele>
   </trkpt>
   <trkpt lat="46.3397260195197" lon="-86.69352799184065">
    <ele>290.93</ele>
   </trkpt>
   <trkpt lat="46.339620000000004" lon="-86.69247">
    <ele>289.55</ele>
   </trkpt>
   <trkpt lat="46.33954000000001" lon="-86.69187000000001">
    <ele>289.53000000000003</ele>
   </trkpt>
   <trkpt lat="46.339470003120915" lon="-86.69102499902455">
    <ele>290.25</ele>
   </trkpt>
   <trkpt lat="46.339400000000005" lon="-86.69018000000001">
    <ele>289.48</ele>
   </trkpt>
   <trkpt lat="46.339415004098086" lon="-86.68921000045214">
    <ele>288.69</ele>
   </trkpt>
   <trkpt lat="46.33943000000001" lon="-86.68824000000001">
    <ele>289.08</ele>
   </trkpt>
   <trkpt lat="46.339400000000005" lon="-86.68747">
    <ele>288.90999999999997</ele>
   </trkpt>
   <trkpt lat="46.339290000000005" lon="-86.68679">
    <ele>288.86</ele>
   </trkpt>
   <trkpt lat="46.339270000000006" lon="-86.68639">
    <ele>288.44</ele>
   </trkpt>
   <trkpt lat="46.33928" lon="-86.68622">
    <ele>287.89000000000004</ele>
   </trkpt>
   <trkpt lat="46.339330000000004" lon="-86.68598">
    <ele>287.6</ele>
   </trkpt>
   <trkpt lat="46.33952000170075" lon="-86.6853550021778">
    <ele>287.29</ele>
   </trkpt>
   <trkpt lat="46.339710000000004" lon="-86.68473">
    <ele>287.90000000000003</ele>
   </trkpt>
   <trkpt lat="46.33977" lon="-86.68424">
    <ele>289.02</ele>
   </trkpt>
   <trkpt lat="46.33994001152547" lon="-86.68309000717072">
    <ele>290.95000000000005</ele>
   </trkpt>
   <trkpt lat="46.34011001152262" lon="-86.6819400071901">
    <ele>290.45000000000005</ele>
   </trkpt>
   <trkpt lat="46.34028000000001" lon="-86.68079">
    <ele>289.81</ele>
   </trkpt>
   <trkpt lat="46.34037500275576" lon="-86.6799950013726">
    <ele>292.48</ele>
   </trkpt>
   <trkpt lat="46.34047" lon="-86.67920000000001">
    <ele>295.23</ele>
   </trkpt>
   <trkpt lat="46.340450000000004" lon="-86.67869">
    <ele>296.21000000000004</ele>
   </trkpt>
   <trkpt lat="46.34033" lon="-86.67819">
    <ele>296.34000000000003</ele>
   </trkpt>
   <trkpt lat="46.33988145413394" lon="-86.67720137992161">
    <ele>295.24</ele>
   </trkpt>
   <trkpt lat="46.33943289974818" lon="-86.67621277606372">
    <ele>290.74</ele>
   </trkpt>
   <trkpt lat="46.338984336843005" lon="-86.67522418842607">
    <ele>288.94</ele>
   </trkpt>
   <trkpt lat="46.3385357654187" lon="-86.67423561700849">
    <ele>289.96000000000004</ele>
   </trkpt>
   <trkpt lat="46.3380871854755" lon="-86.67324706181077">
    <ele>287.39000000000004</ele>
   </trkpt>
   <trkpt lat="46.33763859701372" lon="-86.67225852283269">
    <ele>286.99</ele>
   </trkpt>
   <trkpt lat="46.33719000000001" lon="-86.67127">
    <ele>290.51000000000005</ele>
   </trkpt>
   <trkpt lat="46.337" lon="-86.67078000000001">
    <ele>291.27000000000004</ele>
   </trkpt>
   <trkpt lat="46.336858606617454" lon="-86.66961998199363">
    <ele>288.56000000000006</ele>
   </trkpt>
   <trkpt lat="46.33671720150482" lon="-86.66845996998644">
    <ele>288.58</ele>
   </trkpt>
   <trkpt lat="46.336575784662195" lon="-86.66729996397885">
    <ele>291.69</ele>
   </trkpt>
   <trkpt lat="46.33643435608971" lon="-86.66613996397132">
    <ele>290.04</ele>
   </trkpt>
   <trkpt lat="46.336292915787496" lon="-86.66497996996428">
    <ele>288.72</ele>
   </trkpt>
   <trkpt lat="46.33615146375565" lon="-86.66381998195817">
    <ele>291.75</ele>
   </trkpt>
   <trkpt lat="46.33601" lon="-86.66266">
    <ele>293.88000000000005</ele>
   </trkpt>
   <trkpt lat="46.33586334732713" lon="-86.66139332660424">
    <ele>293.32</ele>
   </trkpt>
   <trkpt lat="46.33571668066798" lon="-86.66012666000273">
    <ele>292.47</ele>
   </trkpt>
   <trkpt lat="46.335570000000004" lon="-86.65886">
    <ele>292.84000000000003</ele>
   </trkpt>
   <trkpt lat="46.335440000000006" lon="-86.65836">
    <ele>292.82</ele>
   </trkpt>
   <trkpt lat="46.33525" lon="-86.65796">
    <ele>292.39000000000004</ele>
   </trkpt>
   <trkpt lat="46.33491" lon="-86.6576">
    <ele>290.59000000000003</ele>
   </trkpt>
   <trkpt lat="46.334740000000004" lon="-86.65746">
    <ele>290.13</ele>
   </trkpt>
   <trkpt lat="46.3341850004268" lon="-86.65714999685838">
    <ele>287.51000000000005</ele>
   </trkpt>
   <trkpt lat="46.33363000000001" lon="-86.65684">
    <ele>288.78000000000003</ele>
   </trkpt>
   <trkpt lat="46.333490000000005" lon="-86.65675">
    <ele>289.40999999999997</ele>
   </trkpt>
   <trkpt lat="46.33337" lon="-86.65661">
    <ele>289.72</ele>
   </trkpt>
   <trkpt lat="46.33316000000001" lon="-86.65631">
    <ele>290.16</ele>
   </trkpt>
   <trkpt lat="46.33297" lon="-86.65639">
    <ele>289.55</ele>
   </trkpt>
   <trkpt lat="46.33296000000001" lon="-86.65639">
    <ele>289.51000000000005</ele>
   </trkpt>
   <trkpt lat="46.33243" lon="-86.65661">
    <ele>286.81</ele>
   </trkpt>
   <trkpt lat="46.331630001018695" lon="-86.65689001228903">
    <ele>288.56000000000006</ele>
   </trkpt>
   <trkpt lat="46.3308300013539" lon="-86.65717001638657">
    <ele>289.84999999999997</ele>
   </trkpt>
   <trkpt lat="46.33003000100568" lon="-86.6574500122931">
    <ele>291.79</ele>
   </trkpt>
   <trkpt lat="46.32923" lon="-86.65773">
    <ele>291.78000000000003</ele>
   </trkpt>
   <trkpt lat="46.32837333390245" lon="-86.6579833412656">
    <ele>289.71000000000004</ele>
   </trkpt>
   <trkpt lat="46.327516667245426" lon="-86.65823667459593">
    <ele>287.99</ele>
   </trkpt>
   <trkpt lat="46.326660000000004" lon="-86.65849">
    <ele>286.90999999999997</ele>
   </trkpt>
   <trkpt lat="46.32598" lon="-86.65873">
    <ele>288.14</ele>
   </trkpt>
   <trkpt lat="46.3252966668717" lon="-86.65889667083948">
    <ele>289.05</ele>
   </trkpt>
   <trkpt lat="46.32461333350127" lon="-86.65906333751512">
    <ele>289.03000000000003</ele>
   </trkpt>
   <trkpt lat="46.323930000000004" lon="-86.65923000000001">
    <ele>289.95000000000005</ele>
   </trkpt>
   <trkpt lat="46.32303750030142" lon="-86.6593300114196">
    <ele>289.66</ele>
   </trkpt>
   <trkpt lat="46.32214500051565" lon="-86.65943001957615">
    <ele>288.89000000000004</ele>
   </trkpt>
   <trkpt lat="46.3212525006427" lon="-86.65953002446989">
    <ele>288.18000000000006</ele>
   </trkpt>
   <trkpt lat="46.320360000682555" lon="-86.659630026101">
    <ele>286.59000000000003</ele>
   </trkpt>
   <trkpt lat="46.31946750063526" lon="-86.65973002446965">
    <ele>284.21000000000004</ele>
   </trkpt>
   <trkpt lat="46.31857500050077" lon="-86.65983001957615">
    <ele>281.82</ele>
   </trkpt>
   <trkpt lat="46.31768250027915" lon="-86.65993001142064">
    <ele>282.42</ele>
   </trkpt>
   <trkpt lat="46.316790000000005" lon="-86.66003">
    <ele>282.55</ele>
   </trkpt>
   <trkpt lat="46.316720000000004" lon="-86.66011">
    <ele>282.52000000000004</ele>
   </trkpt>
   <trkpt lat="46.31617000000001" lon="-86.66096">
    <ele>279.19000000000005</ele>
   </trkpt>
   <trkpt lat="46.31581000195805" lon="-86.66163000440507">
    <ele>278.27000000000004</ele>
   </trkpt>
   <trkpt lat="46.315450000000006" lon="-86.6623">
    <ele>276.49</ele>
   </trkpt>
   <trkpt lat="46.31497" lon="-86.66335000000001">
    <ele>270.89</ele>
   </trkpt>
   <trkpt lat="46.314773342695055" lon="-86.66438667415326">
    <ele>269.04</ele>
   </trkpt>
   <trkpt lat="46.314576676021595" lon="-86.66542334085565">
    <ele>271.90000000000003</ele>
   </trkpt>
   <trkpt lat="46.31438000000001" lon="-86.66646">
    <ele>275.84000000000003</ele>
   </trkpt>
   <trkpt lat="46.31429000000001" lon="-86.66671000000001">
    <ele>275.87</ele>
   </trkpt>
   <trkpt lat="46.314170000000004" lon="-86.66696">
    <ele>275.92</ele>
   </trkpt>
   <trkpt lat="46.31382000000001" lon="-86.66745">
    <ele>276.45000000000005</ele>
   </trkpt>
   <trkpt lat="46.31351" lon="-86.66774000000001">
    <ele>277.82</ele>
   </trkpt>
   <trkpt lat="46.313030000000005" lon="-86.66798">
    <ele>279.57000000000005</ele>
   </trkpt>
   <trkpt lat="46.31282" lon="-86.66804">
    <ele>279.85</ele>
   </trkpt>
   <trkpt lat="46.31251" lon="-86.66810000000001">
    <ele>279.55</ele>
   </trkpt>
   <trkpt lat="46.31181666663072" lon="-86.66810666683593">
    <ele>281.63000000000005</ele>
   </trkpt>
   <trkpt lat="46.31112333326105" lon="-86.66811333350294">
    <ele>279.58</ele>
   </trkpt>
   <trkpt lat="46.310430000000004" lon="-86.66812">
    <ele>280.79</ele>
   </trkpt>
   <trkpt lat="46.31042" lon="-86.66812">
    <ele>280.79</ele>
   </trkpt>
   <trkpt lat="46.30991500000769" lon="-86.66812500004606">
    <ele>282.03</ele>
   </trkpt>
   <trkpt lat="46.30941000000001" lon="-86.66813">
    <ele>280.90000000000003</ele>
   </trkpt>
   <trkpt lat="46.308610000111436" lon="-86.66797999781019">
    <ele>279.31</ele>
   </trkpt>
   <trkpt lat="46.30781" lon="-86.66783000000001">
    <ele>277.87</ele>
   </trkpt>
   <trkpt lat="46.30719333344456" lon="-86.66773333116002">
    <ele>278.46999999999997</ele>
   </trkpt>
   <trkpt lat="46.306576666807636" lon="-86.66763666449805">
    <ele>277.29</ele>
   </trkpt>
   <trkpt lat="46.305960000000006" lon="-86.66754">
    <ele>275.17</ele>
   </trkpt>
   <trkpt lat="46.305620000000005" lon="-86.66755">
    <ele>274.64</ele>
   </trkpt>
   <trkpt lat="46.30529000000001" lon="-86.66760000000001">
    <ele>275.12</ele>
   </trkpt>
   <trkpt lat="46.30466000027175" lon="-86.66777000191705">
    <ele>272.71</ele>
   </trkpt>
   <trkpt lat="46.304030000000004" lon="-86.66794">
    <ele>271.89000000000004</ele>
   </trkpt>
   <trkpt lat="46.303225000115106" lon="-86.66812000265257">
    <ele>274.59</ele>
   </trkpt>
   <trkpt lat="46.302420000000005" lon="-86.6683">
    <ele>274.58000000000004</ele>
   </trkpt>
   <trkpt lat="46.3017433339387" lon="-86.66857000668602">
    <ele>274.79</ele>
   </trkpt>
   <trkpt lat="46.30106666724188" lon="-86.66884000669795">
    <ele>277.28000000000003</ele>
   </trkpt>
   <trkpt lat="46.30039000000001" lon="-86.66911">
    <ele>277.22</ele>
   </trkpt>
   <trkpt lat="46.299670000000006" lon="-86.66946">
    <ele>276.98</ele>
   </trkpt>
   <trkpt lat="46.2989200008311" lon="-86.66977334192734">
    <ele>276.85</ele>
   </trkpt>
   <trkpt lat="46.29817000080628" lon="-86.67008667527088">
    <ele>276.25</ele>
   </trkpt>
   <trkpt lat="46.29742" lon="-86.6704">
    <ele>275.96000000000004</ele>
   </trkpt>
   <trkpt lat="46.29699" lon="-86.67054">
    <ele>275.46000000000004</ele>
   </trkpt>
   <trkpt lat="46.29668" lon="-86.67058">
    <ele>275.35</ele>
   </trkpt>
   <trkpt lat="46.29581" lon="-86.67074000000001">
    <ele>273.77</ele>
   </trkpt>
   <trkpt lat="46.29503200029704" lon="-86.67087000738704">
    <ele>274.48</ele>
   </trkpt>
   <trkpt lat="46.294254000446735" lon="-86.67100001108017">
    <ele>273.94</ele>
   </trkpt>
   <trkpt lat="46.2934760004491" lon="-86.67113001107958">
    <ele>273.54</ele>
   </trkpt>
   <trkpt lat="46.29269800030412" lon="-86.67126000738546">
    <ele>272.94</ele>
   </trkpt>
   <trkpt lat="46.291920000000005" lon="-86.67139">
    <ele>272.5</ele>
   </trkpt>
   <trkpt lat="46.29147000003157" lon="-86.67150000090896">
    <ele>272.09</ele>
   </trkpt>
   <trkpt lat="46.29102" lon="-86.67161">
    <ele>272.18</ele>
   </trkpt>
   <trkpt lat="46.29077" lon="-86.67063">
    <ele>271.88</ele>
   </trkpt>
   <trkpt lat="46.29061" lon="-86.66988">
    <ele>270.35</ele>
   </trkpt>
   <trkpt lat="46.29048" lon="-86.66953000000001">
    <ele>269.65</ele>
   </trkpt>
   <trkpt lat="46.2903" lon="-86.66921">
    <ele>269.57000000000005</ele>
   </trkpt>
   <trkpt lat="46.289750000000005" lon="-86.66837000000001">
    <ele>270.90000000000003</ele>
   </trkpt>
   <trkpt lat="46.28949" lon="-86.66795">
    <ele>270.88</ele>
   </trkpt>
   <trkpt lat="46.289120000000004" lon="-86.66722">
    <ele>270.41</ele>
   </trkpt>
   <trkpt lat="46.28884000221739" lon="-86.66650499631695">
    <ele>270.32</ele>
   </trkpt>
   <trkpt lat="46.288560000000004" lon="-86.66579">
    <ele>269.56</ele>
   </trkpt>
   <trkpt lat="46.288230006881356" lon="-86.6648999892114">
    <ele>268.98</ele>
   </trkpt>
   <trkpt lat="46.28790000685724" lon="-86.6640099891465">
    <ele>270.59</ele>
   </trkpt>
   <trkpt lat="46.28757" lon="-86.66312">
    <ele>270.45000000000005</ele>
   </trkpt>
   <trkpt lat="46.28730000199687" lon="-86.66244499669997">
    <ele>270.09</ele>
   </trkpt>
   <trkpt lat="46.28703" lon="-86.66177">
    <ele>267.62</ele>
   </trkpt>
   <trkpt lat="46.286570000000005" lon="-86.66087">
    <ele>265.19000000000005</ele>
   </trkpt>
   <trkpt lat="46.2864" lon="-86.66066000000001">
    <ele>265.43</ele>
   </trkpt>
   <trkpt lat="46.286100000000005" lon="-86.66034">
    <ele>267.27</ele>
   </trkpt>
   <trkpt lat="46.28546000165337" lon="-86.65971499265002">
    <ele>268.01000000000005</ele>
   </trkpt>
   <trkpt lat="46.28482" lon="-86.65909">
    <ele>264.45</ele>
   </trkpt>
   <trkpt lat="46.28433667008623" lon="-86.65846332227034">
    <ele>263.91</ele>
   </trkpt>
   <trkpt lat="46.28385333674878" lon="-86.6578366555985">
    <ele>262.93</ele>
   </trkpt>
   <trkpt lat="46.283370000000005" lon="-86.65721">
    <ele>265.09000000000003</ele>
   </trkpt>
   <trkpt lat="46.28293" lon="-86.65657">
    <ele>265.57000000000005</ele>
   </trkpt>
   <trkpt lat="46.2828" lon="-86.65635">
    <ele>264.75000000000006</ele>
   </trkpt>
   <trkpt lat="46.28267" lon="-86.65608">
    <ele>263.37000000000006</ele>
   </trkpt>
   <trkpt lat="46.2824" lon="-86.65536">
    <ele>261.53000000000003</ele>
   </trkpt>
   <trkpt lat="46.28196500464223" lon="-86.65432999186427">
    <ele>263.05</ele>
   </trkpt>
   <trkpt lat="46.281530000000004" lon="-86.6533">
    <ele>263.39</ele>
   </trkpt>
   <trkpt lat="46.28123333857826" lon="-86.65252332488626">
    <ele>263.75000000000006</ele>
   </trkpt>
   <trkpt lat="46.2809366718977" lon="-86.65174665818336">
    <ele>264.5</ele>
   </trkpt>
   <trkpt lat="46.280640000000005" lon="-86.65097">
    <ele>264.93</ele>
   </trkpt>
   <trkpt lat="46.280190000000005" lon="-86.6499">
    <ele>265.27</ele>
   </trkpt>
   <trkpt lat="46.279900000000005" lon="-86.64946">
    <ele>265.15</ele>
   </trkpt>
   <trkpt lat="46.27940333663363" lon="-86.64884665557322">
    <ele>264.47</ele>
   </trkpt>
   <trkpt lat="46.27890666998769" lon="-86.64823332226564">
    <ele>264.62</ele>
   </trkpt>
   <trkpt lat="46.27841" lon="-86.64762">
    <ele>264.49</ele>
   </trkpt>
   <trkpt lat="46.278200000000005" lon="-86.64797">
    <ele>263.96000000000004</ele>
   </trkpt>
   <trkpt lat="46.2779" lon="-86.64829">
    <ele>262.6</ele>
   </trkpt>
   <trkpt lat="46.277770000000004" lon="-86.64838">
    <ele>261.85</ele>
   </trkpt>
   <trkpt lat="46.27740000000001" lon="-86.64842">
    <ele>261.06</ele>
   </trkpt>
   <trkpt lat="46.27683500026898" lon="-86.64839999980325">
    <ele>260.97</ele>
   </trkpt>
   <trkpt lat="46.276270000000004" lon="-86.64838">
    <ele>259.92</ele>
   </trkpt>
   <trkpt lat="46.275740000000006" lon="-86.64826000000001">
    <ele>259.18</ele>
   </trkpt>
   <trkpt lat="46.275420000000004" lon="-86.64817000000001">
    <ele>259.43</ele>
   </trkpt>
   <trkpt lat="46.27517" lon="-86.64815">
    <ele>260.01</ele>
   </trkpt>
   <trkpt lat="46.27501" lon="-86.64816">
    <ele>260.01</ele>
   </trkpt>
   <trkpt lat="46.27481" lon="-86.64825">
    <ele>260.01</ele>
   </trkpt>
   <trkpt lat="46.27463" lon="-86.64842">
    <ele>260.64000000000004</ele>
   </trkpt>
   <trkpt lat="46.27451000000001" lon="-86.64855">
    <ele>260.64000000000004</ele>
   </trkpt>
   <trkpt lat="46.274420000000006" lon="-86.64869">
    <ele>260.78000000000003</ele>
   </trkpt>
   <trkpt lat="46.27406000492365" lon="-86.64944000981238">
    <ele>261.73</ele>
   </trkpt>
   <trkpt lat="46.27370000494334" lon="-86.65019000977121">
    <ele>260.40000000000003</ele>
   </trkpt>
   <trkpt lat="46.273340000000005" lon="-86.65094">
    <ele>259.18</ele>
   </trkpt>
   <trkpt lat="46.27311" lon="-86.6513">
    <ele>258.70000000000005</ele>
   </trkpt>
   <trkpt lat="46.272960000000005" lon="-86.65147">
    <ele>258.12</ele>
   </trkpt>
   <trkpt lat="46.272360000000006" lon="-86.65178">
    <ele>254.07000000000002</ele>
   </trkpt>
   <trkpt lat="46.271710000000006" lon="-86.65196">
    <ele>253.57000000000002</ele>
   </trkpt>
   <trkpt lat="46.271530000000006" lon="-86.65196">
    <ele>254.72</ele>
   </trkpt>
   <trkpt lat="46.27094" lon="-86.65183">
    <ele>258.39</ele>
   </trkpt>
   <trkpt lat="46.27073" lon="-86.65172000000001">
    <ele>259.43</ele>
   </trkpt>
   <trkpt lat="46.27038" lon="-86.65169">
    <ele>259.81000000000006</ele>
   </trkpt>
   <trkpt lat="46.270140000000005" lon="-86.6517">
    <ele>260.07</ele>
   </trkpt>
   <trkpt lat="46.26990000000001" lon="-86.65187">
    <ele>260.65000000000003</ele>
   </trkpt>
   <trkpt lat="46.26975" lon="-86.652">
    <ele>260.87000000000006</ele>
   </trkpt>
   <trkpt lat="46.26955" lon="-86.65232">
    <ele>261.12</ele>
   </trkpt>
   <trkpt lat="46.26922000261412" lon="-86.6531000047857">
    <ele>261.06</ele>
   </trkpt>
   <trkpt lat="46.268890000000006" lon="-86.65388">
    <ele>260.35</ele>
   </trkpt>
   <trkpt lat="46.268890000000006" lon="-86.65389">
    <ele>260.34000000000003</ele>
   </trkpt>
   <trkpt lat="46.268545002800295" lon="-86.65470000523833">
    <ele>260.03000000000003</ele>
   </trkpt>
   <trkpt lat="46.26820000000001" lon="-86.65551">
    <ele>259.96000000000004</ele>
   </trkpt>
   <trkpt lat="46.267970000000005" lon="-86.65585">
    <ele>259.96000000000004</ele>
   </trkpt>
   <trkpt lat="46.26758" lon="-86.65625">
    <ele>260.18</ele>
   </trkpt>
   <trkpt lat="46.26696666918613" lon="-86.656790012104">
    <ele>259.32</ele>
   </trkpt>
   <trkpt lat="46.26635333583001" lon="-86.65733001212385">
    <ele>255.62</ele>
   </trkpt>
   <trkpt lat="46.26574" lon="-86.65787">
    <ele>253.15000000000003</ele>
   </trkpt>
   <trkpt lat="46.265126669335636" lon="-86.65731665428483">
    <ele>251.82000000000005</ele>
   </trkpt>
   <trkpt lat="46.26451333600191" lon="-86.65676332095133">
    <ele>254.5</ele>
   </trkpt>
   <trkpt lat="46.26390000000001" lon="-86.65621">
    <ele>256.23</ele>
   </trkpt>
   <trkpt lat="46.26379000000001" lon="-86.65608">
    <ele>256.62</ele>
   </trkpt>
   <trkpt lat="46.26368" lon="-86.65583000000001">
    <ele>257.52000000000004</ele>
   </trkpt>
   <trkpt lat="46.26355334659215" lon="-86.65459666094314">
    <ele>256.8</ele>
   </trkpt>
   <trkpt lat="46.26342667992293" lon="-86.6533633275852">
    <ele>253.67</ele>
   </trkpt>
   <trkpt lat="46.2633" lon="-86.65213000000001">
    <ele>254.69000000000003</ele>
   </trkpt>
   <trkpt lat="46.262950000000004" lon="-86.65107">
    <ele>255.95000000000002</ele>
   </trkpt>
   <trkpt lat="46.26286" lon="-86.65075">
    <ele>256.01</ele>
   </trkpt>
   <trkpt lat="46.26283" lon="-86.65052">
    <ele>256.09000000000003</ele>
   </trkpt>
   <trkpt lat="46.26277500731203" lon="-86.64922499874164">
    <ele>256.14000000000004</ele>
   </trkpt>
   <trkpt lat="46.26272" lon="-86.64793">
    <ele>255.8</ele>
   </trkpt>
   <trkpt lat="46.26279" lon="-86.64769000000001">
    <ele>255.41000000000003</ele>
   </trkpt>
   <trkpt lat="46.2629" lon="-86.64748">
    <ele>255.21000000000004</ele>
   </trkpt>
   <trkpt lat="46.263305000978775" lon="-86.6470300032176">
    <ele>253.71000000000004</ele>
   </trkpt>
   <trkpt lat="46.26371" lon="-86.64658">
    <ele>254.01000000000002</ele>
   </trkpt>
   <trkpt lat="46.263870000000004" lon="-86.64632">
    <ele>255.5</ele>
   </trkpt>
   <trkpt lat="46.264410000000005" lon="-86.6453">
    <ele>255.73000000000002</ele>
   </trkpt>
   <trkpt lat="46.26491500203326" lon="-86.64461000641374">
    <ele>258.41</ele>
   </trkpt>
   <trkpt lat="46.265420000000006" lon="-86.64392000000001">
    <ele>260.28000000000003</ele>
   </trkpt>
   <trkpt lat="46.26576500128963" lon="-86.64337000350764">
    <ele>260.37000000000006</ele>
   </trkpt>
   <trkpt lat="46.266110000000005" lon="-86.64282">
    <ele>261.11</ele>
   </trkpt>
   <trkpt lat="46.26633" lon="-86.64243">
    <ele>260.86</ele>
   </trkpt>
   <trkpt lat="46.26657" lon="-86.64176">
    <ele>260.23</ele>
   </trkpt>
   <trkpt lat="46.266650000000006" lon="-86.64083000000001">
    <ele>259.18</ele>
   </trkpt>
   <trkpt lat="46.266650000000006" lon="-86.64084000000001">
    <ele>259.21</ele>
   </trkpt>
   <trkpt lat="46.26670000000001" lon="-86.64034000000001">
    <ele>258.65999999999997</ele>
   </trkpt>
   <trkpt lat="46.26679" lon="-86.63991">
    <ele>258.33</ele>
   </trkpt>
   <trkpt lat="46.267010000000006" lon="-86.63908">
    <ele>258.38</ele>
   </trkpt>
   <trkpt lat="46.267120000000006" lon="-86.63854">
    <ele>259.27</ele>
   </trkpt>
   <trkpt lat="46.267160000000004" lon="-86.63826">
    <ele>259.49</ele>
   </trkpt>
   <trkpt lat="46.26717000000001" lon="-86.63791">
    <ele>259.20000000000005</ele>
   </trkpt>
   <trkpt lat="46.26713" lon="-86.6375">
    <ele>258.18</ele>
   </trkpt>
   <trkpt lat="46.267010000000006" lon="-86.63714">
    <ele>257.75000000000006</ele>
   </trkpt>
   <trkpt lat="46.26675" lon="-86.63648">
    <ele>257.23</ele>
   </trkpt>
   <trkpt lat="46.266385004257536" lon="-86.63549499351768">
    <ele>257.15999999999997</ele>
   </trkpt>
   <trkpt lat="46.266020000000005" lon="-86.63451">
    <ele>257.17</ele>
   </trkpt>
   <trkpt lat="46.2659" lon="-86.63409">
    <ele>257.25000000000006</ele>
   </trkpt>
   <trkpt lat="46.26578000000001" lon="-86.63351">
    <ele>257.45</ele>
   </trkpt>
   <trkpt lat="46.26557000656249" lon="-86.63228499543078">
    <ele>257.51</ele>
   </trkpt>
   <trkpt lat="46.26536" lon="-86.63106">
    <ele>258.47</ele>
   </trkpt>
   <trkpt lat="46.265196677406585" lon="-86.629949993374">
    <ele>258.55</ele>
   </trkpt>
   <trkpt lat="46.26503334407149" lon="-86.6288399933622">
    <ele>257.26000000000005</ele>
   </trkpt>
   <trkpt lat="46.26487" lon="-86.62773000000001">
    <ele>258.26000000000005</ele>
   </trkpt>
   <trkpt lat="46.264540000000004" lon="-86.62747">
    <ele>259.82</ele>
   </trkpt>
   <trkpt lat="46.26426000000001" lon="-86.62734">
    <ele>260.49</ele>
   </trkpt>
   <trkpt lat="46.26356250004637" lon="-86.6273775014298">
    <ele>265.17</ele>
   </trkpt>
   <trkpt lat="46.26286500008049" lon="-86.62741500190538">
    <ele>266.95</ele>
   </trkpt>
   <trkpt lat="46.26216750010233" lon="-86.62745250142673">
    <ele>267.38</ele>
   </trkpt>
   <trkpt lat="46.26147" lon="-86.62749000000001">
    <ele>267.19000000000005</ele>
   </trkpt>
   <trkpt lat="46.26131" lon="-86.62747">
    <ele>267.79</ele>
   </trkpt>
   <trkpt lat="46.26113" lon="-86.62738">
    <ele>268.05</ele>
   </trkpt>
   <trkpt lat="46.26065000488488" lon="-86.62663332029776">
    <ele>269.36</ele>
   </trkpt>
   <trkpt lat="46.26017000490918" lon="-86.62588665366907">
    <ele>270.98</ele>
   </trkpt>
   <trkpt lat="46.259690000000006" lon="-86.62514">
    <ele>270.82</ele>
   </trkpt>
   <trkpt lat="46.25958000000001" lon="-86.62489000000001">
    <ele>270.8</ele>
   </trkpt>
   <trkpt lat="46.25910000471721" lon="-86.62415332041417">
    <ele>269.72</ele>
   </trkpt>
   <trkpt lat="46.25862000470315" lon="-86.6234166537261">
    <ele>268.94</ele>
   </trkpt>
   <trkpt lat="46.258140000000004" lon="-86.62268">
    <ele>272.39000000000004</ele>
   </trkpt>
   <trkpt lat="46.25789" lon="-86.62209">
    <ele>271.51000000000005</ele>
   </trkpt>
   <trkpt lat="46.25768" lon="-86.62121">
    <ele>268.76</ele>
   </trkpt>
   <trkpt lat="46.25737" lon="-86.62049">
    <ele>269.33</ele>
   </trkpt>
   <trkpt lat="46.256767510482184" lon="-86.61959497050927">
    <ele>267.88</ele>
   </trkpt>
   <trkpt lat="46.256165013980514" lon="-86.61869996068609">
    <ele>268.3</ele>
   </trkpt>
   <trkpt lat="46.2555625104953" lon="-86.61780497052983">
    <ele>268.08000000000004</ele>
   </trkpt>
   <trkpt lat="46.254960000000004" lon="-86.61691">
    <ele>265.68</ele>
   </trkpt>
   <trkpt lat="46.25433000335969" lon="-86.61603498997898">
    <ele>263.11</ele>
   </trkpt>
   <trkpt lat="46.2537" lon="-86.61516">
    <ele>262.74</ele>
   </trkpt>
   <trkpt lat="46.25316" lon="-86.61416000000001">
    <ele>261.69000000000005</ele>
   </trkpt>
   <trkpt lat="46.25265601800636" lon="-86.61314396266755">
    <ele>264.25000000000006</ele>
   </trkpt>
   <trkpt lat="46.2521520270127" lon="-86.61212794400865">
    <ele>258.51</ele>
   </trkpt>
   <trkpt lat="46.251648027019336" lon="-86.61111194402302">
    <ele>256.17</ele>
   </trkpt>
   <trkpt lat="46.25114401802661" lon="-86.61009596271032">
    <ele>259.22</ele>
   </trkpt>
   <trkpt lat="46.250640000000004" lon="-86.60908">
    <ele>259.83</ele>
   </trkpt>
   <trkpt lat="46.25025" lon="-86.6085">
    <ele>260.32</ele>
   </trkpt>
   <trkpt lat="46.249990000000004" lon="-86.60818">
    <ele>261.79</ele>
   </trkpt>
   <trkpt lat="46.2496150012259" lon="-86.60768499682402">
    <ele>260.64000000000004</ele>
   </trkpt>
   <trkpt lat="46.24924" lon="-86.60719">
    <ele>261.85</ele>
   </trkpt>
   <trkpt lat="46.24882" lon="-86.6066">
    <ele>262.81000000000006</ele>
   </trkpt>
   <trkpt lat="46.248580000000004" lon="-86.60563">
    <ele>259.03000000000003</ele>
   </trkpt>
   <trkpt lat="46.24836802018929" lon="-86.6045539833723">
    <ele>258.12</ele>
   </trkpt>
   <trkpt lat="46.24815603028443" lon="-86.60347797506151">
    <ele>256.89</ele>
   </trkpt>
   <trkpt lat="46.24794403028558" lon="-86.60240197506785">
    <ele>255.29000000000002</ele>
   </trkpt>
   <trkpt lat="46.2477320201929" lon="-86.6013259833916">
    <ele>255.25000000000003</ele>
   </trkpt>
   <trkpt lat="46.24752" lon="-86.60025">
    <ele>255.5</ele>
   </trkpt>
   <trkpt lat="46.247310000000006" lon="-86.59984">
    <ele>254.60000000000005</ele>
   </trkpt>
   <trkpt lat="46.24685000087502" lon="-86.59938999621886">
    <ele>254.92000000000004</ele>
   </trkpt>
   <trkpt lat="46.246390000000005" lon="-86.59894000000001">
    <ele>255.98999999999998</ele>
   </trkpt>
   <trkpt lat="46.24604" lon="-86.59855">
    <ele>257.96000000000004</ele>
   </trkpt>
   <trkpt lat="46.245900000000006" lon="-86.59830000000001">
    <ele>257.96000000000004</ele>
   </trkpt>
   <trkpt lat="46.245740000000005" lon="-86.59792">
    <ele>258.67</ele>
   </trkpt>
   <trkpt lat="46.245650000000005" lon="-86.59743">
    <ele>258.51</ele>
   </trkpt>
   <trkpt lat="46.24564" lon="-86.5964">
    <ele>255.26999999999998</ele>
   </trkpt>
   <trkpt lat="46.24569" lon="-86.5959">
    <ele>255.35000000000002</ele>
   </trkpt>
   <trkpt lat="46.24586" lon="-86.59542">
    <ele>255.37000000000003</ele>
   </trkpt>
   <trkpt lat="46.246120000000005" lon="-86.59502">
    <ele>254.65000000000003</ele>
   </trkpt>
   <trkpt lat="46.24672" lon="-86.59465">
    <ele>255.13000000000002</ele>
   </trkpt>
   <trkpt lat="46.247260000000004" lon="-86.59440000000001">
    <ele>255.82999999999998</ele>
   </trkpt>
   <trkpt lat="46.247640000000004" lon="-86.59429">
    <ele>256.41</ele>
   </trkpt>
   <trkpt lat="46.24797" lon="-86.59400000000001">
    <ele>256.83</ele>
   </trkpt>
   <trkpt lat="46.24822" lon="-86.59372">
    <ele>258.84000000000003</ele>
   </trkpt>
   <trkpt lat="46.24832000000001" lon="-86.59358">
    <ele>259.54</ele>
   </trkpt>
   <trkpt lat="46.24837" lon="-86.5934">
    <ele>260.77</ele>
   </trkpt>
   <trkpt lat="46.2486" lon="-86.59232">
    <ele>265.70000000000005</ele>
   </trkpt>
   <trkpt lat="46.24864" lon="-86.59189">
    <ele>266.24</ele>
   </trkpt>
   <trkpt lat="46.248670000000004" lon="-86.59071">
    <ele>266.3</ele>
   </trkpt>
   <trkpt lat="46.24860500236689" lon="-86.58997499926421">
    <ele>265.82</ele>
   </trkpt>
   <trkpt lat="46.248540000000006" lon="-86.58924">
    <ele>264.95</ele>
   </trkpt>
   <trkpt lat="46.248090000000005" lon="-86.58816">
    <ele>264.90000000000003</ele>
   </trkpt>
   <trkpt lat="46.24777000136079" lon="-86.58759999672216">
    <ele>263.96000000000004</ele>
   </trkpt>
   <trkpt lat="46.24745" lon="-86.58704">
    <ele>261.61</ele>
   </trkpt>
   <trkpt lat="46.247150000000005" lon="-86.5866">
    <ele>260.8</ele>
   </trkpt>
   <trkpt lat="46.24677000184897" lon="-86.585944995426">
    <ele>259.48</ele>
   </trkpt>
   <trkpt lat="46.246390000000005" lon="-86.58529">
    <ele>257.83</ele>
   </trkpt>
   <trkpt lat="46.245940000000004" lon="-86.58421000000001">
    <ele>255.46</ele>
   </trkpt>
   <trkpt lat="46.245600003568725" lon="-86.58330499438671">
    <ele>254.45000000000002</ele>
   </trkpt>
   <trkpt lat="46.24526" lon="-86.5824">
    <ele>255.3</ele>
   </trkpt>
   <trkpt lat="46.245000000000005" lon="-86.58189">
    <ele>255.57000000000002</ele>
   </trkpt>
   <trkpt lat="46.24465000000001" lon="-86.58143000000001">
    <ele>256.09000000000003</ele>
   </trkpt>
   <trkpt lat="46.244085001711376" lon="-86.58079499340808">
    <ele>257.28000000000003</ele>
   </trkpt>
   <trkpt lat="46.243520000000004" lon="-86.58016">
    <ele>256.18</ele>
   </trkpt>
   <trkpt lat="46.24326000000001" lon="-86.5797">
    <ele>257.58000000000004</ele>
   </trkpt>
   <trkpt lat="46.24298" lon="-86.57925">
    <ele>258.58000000000004</ele>
   </trkpt>
   <trkpt lat="46.242610001157516" lon="-86.57871499626148">
    <ele>259.5</ele>
   </trkpt>
   <trkpt lat="46.24224" lon="-86.57818">
    <ele>260.57</ele>
   </trkpt>
   <trkpt lat="46.24199" lon="-86.57775000000001">
    <ele>260.46000000000004</ele>
   </trkpt>
   <trkpt lat="46.241780001712996" lon="-86.57713499783412">
    <ele>260.23</ele>
   </trkpt>
   <trkpt lat="46.24157" lon="-86.57652">
    <ele>260.09000000000003</ele>
   </trkpt>
   <trkpt lat="46.24154000368291" lon="-86.57559999928985">
    <ele>259.48</ele>
   </trkpt>
   <trkpt lat="46.241510000000005" lon="-86.57468">
    <ele>258.84000000000003</ele>
   </trkpt>
   <trkpt lat="46.241440000000004" lon="-86.57419">
    <ele>258.89</ele>
   </trkpt>
   <trkpt lat="46.24121000442756" lon="-86.57318499589461">
    <ele>259.05</ele>
   </trkpt>
   <trkpt lat="46.24098" lon="-86.57218">
    <ele>260.89</ele>
   </trkpt>
   <trkpt lat="46.24087" lon="-86.57165">
    <ele>262.13000000000005</ele>
   </trkpt>
   <trkpt lat="46.240860000000005" lon="-86.57137">
    <ele>262.26000000000005</ele>
   </trkpt>
   <trkpt lat="46.24089" lon="-86.57094000000001">
    <ele>262.40000000000003</ele>
   </trkpt>
   <trkpt lat="46.24116" lon="-86.56977">
    <ele>258.82</ele>
   </trkpt>
   <trkpt lat="46.24125500287546" lon="-86.56896000127132">
    <ele>257.85</ele>
   </trkpt>
   <trkpt lat="46.241350000000004" lon="-86.56815">
    <ele>257.46000000000004</ele>
   </trkpt>
   <trkpt lat="46.24148" lon="-86.56771">
    <ele>256.04</ele>
   </trkpt>
   <trkpt lat="46.241760000000006" lon="-86.56695">
    <ele>252.56</ele>
   </trkpt>
   <trkpt lat="46.241780000000006" lon="-86.56678000000001">
    <ele>252.56</ele>
   </trkpt>
   <trkpt lat="46.241780000000006" lon="-86.56659">
    <ele>250.37000000000003</ele>
   </trkpt>
   <trkpt lat="46.241760000000006" lon="-86.56644">
    <ele>250.37000000000003</ele>
   </trkpt>
   <trkpt lat="46.24134" lon="-86.56559">
    <ele>247.35000000000002</ele>
   </trkpt>
   <trkpt lat="46.2413" lon="-86.56528">
    <ele>247.22000000000003</ele>
   </trkpt>
   <trkpt lat="46.241310000000006" lon="-86.56492">
    <ele>247.21</ele>
   </trkpt>
   <trkpt lat="46.24156000000001" lon="-86.56413">
    <ele>246.87000000000003</ele>
   </trkpt>
   <trkpt lat="46.24159" lon="-86.56395">
    <ele>246.84000000000003</ele>
   </trkpt>
   <trkpt lat="46.24161" lon="-86.56355">
    <ele>246.92000000000002</ele>
   </trkpt>
   <trkpt lat="46.2415" lon="-86.56291">
    <ele>247.36</ele>
   </trkpt>
   <trkpt lat="46.241400000000006" lon="-86.5625">
    <ele>247.38000000000002</ele>
   </trkpt>
   <trkpt lat="46.24137" lon="-86.56226000000001">
    <ele>247.52</ele>
   </trkpt>
   <trkpt lat="46.24137" lon="-86.56188">
    <ele>247.95000000000002</ele>
   </trkpt>
   <trkpt lat="46.24154" lon="-86.56143">
    <ele>248.50000000000003</ele>
   </trkpt>
   <trkpt lat="46.24183000000001" lon="-86.5608">
    <ele>248.83</ele>
   </trkpt>
   <trkpt lat="46.24195" lon="-86.56031">
    <ele>248.58</ele>
   </trkpt>
   <trkpt lat="46.241910000000004" lon="-86.55997">
    <ele>248.27</ele>
   </trkpt>
   <trkpt lat="46.241800000000005" lon="-86.55973">
    <ele>247.76</ele>
   </trkpt>
   <trkpt lat="46.241670000000006" lon="-86.55951">
    <ele>247.35000000000002</ele>
   </trkpt>
   <trkpt lat="46.24121500161464" lon="-86.55890499500808">
    <ele>246.24</ele>
   </trkpt>
   <trkpt lat="46.24076" lon="-86.5583">
    <ele>246.34000000000003</ele>
   </trkpt>
   <trkpt lat="46.24040500197967" lon="-86.55762499562026">
    <ele>246.3</ele>
   </trkpt>
   <trkpt lat="46.240050000000004" lon="-86.55695">
    <ele>246.59000000000003</ele>
   </trkpt>
   <trkpt lat="46.23961000255781" lon="-86.55618999397439">
    <ele>248.12</ele>
   </trkpt>
   <trkpt lat="46.23917" lon="-86.55543">
    <ele>247.88000000000002</ele>
   </trkpt>
   <trkpt lat="46.2387" lon="-86.55449">
    <ele>250.52</ele>
   </trkpt>
   <trkpt lat="46.23859" lon="-86.55432">
    <ele>251.29000000000002</ele>
   </trkpt>
   <trkpt lat="46.23803500138533" lon="-86.55375999435431">
    <ele>254.60000000000005</ele>
   </trkpt>
   <trkpt lat="46.237480000000005" lon="-86.5532">
    <ele>254.0</ele>
   </trkpt>
   <trkpt lat="46.237230000000004" lon="-86.55291000000001">
    <ele>254.16</ele>
   </trkpt>
   <trkpt lat="46.23678" lon="-86.55245000000001">
    <ele>252.73000000000002</ele>
   </trkpt>
   <trkpt lat="46.23626500107943" lon="-86.55194999529745">
    <ele>253.86</ele>
   </trkpt>
   <trkpt lat="46.23575" lon="-86.55145">
    <ele>254.3</ele>
   </trkpt>
   <trkpt lat="46.23527000000001" lon="-86.55095">
    <ele>252.95000000000002</ele>
   </trkpt>
   <trkpt lat="46.23485" lon="-86.5506">
    <ele>252.58</ele>
   </trkpt>
   <trkpt lat="46.234230000668795" lon="-86.55021999573103">
    <ele>252.56</ele>
   </trkpt>
   <trkpt lat="46.233610000000006" lon="-86.54984">
    <ele>252.99000000000004</ele>
   </trkpt>
   <trkpt lat="46.23307000028142" lon="-86.54961499781143">
    <ele>254.0</ele>
   </trkpt>
   <trkpt lat="46.232530000000004" lon="-86.54939">
    <ele>254.10000000000005</ele>
   </trkpt>
   <trkpt lat="46.232290000000006" lon="-86.54925">
    <ele>254.51000000000002</ele>
   </trkpt>
   <trkpt lat="46.23205" lon="-86.54905000000001">
    <ele>255.0</ele>
   </trkpt>
   <trkpt lat="46.231860000000005" lon="-86.54885">
    <ele>255.26999999999998</ele>
   </trkpt>
   <trkpt lat="46.23129335383625" lon="-86.54787994991617">
    <ele>254.92000000000004</ele>
   </trkpt>
   <trkpt lat="46.2307266994685" lon="-86.54690991986247">
    <ele>255.5</ele>
   </trkpt>
   <trkpt lat="46.23016003689707" lon="-86.54593990983837">
    <ele>253.21000000000004</ele>
   </trkpt>
   <trkpt lat="46.22959336612233" lon="-86.54496991984338">
    <ele>253.20000000000002</ele>
   </trkpt>
   <trkpt lat="46.22902668714456" lon="-86.54399994987698">
    <ele>252.8</ele>
   </trkpt>
   <trkpt lat="46.228460000000005" lon="-86.54303">
    <ele>253.8</ele>
   </trkpt>
   <trkpt lat="46.22834" lon="-86.54274000000001">
    <ele>253.8</ele>
   </trkpt>
   <trkpt lat="46.228120000000004" lon="-86.54211000000001">
    <ele>254.89</ele>
   </trkpt>
   <trkpt lat="46.227940000000004" lon="-86.54143">
    <ele>254.14000000000001</ele>
   </trkpt>
   <trkpt lat="46.227610000000006" lon="-86.54034">
    <ele>253.69000000000003</ele>
   </trkpt>
   <trkpt lat="46.22744" lon="-86.53994">
    <ele>251.71000000000004</ele>
   </trkpt>
   <trkpt lat="46.226980000000005" lon="-86.53913">
    <ele>251.06</ele>
   </trkpt>
   <trkpt lat="46.226710000000004" lon="-86.53869">
    <ele>253.26999999999998</ele>
   </trkpt>
   <trkpt lat="46.22646" lon="-86.53835000000001">
    <ele>256.12</ele>
   </trkpt>
   <trkpt lat="46.22618000000001" lon="-86.53803">
    <ele>257.06</ele>
   </trkpt>
   <trkpt lat="46.22555333554164" lon="-86.53752332174143">
    <ele>257.41</ele>
   </trkpt>
   <trkpt lat="46.22492666884507" lon="-86.53701665505078">
    <ele>257.09999999999997</ele>
   </trkpt>
   <trkpt lat="46.22430000000001" lon="-86.53651">
    <ele>257.03000000000003</ele>
   </trkpt>
   <trkpt lat="46.22380500072527" lon="-86.53609999629697">
    <ele>256.73</ele>
   </trkpt>
   <trkpt lat="46.223310000000005" lon="-86.53569">
    <ele>256.70000000000005</ele>
   </trkpt>
   <trkpt lat="46.22275000086701" lon="-86.53523999539725">
    <ele>256.24</ele>
   </trkpt>
   <trkpt lat="46.222190000000005" lon="-86.53479">
    <ele>256.19</ele>
   </trkpt>
   <trkpt lat="46.22149" lon="-86.53408">
    <ele>256.34000000000003</ele>
   </trkpt>
   <trkpt lat="46.221030000000006" lon="-86.53327">
    <ele>256.76000000000005</ele>
   </trkpt>
   <trkpt lat="46.220800000000004" lon="-86.53291">
    <ele>255.70000000000005</ele>
   </trkpt>
   <trkpt lat="46.220310000000005" lon="-86.53221">
    <ele>253.97000000000003</ele>
   </trkpt>
   <trkpt lat="46.2197" lon="-86.53181000000001">
    <ele>253.85000000000002</ele>
   </trkpt>
   <trkpt lat="46.21915500037087" lon="-86.53155499750984">
    <ele>254.14000000000001</ele>
   </trkpt>
   <trkpt lat="46.218610000000005" lon="-86.5313">
    <ele>253.21000000000004</ele>
   </trkpt>
   <trkpt lat="46.21810500062381" lon="-86.53094499678741">
    <ele>252.76000000000005</ele>
   </trkpt>
   <trkpt lat="46.217600000000004" lon="-86.53059">
    <ele>252.82999999999998</ele>
   </trkpt>
   <trkpt lat="46.21689333488656" lon="-86.53016998919912">
    <ele>251.73000000000002</ele>
   </trkpt>
   <trkpt lat="46.21618666823508" lon="-86.52974998920833">
    <ele>251.09000000000003</ele>
   </trkpt>
   <trkpt lat="46.21548000000001" lon="-86.52933">
    <ele>250.0</ele>
   </trkpt>
   <trkpt lat="46.215230000000005" lon="-86.52917000000001">
    <ele>249.8</ele>
   </trkpt>
   <trkpt lat="46.215070000000004" lon="-86.52902">
    <ele>249.8</ele>
   </trkpt>
   <trkpt lat="46.21491" lon="-86.52881000000001">
    <ele>249.91000000000003</ele>
   </trkpt>
   <trkpt lat="46.21448333884429" lon="-86.52801332091188">
    <ele>249.3</ele>
   </trkpt>
   <trkpt lat="46.21405667215487" lon="-86.52721665420289">
    <ele>248.20000000000002</ele>
   </trkpt>
   <trkpt lat="46.21363" lon="-86.52642">
    <ele>248.25000000000003</ele>
   </trkpt>
   <trkpt lat="46.213330001432226" lon="-86.52584499684156">
    <ele>247.15</ele>
   </trkpt>
   <trkpt lat="46.21303" lon="-86.52527">
    <ele>246.59000000000003</ele>
   </trkpt>
   <trkpt lat="46.21258500306329" lon="-86.52442499305938">
    <ele>248.01</ele>
   </trkpt>
   <trkpt lat="46.212140000000005" lon="-86.52358000000001">
    <ele>248.4</ele>
   </trkpt>
   <trkpt lat="46.21197" lon="-86.52326000000001">
    <ele>248.73</ele>
   </trkpt>
   <trkpt lat="46.21166" lon="-86.5228">
    <ele>248.73</ele>
   </trkpt>
   <trkpt lat="46.211240000000004" lon="-86.52235">
    <ele>249.06000000000003</ele>
   </trkpt>
   <trkpt lat="46.21079" lon="-86.52192000000001">
    <ele>248.91000000000003</ele>
   </trkpt>
   <trkpt lat="46.21001500156598" lon="-86.52130499125659">
    <ele>248.17000000000002</ele>
   </trkpt>
   <trkpt lat="46.20924" lon="-86.52069">
    <ele>248.4</ele>
   </trkpt>
   <trkpt lat="46.208825000554576" lon="-86.5202899968401">
    <ele>248.67000000000002</ele>
   </trkpt>
   <trkpt lat="46.20841" lon="-86.51989">
    <ele>247.96</ele>
   </trkpt>
   <trkpt lat="46.20808" lon="-86.51944">
    <ele>247.58</ele>
   </trkpt>
   <trkpt lat="46.207820001519345" lon="-86.51885499729273">
    <ele>247.15</ele>
   </trkpt>
   <trkpt lat="46.20756" lon="-86.51827">
    <ele>244.25000000000003</ele>
   </trkpt>
   <trkpt lat="46.207440000000005" lon="-86.51809">
    <ele>242.96</ele>
   </trkpt>
   <trkpt lat="46.207040000000006" lon="-86.51773">
    <ele>241.40000000000003</ele>
   </trkpt>
   <trkpt lat="46.206480000000006" lon="-86.51687000000001">
    <ele>240.73000000000002</ele>
   </trkpt>
   <trkpt lat="46.206340000000004" lon="-86.51667">
    <ele>240.20000000000002</ele>
   </trkpt>
   <trkpt lat="46.206070000000004" lon="-86.51626">
    <ele>239.26000000000002</ele>
   </trkpt>
   <trkpt lat="46.20552000000001" lon="-86.5155">
    <ele>241.37000000000003</ele>
   </trkpt>
   <trkpt lat="46.20485500264189" lon="-86.51471499044492">
    <ele>244.33</ele>
   </trkpt>
   <trkpt lat="46.204190000000004" lon="-86.51393">
    <ele>244.96</ele>
   </trkpt>
   <trkpt lat="46.203525001619724" lon="-86.51328499200444">
    <ele>245.64000000000001</ele>
   </trkpt>
   <trkpt lat="46.20286" lon="-86.51264">
    <ele>245.38</ele>
   </trkpt>
   <trkpt lat="46.20228" lon="-86.51236">
    <ele>245.07</ele>
   </trkpt>
   <trkpt lat="46.20188" lon="-86.51196">
    <ele>244.81000000000003</ele>
   </trkpt>
   <trkpt lat="46.201395000576035" lon="-86.51158999671797">
    <ele>244.35</ele>
   </trkpt>
   <trkpt lat="46.20091" lon="-86.51122000000001">
    <ele>244.06000000000003</ele>
   </trkpt>
   <trkpt lat="46.200515000389196" lon="-86.51089999765311">
    <ele>244.33</ele>
   </trkpt>
   <trkpt lat="46.200120000000005" lon="-86.51058">
    <ele>244.20000000000002</ele>
   </trkpt>
   <trkpt lat="46.19964500062104" lon="-86.5102499972488">
    <ele>243.38</ele>
   </trkpt>
   <trkpt lat="46.19917" lon="-86.50992000000001">
    <ele>242.64000000000001</ele>
   </trkpt>
   <trkpt lat="46.19863" lon="-86.50941">
    <ele>242.61</ele>
   </trkpt>
   <trkpt lat="46.198130000000006" lon="-86.50882">
    <ele>241.85</ele>
   </trkpt>
   <trkpt lat="46.197710001574805" lon="-86.50823999571631">
    <ele>241.21</ele>
   </trkpt>
   <trkpt lat="46.19729" lon="-86.50766">
    <ele>239.66</ele>
   </trkpt>
   <trkpt lat="46.19684" lon="-86.50699">
    <ele>238.77</ele>
   </trkpt>
   <trkpt lat="46.19645000103495" lon="-86.5064949964447">
    <ele>238.52</ele>
   </trkpt>
   <trkpt lat="46.19606" lon="-86.506">
    <ele>239.12000000000003</ele>
   </trkpt>
   <trkpt lat="46.19566500193809" lon="-86.50533999532124">
    <ele>241.02</ele>
   </trkpt>
   <trkpt lat="46.19527" lon="-86.50468000000001">
    <ele>243.99</ele>
   </trkpt>
   <trkpt lat="46.19474" lon="-86.50370000000001">
    <ele>245.47000000000003</ele>
   </trkpt>
   <trkpt lat="46.194680000000005" lon="-86.50355">
    <ele>245.24</ele>
   </trkpt>
   <trkpt lat="46.19462" lon="-86.50332">
    <ele>244.96</ele>
   </trkpt>
   <trkpt lat="46.194590000000005" lon="-86.50309">
    <ele>244.87000000000003</ele>
   </trkpt>
   <trkpt lat="46.194575051375146" lon="-86.50179249752547">
    <ele>243.37000000000003</ele>
   </trkpt>
   <trkpt lat="46.194560088071675" lon="-86.50049499575718">
    <ele>244.4</ele>
   </trkpt>
   <trkpt lat="46.194545110089564" lon="-86.49919749469582">
    <ele>245.47000000000003</ele>
   </trkpt>
   <trkpt lat="46.19453011742885" lon="-86.49789999434206">
    <ele>243.68</ele>
   </trkpt>
   <trkpt lat="46.19451511008953" lon="-86.49660249469659">
    <ele>248.95000000000002</ele>
   </trkpt>
   <trkpt lat="46.19450008807165" lon="-86.49530499576012">
    <ele>245.96</ele>
   </trkpt>
   <trkpt lat="46.1944850513752" lon="-86.49400749753336">
    <ele>248.9</ele>
   </trkpt>
   <trkpt lat="46.19447" lon="-86.49271">
    <ele>249.69000000000003</ele>
   </trkpt>
   <trkpt lat="46.19444000000001" lon="-86.49244">
    <ele>251.54999999999998</ele>
   </trkpt>
   <trkpt lat="46.19433" lon="-86.49205">
    <ele>252.13000000000002</ele>
   </trkpt>
   <trkpt lat="46.194160000000004" lon="-86.49168">
    <ele>250.70000000000002</ele>
   </trkpt>
   <trkpt lat="46.193740000000005" lon="-86.49106">
    <ele>246.54</ele>
   </trkpt>
   <trkpt lat="46.19305000000001" lon="-86.49042">
    <ele>245.17000000000002</ele>
   </trkpt>
   <trkpt lat="46.1925" lon="-86.49002">
    <ele>245.72000000000003</ele>
   </trkpt>
   <trkpt lat="46.19204500012303" lon="-86.48997499963876">
    <ele>246.44000000000003</ele>
   </trkpt>
   <trkpt lat="46.191590000000005" lon="-86.48993">
    <ele>247.18</ele>
   </trkpt>
   <trkpt lat="46.191390000000006" lon="-86.48984">
    <ele>246.98000000000002</ele>
   </trkpt>
   <trkpt lat="46.19113" lon="-86.48959">
    <ele>246.64000000000001</ele>
   </trkpt>
   <trkpt lat="46.19074500067948" lon="-86.48915499678859">
    <ele>244.96</ele>
   </trkpt>
   <trkpt lat="46.190360000000005" lon="-86.48872">
    <ele>244.70000000000002</ele>
   </trkpt>
   <trkpt lat="46.189870000000006" lon="-86.4885">
    <ele>242.82</ele>
   </trkpt>
   <trkpt lat="46.1894300002553" lon="-86.48819499745429">
    <ele>239.51000000000002</ele>
   </trkpt>
   <trkpt lat="46.188990000000004" lon="-86.48789000000001">
    <ele>236.96000000000004</ele>
   </trkpt>
   <trkpt lat="46.18852000030517" lon="-86.4875999974824">
    <ele>232.97</ele>
   </trkpt>
   <trkpt lat="46.188050000000004" lon="-86.48731000000001">
    <ele>230.85000000000002</ele>
   </trkpt>
   <trkpt lat="46.187810000000006" lon="-86.48707">
    <ele>230.33</ele>
   </trkpt>
   <trkpt lat="46.18739000120304" lon="-86.48654999605684">
    <ele>228.45000000000002</ele>
   </trkpt>
   <trkpt lat="46.18697" lon="-86.48603000000001">
    <ele>226.97</ele>
   </trkpt>
   <trkpt lat="46.18679" lon="-86.48577">
    <ele>226.98000000000002</ele>
   </trkpt>
   <trkpt lat="46.18656000000001" lon="-86.48553000000001">
    <ele>227.16000000000003</ele>
   </trkpt>
   <trkpt lat="46.186530000000005" lon="-86.48597000000001">
    <ele>227.5</ele>
   </trkpt>
   <trkpt lat="46.18648" lon="-86.48618">
    <ele>227.5</ele>
   </trkpt>
   <trkpt lat="46.186150000000005" lon="-86.48712">
    <ele>227.10000000000002</ele>
   </trkpt>
   <trkpt lat="46.185970000000005" lon="-86.48783">
    <ele>227.23000000000002</ele>
   </trkpt>
   <trkpt lat="46.185810000000004" lon="-86.48864">
    <ele>227.87</ele>
   </trkpt>
   <trkpt lat="46.185750000000006" lon="-86.48929000000001">
    <ele>227.99</ele>
   </trkpt>
   <trkpt lat="46.185810000000004" lon="-86.48964000000001">
    <ele>228.02</ele>
   </trkpt>
   <trkpt lat="46.18587000274294" lon="-86.49043499896757">
    <ele>230.77000000000004</ele>
   </trkpt>
   <trkpt lat="46.185930000000006" lon="-86.49123">
    <ele>235.44</ele>
   </trkpt>
   <trkpt lat="46.18594" lon="-86.49168">
    <ele>235.31</ele>
   </trkpt>
   <trkpt lat="46.185750000000006" lon="-86.49258">
    <ele>232.9</ele>
   </trkpt>
   <trkpt lat="46.185480000000005" lon="-86.49342">
    <ele>231.28</ele>
   </trkpt>
   <trkpt lat="46.18547000226066" lon="-86.49414000008365">
    <ele>228.79000000000002</ele>
   </trkpt>
   <trkpt lat="46.185460000000006" lon="-86.49486">
    <ele>227.97</ele>
   </trkpt>
   <trkpt lat="46.185500000000005" lon="-86.4958">
    <ele>229.39000000000001</ele>
   </trkpt>
   <trkpt lat="46.185480000000005" lon="-86.49598">
    <ele>229.39000000000001</ele>
   </trkpt>
   <trkpt lat="46.18545" lon="-86.49607">
    <ele>229.44</ele>
   </trkpt>
   <trkpt lat="46.18525" lon="-86.49631000000001">
    <ele>229.77000000000004</ele>
   </trkpt>
   <trkpt lat="46.1852" lon="-86.49647">
    <ele>230.03</ele>
   </trkpt>
   <trkpt lat="46.18518" lon="-86.49665">
    <ele>230.33</ele>
   </trkpt>
   <trkpt lat="46.185230000000004" lon="-86.49725000000001">
    <ele>230.95000000000002</ele>
   </trkpt>
   <trkpt lat="46.18538" lon="-86.49835">
    <ele>234.12</ele>
   </trkpt>
   <trkpt lat="46.18528000575959" lon="-86.49950000216076">
    <ele>235.87000000000003</ele>
   </trkpt>
   <trkpt lat="46.18518" lon="-86.50065000000001">
    <ele>239.11</ele>
   </trkpt>
   <trkpt lat="46.185210000000005" lon="-86.50086">
    <ele>238.98000000000002</ele>
   </trkpt>
   <trkpt lat="46.185320000000004" lon="-86.50105">
    <ele>239.06000000000003</ele>
   </trkpt>
   <trkpt lat="46.18569" lon="-86.50145">
    <ele>240.76000000000002</ele>
   </trkpt>
   <trkpt lat="46.185770000000005" lon="-86.50162">
    <ele>240.85</ele>
   </trkpt>
   <trkpt lat="46.185810000000004" lon="-86.5018">
    <ele>240.90000000000003</ele>
   </trkpt>
   <trkpt lat="46.185840000000006" lon="-86.50223000000001">
    <ele>241.13</ele>
   </trkpt>
   <trkpt lat="46.185895004544605" lon="-86.50324999914432">
    <ele>241.07</ele>
   </trkpt>
   <trkpt lat="46.185950000000005" lon="-86.50427">
    <ele>240.74</ele>
   </trkpt>
   <trkpt lat="46.18594" lon="-86.50484">
    <ele>241.04000000000002</ele>
   </trkpt>
   <trkpt lat="46.18605" lon="-86.50524">
    <ele>239.58</ele>
   </trkpt>
   <trkpt lat="46.186420000000005" lon="-86.50596">
    <ele>239.24</ele>
   </trkpt>
   <trkpt lat="46.18656000000001" lon="-86.50643000000001">
    <ele>239.36</ele>
   </trkpt>
   <trkpt lat="46.186710000000005" lon="-86.50682">
    <ele>238.73000000000002</ele>
   </trkpt>
   <trkpt lat="46.18713" lon="-86.50753">
    <ele>238.15000000000003</ele>
   </trkpt>
   <trkpt lat="46.18717" lon="-86.50765000000001">
    <ele>238.37000000000003</ele>
   </trkpt>
   <trkpt lat="46.187380000000005" lon="-86.50822000000001">
    <ele>240.15000000000003</ele>
   </trkpt>
   <trkpt lat="46.187650000000005" lon="-86.50851">
    <ele>241.53000000000003</ele>
   </trkpt>
   <trkpt lat="46.18830333480709" lon="-86.50891332377952">
    <ele>243.6</ele>
   </trkpt>
   <trkpt lat="46.18895666819582" lon="-86.50931665714688">
    <ele>242.83</ele>
   </trkpt>
   <trkpt lat="46.18961" lon="-86.50972">
    <ele>241.91</ele>
   </trkpt>
   <trkpt lat="46.189870000000006" lon="-86.51009">
    <ele>239.71</ele>
   </trkpt>
   <trkpt lat="46.19001" lon="-86.51057">
    <ele>236.82000000000002</ele>
   </trkpt>
   <trkpt lat="46.19026" lon="-86.51111">
    <ele>234.96000000000004</ele>
   </trkpt>
   <trkpt lat="46.190430000000006" lon="-86.51161">
    <ele>233.89000000000001</ele>
   </trkpt>
   <trkpt lat="46.19064" lon="-86.51264">
    <ele>236.58</ele>
   </trkpt>
   <trkpt lat="46.190720000000006" lon="-86.51353">
    <ele>233.72</ele>
   </trkpt>
   <trkpt lat="46.190830000000005" lon="-86.51431000000001">
    <ele>230.30000000000004</ele>
   </trkpt>
   <trkpt lat="46.191030000000005" lon="-86.51473">
    <ele>229.42000000000002</ele>
   </trkpt>
   <trkpt lat="46.191610000000004" lon="-86.5155">
    <ele>229.76000000000002</ele>
   </trkpt>
   <trkpt lat="46.19218" lon="-86.51644">
    <ele>230.06</ele>
   </trkpt>
   <trkpt lat="46.19272" lon="-86.51706">
    <ele>230.34</ele>
   </trkpt>
   <trkpt lat="46.193350001518105" lon="-86.51764499331819">
    <ele>230.4</ele>
   </trkpt>
   <trkpt lat="46.19398" lon="-86.51823">
    <ele>230.98000000000002</ele>
   </trkpt>
   <trkpt lat="46.19447" lon="-86.51854">
    <ele>230.94</ele>
   </trkpt>
   <trkpt lat="46.194910000493465" lon="-86.51889999705908">
    <ele>231.12</ele>
   </trkpt>
   <trkpt lat="46.195350000000005" lon="-86.51926">
    <ele>231.15</ele>
   </trkpt>
   <trkpt lat="46.195600000000006" lon="-86.51959000000001">
    <ele>230.97</ele>
   </trkpt>
   <trkpt lat="46.195800000000006" lon="-86.52011">
    <ele>230.23000000000002</ele>
   </trkpt>
   <trkpt lat="46.19596000000001" lon="-86.52072000000001">
    <ele>230.02000000000004</ele>
   </trkpt>
   <trkpt lat="46.19615" lon="-86.52123">
    <ele>230.37</ele>
   </trkpt>
   <trkpt lat="46.19649500164931" lon="-86.52183499629567">
    <ele>231.04000000000002</ele>
   </trkpt>
   <trkpt lat="46.19684" lon="-86.52244">
    <ele>231.54000000000002</ele>
   </trkpt>
   <trkpt lat="46.19731" lon="-86.52342">
    <ele>229.99</ele>
   </trkpt>
   <trkpt lat="46.19736" lon="-86.52373">
    <ele>229.98000000000002</ele>
   </trkpt>
   <trkpt lat="46.19735000000001" lon="-86.52389000000001">
    <ele>230.11</ele>
   </trkpt>
   <trkpt lat="46.197143343064496" lon="-86.52494667463557">
    <ele>229.39000000000001</ele>
   </trkpt>
   <trkpt lat="46.19693667639372" lon="-86.52600334132306">
    <ele>229.79000000000002</ele>
   </trkpt>
   <trkpt lat="46.19673" lon="-86.52706">
    <ele>231.45000000000002</ele>
   </trkpt>
   <trkpt lat="46.19663000176219" lon="-86.52770000131487">
    <ele>230.20000000000002</ele>
   </trkpt>
   <trkpt lat="46.19653" lon="-86.52834">
    <ele>229.97</ele>
   </trkpt>
   <trkpt lat="46.19637" lon="-86.52908000000001">
    <ele>230.25</ele>
   </trkpt>
   <trkpt lat="46.196220000000004" lon="-86.52957">
    <ele>230.44</ele>
   </trkpt>
   <trkpt lat="46.19592333958278" lon="-86.5304166758105">
    <ele>231.3</ele>
   </trkpt>
   <trkpt lat="46.195626672915274" lon="-86.53126334247942">
    <ele>230.82000000000002</ele>
   </trkpt>
   <trkpt lat="46.195330000000006" lon="-86.53211">
    <ele>230.26000000000002</ele>
   </trkpt>
   <trkpt lat="46.19502000000001" lon="-86.53292">
    <ele>229.03</ele>
   </trkpt>
   <trkpt lat="46.19493000000001" lon="-86.53337">
    <ele>228.53</ele>
   </trkpt>
   <trkpt lat="46.195080000000004" lon="-86.53412">
    <ele>228.55000000000004</ele>
   </trkpt>
   <trkpt lat="46.19520000000001" lon="-86.53494">
    <ele>230.33</ele>
   </trkpt>
   <trkpt lat="46.19514" lon="-86.53595000000001">
    <ele>231.03</ele>
   </trkpt>
   <trkpt lat="46.19504000320151" lon="-86.53680500143119">
    <ele>230.96</ele>
   </trkpt>
   <trkpt lat="46.19494" lon="-86.53766">
    <ele>231.48000000000002</ele>
   </trkpt>
   <trkpt lat="46.19483" lon="-86.5383">
    <ele>231.91000000000003</ele>
   </trkpt>
   <trkpt lat="46.19464000000001" lon="-86.53851">
    <ele>232.09</ele>
   </trkpt>
   <trkpt lat="46.19414000037718" lon="-86.53886500335214">
    <ele>231.57000000000002</ele>
   </trkpt>
   <trkpt lat="46.19364" lon="-86.53922">
    <ele>230.09</ele>
   </trkpt>
   <trkpt lat="46.193630000000006" lon="-86.53922">
    <ele>230.08</ele>
   </trkpt>
   <trkpt lat="46.19335" lon="-86.53942">
    <ele>229.66000000000003</ele>
   </trkpt>
   <trkpt lat="46.19314000000001" lon="-86.53968">
    <ele>229.89000000000001</ele>
   </trkpt>
   <trkpt lat="46.193000000000005" lon="-86.54003">
    <ele>230.0</ele>
   </trkpt>
   <trkpt lat="46.192840000000004" lon="-86.54057">
    <ele>230.76000000000002</ele>
   </trkpt>
   <trkpt lat="46.19268" lon="-86.54133">
    <ele>230.79000000000002</ele>
   </trkpt>
   <trkpt lat="46.19251500211422" lon="-86.54203500234127">
    <ele>231.07000000000002</ele>
   </trkpt>
   <trkpt lat="46.192350000000005" lon="-86.54274000000001">
    <ele>230.48000000000002</ele>
   </trkpt>
   <trkpt lat="46.192280000000004" lon="-86.54339">
    <ele>230.13000000000002</ele>
   </trkpt>
   <trkpt lat="46.192310000000006" lon="-86.54381000000001">
    <ele>229.95000000000002</ele>
   </trkpt>
   <trkpt lat="46.192640000000004" lon="-86.54484000000001">
    <ele>231.21</ele>
   </trkpt>
   <trkpt lat="46.19304" lon="-86.54574000000001">
    <ele>232.09</ele>
   </trkpt>
   <trkpt lat="46.19329500180876" lon="-86.54635999744649">
    <ele>232.22</ele>
   </trkpt>
   <trkpt lat="46.19355" lon="-86.54698">
    <ele>232.67000000000002</ele>
   </trkpt>
   <trkpt lat="46.19383500308275" lon="-86.54782499552876">
    <ele>232.48000000000002</ele>
   </trkpt>
   <trkpt lat="46.194120000000005" lon="-86.54867">
    <ele>231.15</ele>
   </trkpt>
   <trkpt lat="46.19426000000001" lon="-86.54926">
    <ele>229.41000000000003</ele>
   </trkpt>
   <trkpt lat="46.19441334181766" lon="-86.55024666113643">
    <ele>229.07000000000002</ele>
   </trkpt>
   <trkpt lat="46.194566675147236" lon="-86.55123332777885">
    <ele>232.22</ele>
   </trkpt>
   <trkpt lat="46.194720000000004" lon="-86.55222">
    <ele>232.93000000000004</ele>
   </trkpt>
   <trkpt lat="46.194810007381186" lon="-86.5531399970007">
    <ele>234.01000000000002</ele>
   </trkpt>
   <trkpt lat="46.19490000738259" lon="-86.55405999701493">
    <ele>234.10000000000002</ele>
   </trkpt>
   <trkpt lat="46.194990000000004" lon="-86.55498">
    <ele>233.89000000000001</ele>
   </trkpt>
   <trkpt lat="46.19501" lon="-86.5554">
    <ele>233.99000000000004</ele>
   </trkpt>
   <trkpt lat="46.19486501938755" lon="-86.55661750962855">
    <ele>233.34</ele>
   </trkpt>
   <trkpt lat="46.194720025850636" lon="-86.5578350128328">
    <ele>233.42000000000002</ele>
   </trkpt>
   <trkpt lat="46.194575019389426" lon="-86.55905250961221">
    <ele>233.72</ele>
   </trkpt>
   <trkpt lat="46.194430000000004" lon="-86.56027">
    <ele>234.5</ele>
   </trkpt>
   <trkpt lat="46.19433" lon="-86.56076">
    <ele>234.40000000000003</ele>
   </trkpt>
   <trkpt lat="46.19409500317907" lon="-86.56161500368471">
    <ele>233.88000000000002</ele>
   </trkpt>
   <trkpt lat="46.19386" lon="-86.56247">
    <ele>233.97</ele>
   </trkpt>
   <trkpt lat="46.193630000000006" lon="-86.56309">
    <ele>233.43000000000004</ele>
   </trkpt>
   <trkpt lat="46.19334500408155" lon="-86.56406000509948">
    <ele>232.75</ele>
   </trkpt>
   <trkpt lat="46.19306" lon="-86.56503000000001">
    <ele>233.62</ele>
   </trkpt>
   <trkpt lat="46.19297" lon="-86.56538">
    <ele>233.59</ele>
   </trkpt>
   <trkpt lat="46.192800000000005" lon="-86.56568">
    <ele>233.67000000000002</ele>
   </trkpt>
   <trkpt lat="46.19254" lon="-86.56601">
    <ele>233.8</ele>
   </trkpt>
   <trkpt lat="46.19191250610158" lon="-86.56669252336663">
    <ele>233.74000000000004</ele>
   </trkpt>
   <trkpt lat="46.19128500814156" lon="-86.56737503114832">
    <ele>233.76000000000002</ele>
   </trkpt>
   <trkpt lat="46.19065750612013" lon="-86.56805752334567">
    <ele>232.95000000000002</ele>
   </trkpt>
   <trkpt lat="46.19003000000001" lon="-86.56874">
    <ele>232.92000000000002</ele>
   </trkpt>
   <trkpt lat="46.189780000000006" lon="-86.56909">
    <ele>232.92000000000002</ele>
   </trkpt>
   <trkpt lat="46.1897" lon="-86.56932">
    <ele>233.3</ele>
   </trkpt>
   <trkpt lat="46.18966" lon="-86.56960000000001">
    <ele>234.02</ele>
   </trkpt>
   <trkpt lat="46.189780000000006" lon="-86.56998">
    <ele>234.82000000000002</ele>
   </trkpt>
   <trkpt lat="46.189890000000005" lon="-86.57013">
    <ele>235.28</ele>
   </trkpt>
   <trkpt lat="46.19006" lon="-86.57022">
    <ele>236.71000000000004</ele>
   </trkpt>
   <trkpt lat="46.19054500022697" lon="-86.57041499830392">
    <ele>240.43000000000004</ele>
   </trkpt>
   <trkpt lat="46.191030000000005" lon="-86.57061">
    <ele>242.1</ele>
   </trkpt>
   <trkpt lat="46.19127" lon="-86.57083">
    <ele>242.04000000000002</ele>
   </trkpt>
   <trkpt lat="46.191570000000006" lon="-86.57161">
    <ele>240.18000000000004</ele>
   </trkpt>
   <trkpt lat="46.19169" lon="-86.57228">
    <ele>239.68000000000004</ele>
   </trkpt>
   <trkpt lat="46.191720000000004" lon="-86.57272">
    <ele>238.97</ele>
   </trkpt>
   <trkpt lat="46.1916" lon="-86.57343">
    <ele>236.62000000000003</ele>
   </trkpt>
   <trkpt lat="46.19138000447911" lon="-86.57444000389629">
    <ele>234.70000000000002</ele>
   </trkpt>
   <trkpt lat="46.19116" lon="-86.57545">
    <ele>235.55</ele>
   </trkpt>
   <trkpt lat="46.19088500471595" lon="-86.57648500500588">
    <ele>233.60000000000002</ele>
   </trkpt>
   <trkpt lat="46.19061000000001" lon="-86.57752">
    <ele>233.68000000000004</ele>
   </trkpt>
   <trkpt lat="46.19041500273782" lon="-86.57829500227523">
    <ele>234.13000000000002</ele>
   </trkpt>
   <trkpt lat="46.190220000000004" lon="-86.57907">
    <ele>234.41</ele>
   </trkpt>
   <trkpt lat="46.18998000681109" lon="-86.579953341019">
    <ele>235.11</ele>
   </trkpt>
   <trkpt lat="46.189740006818774" lon="-86.58083667432392">
    <ele>236.08</ele>
   </trkpt>
   <trkpt lat="46.1895" lon="-86.58172">
    <ele>236.04000000000002</ele>
   </trkpt>
   <trkpt lat="46.18936" lon="-86.58209000000001">
    <ele>235.97</ele>
   </trkpt>
   <trkpt lat="46.18901" lon="-86.58275">
    <ele>236.3</ele>
   </trkpt>
   <trkpt lat="46.18860500107329" lon="-86.5832600038341">
    <ele>236.53</ele>
   </trkpt>
   <trkpt lat="46.1882" lon="-86.58377">
    <ele>236.47</ele>
   </trkpt>
   <trkpt lat="46.187670002360925" lon="-86.58448500671562">
    <ele>236.8</ele>
   </trkpt>
   <trkpt lat="46.18714000000001" lon="-86.5852">
    <ele>236.43000000000004</ele>
   </trkpt>
   <trkpt lat="46.186546671887136" lon="-86.58597335001966">
    <ele>236.12000000000003</ele>
   </trkpt>
   <trkpt lat="46.18595333855971" lon="-86.58674668334501">
    <ele>235.95000000000002</ele>
   </trkpt>
   <trkpt lat="46.18536" lon="-86.58752000000001">
    <ele>236.10000000000002</ele>
   </trkpt>
   <trkpt lat="46.18535000000001" lon="-86.58752000000001">
    <ele>236.10000000000002</ele>
   </trkpt>
   <trkpt lat="46.18489666948987" lon="-86.58809000941302">
    <ele>235.54000000000002</ele>
   </trkpt>
   <trkpt lat="46.18444333614682" lon="-86.58866000942511">
    <ele>234.91</ele>
   </trkpt>
   <trkpt lat="46.18399" lon="-86.58923">
    <ele>234.49000000000004</ele>
   </trkpt>
   <trkpt lat="46.183490000000006" lon="-86.59001">
    <ele>234.62</ele>
   </trkpt>
   <trkpt lat="46.183330000000005" lon="-86.59045">
    <ele>234.90000000000003</ele>
   </trkpt>
   <trkpt lat="46.183080000000004" lon="-86.59042000000001">
    <ele>234.51000000000002</ele>
   </trkpt>
   <trkpt lat="46.182295000289024" lon="-86.59018499665906">
    <ele>234.69</ele>
   </trkpt>
   <trkpt lat="46.18151" lon="-86.58995">
    <ele>235.49000000000004</ele>
   </trkpt>
   <trkpt lat="46.18066500033792" lon="-86.58967999585687">
    <ele>235.71000000000004</ele>
   </trkpt>
   <trkpt lat="46.17982000000001" lon="-86.58941">
    <ele>235.53</ele>
   </trkpt>
   <trkpt lat="46.178948335231425" lon="-86.58911497661795">
    <ele>235.76000000000002</ele>
   </trkpt>
   <trkpt lat="46.17807666970397" lon="-86.58881996258964">
    <ele>235.98000000000002</ele>
   </trkpt>
   <trkpt lat="46.177205003417654" lon="-86.58852495791446">
    <ele>236.59</ele>
   </trkpt>
   <trkpt lat="46.17633333637255" lon="-86.58822996259187">
    <ele>236.25</ele>
   </trkpt>
   <trkpt lat="46.175461668568715" lon="-86.58793497662126">
    <ele>237.04000000000002</ele>
   </trkpt>
   <trkpt lat="46.17459" lon="-86.58764000000001">
    <ele>238.12000000000003</ele>
   </trkpt>
   <trkpt lat="46.17405" lon="-86.58748000000001">
    <ele>239.27</ele>
   </trkpt>
   <trkpt lat="46.17383" lon="-86.58745">
    <ele>240.43000000000004</ele>
   </trkpt>
   <trkpt lat="46.173640000000006" lon="-86.58746000000001">
    <ele>241.02</ele>
   </trkpt>
   <trkpt lat="46.17338" lon="-86.58755000000001">
    <ele>243.70000000000002</ele>
   </trkpt>
   <trkpt lat="46.1732" lon="-86.58768">
    <ele>244.58</ele>
   </trkpt>
   <trkpt lat="46.172880000000006" lon="-86.58799">
    <ele>245.28000000000003</ele>
   </trkpt>
   <trkpt lat="46.1725300007066" lon="-86.5884050026935">
    <ele>244.6</ele>
   </trkpt>
   <trkpt lat="46.172180000000004" lon="-86.58882000000001">
    <ele>245.04</ele>
   </trkpt>
   <trkpt lat="46.17157" lon="-86.58959">
    <ele>246.83</ele>
   </trkpt>
   <trkpt lat="46.17103" lon="-86.59017">
    <ele>247.71</ele>
   </trkpt>
   <trkpt lat="46.170790000000004" lon="-86.59035">
    <ele>247.83</ele>
   </trkpt>
   <trkpt lat="46.17051000000001" lon="-86.59049">
    <ele>247.69000000000003</ele>
   </trkpt>
   <trkpt lat="46.170260000000006" lon="-86.59054">
    <ele>247.69000000000003</ele>
   </trkpt>
   <trkpt lat="46.170010000000005" lon="-86.59054">
    <ele>247.55</ele>
   </trkpt>
   <trkpt lat="46.16975" lon="-86.59049">
    <ele>247.45000000000002</ele>
   </trkpt>
   <trkpt lat="46.16899000040088" lon="-86.59020999615298">
    <ele>243.62000000000003</ele>
   </trkpt>
   <trkpt lat="46.16823" lon="-86.58993000000001">
    <ele>236.22</ele>
   </trkpt>
   <trkpt lat="46.16807000000001" lon="-86.58982">
    <ele>235.89000000000001</ele>
   </trkpt>
   <trkpt lat="46.16787" lon="-86.58951">
    <ele>235.93000000000004</ele>
   </trkpt>
   <trkpt lat="46.16774" lon="-86.58919">
    <ele>236.13</ele>
   </trkpt>
   <trkpt lat="46.16765" lon="-86.58902">
    <ele>236.12000000000003</ele>
   </trkpt>
   <trkpt lat="46.167300000000004" lon="-86.58853">
    <ele>236.19</ele>
   </trkpt>
   <trkpt lat="46.16686000000001" lon="-86.58776">
    <ele>237.02</ele>
   </trkpt>
   <trkpt lat="46.16658" lon="-86.58744">
    <ele>236.77</ele>
   </trkpt>
   <trkpt lat="46.166380000000004" lon="-86.58732">
    <ele>236.69</ele>
   </trkpt>
   <trkpt lat="46.16602" lon="-86.58722">
    <ele>236.73000000000002</ele>
   </trkpt>
   <trkpt lat="46.165620000000004" lon="-86.58722">
    <ele>237.32000000000002</ele>
   </trkpt>
   <trkpt lat="46.16491500032572" lon="-86.58742500258572">
    <ele>237.43000000000004</ele>
   </trkpt>
   <trkpt lat="46.164210000000004" lon="-86.58763">
    <ele>238.39000000000001</ele>
   </trkpt>
   <trkpt lat="46.16362" lon="-86.58777">
    <ele>238.95000000000002</ele>
   </trkpt>
   <trkpt lat="46.16299" lon="-86.58800000000001">
    <ele>238.58</ele>
   </trkpt>
   <trkpt lat="46.16259" lon="-86.58812">
    <ele>238.47</ele>
   </trkpt>
   <trkpt lat="46.16232" lon="-86.58816">
    <ele>238.41</ele>
   </trkpt>
   <trkpt lat="46.16192" lon="-86.58812">
    <ele>237.99</ele>
   </trkpt>
   <trkpt lat="46.16133999998566" lon="-86.58802499898974">
    <ele>239.07000000000002</ele>
   </trkpt>
   <trkpt lat="46.16076" lon="-86.58793">
    <ele>239.23000000000002</ele>
   </trkpt>
   <trkpt lat="46.1602" lon="-86.58787000000001">
    <ele>239.20000000000002</ele>
   </trkpt>
   <trkpt lat="46.15975" lon="-86.58784000000001">
    <ele>239.13</ele>
   </trkpt>
   <trkpt lat="46.15898000000001" lon="-86.58772">
    <ele>238.6</ele>
   </trkpt>
   <trkpt lat="46.158440000000006" lon="-86.58753">
    <ele>239.06000000000003</ele>
   </trkpt>
   <trkpt lat="46.15811" lon="-86.58749">
    <ele>238.36</ele>
   </trkpt>
   <trkpt lat="46.157320000000006" lon="-86.58763">
    <ele>238.64000000000001</ele>
   </trkpt>
   <trkpt lat="46.15668" lon="-86.58786">
    <ele>240.03000000000003</ele>
   </trkpt>
   <trkpt lat="46.1567" lon="-86.58849000000001">
    <ele>238.92000000000002</ele>
   </trkpt>
   <trkpt lat="46.156635003536174" lon="-86.5893900009972">
    <ele>238.83</ele>
   </trkpt>
   <trkpt lat="46.15657" lon="-86.59029000000001">
    <ele>240.48000000000002</ele>
   </trkpt>
   <trkpt lat="46.15648000392659" lon="-86.59124000163935">
    <ele>241.89000000000001</ele>
   </trkpt>
   <trkpt lat="46.15639" lon="-86.59219">
    <ele>240.62000000000003</ele>
   </trkpt>
   <trkpt lat="46.156240000000004" lon="-86.59295">
    <ele>238.82000000000002</ele>
   </trkpt>
   <trkpt lat="46.15603500263173" lon="-86.59372500283743">
    <ele>238.18000000000004</ele>
   </trkpt>
   <trkpt lat="46.15583" lon="-86.59450000000001">
    <ele>238.21000000000004</ele>
   </trkpt>
   <trkpt lat="46.155680000000004" lon="-86.59516">
    <ele>240.29000000000002</ele>
   </trkpt>
   <trkpt lat="46.15560000000001" lon="-86.59546">
    <ele>240.29000000000002</ele>
   </trkpt>
   <trkpt lat="46.15560000000001" lon="-86.59547">
    <ele>240.32</ele>
   </trkpt>
   <trkpt lat="46.15536500271613" lon="-86.59625500325365">
    <ele>241.94</ele>
   </trkpt>
   <trkpt lat="46.15513000000001" lon="-86.59704">
    <ele>243.88</ele>
   </trkpt>
   <trkpt lat="46.15484000000001" lon="-86.59761">
    <ele>246.91000000000003</ele>
   </trkpt>
   <trkpt lat="46.1544" lon="-86.59819">
    <ele>250.24</ele>
   </trkpt>
   <trkpt lat="46.153765001191" lon="-86.59869500576396">
    <ele>252.96</ele>
   </trkpt>
   <trkpt lat="46.153130000000004" lon="-86.59920000000001">
    <ele>254.23000000000002</ele>
   </trkpt>
   <trkpt lat="46.1527" lon="-86.59967">
    <ele>255.29000000000002</ele>
   </trkpt>
   <trkpt lat="46.15240000000001" lon="-86.60021">
    <ele>256.06</ele>
   </trkpt>
   <trkpt lat="46.1522" lon="-86.60075">
    <ele>256.79</ele>
   </trkpt>
   <trkpt lat="46.15199000164218" lon="-86.6013750025659">
    <ele>258.3</ele>
   </trkpt>
   <trkpt lat="46.15178" lon="-86.602">
    <ele>259.96000000000004</ele>
   </trkpt>
   <trkpt lat="46.151680000000006" lon="-86.60235">
    <ele>260.32</ele>
   </trkpt>
   <trkpt lat="46.151630000000004" lon="-86.60262">
    <ele>260.37000000000006</ele>
   </trkpt>
   <trkpt lat="46.1516" lon="-86.60298">
    <ele>260.15000000000003</ele>
   </trkpt>
   <trkpt lat="46.1516" lon="-86.60358000000001">
    <ele>259.96000000000004</ele>
   </trkpt>
   <trkpt lat="46.151720000000005" lon="-86.60425000000001">
    <ele>260.14000000000004</ele>
   </trkpt>
   <trkpt lat="46.151860000000006" lon="-86.60468">
    <ele>260.49</ele>
   </trkpt>
   <trkpt lat="46.152130001703895" lon="-86.605294997108">
    <ele>260.38</ele>
   </trkpt>
   <trkpt lat="46.15240000000001" lon="-86.60591000000001">
    <ele>258.31000000000006</ele>
   </trkpt>
   <trkpt lat="46.15251000000001" lon="-86.60621">
    <ele>257.77</ele>
   </trkpt>
   <trkpt lat="46.15261" lon="-86.60662">
    <ele>255.22</ele>
   </trkpt>
   <trkpt lat="46.15267" lon="-86.60707000000001">
    <ele>253.15000000000003</ele>
   </trkpt>
   <trkpt lat="46.152660000000004" lon="-86.60751">
    <ele>251.26000000000005</ele>
   </trkpt>
   <trkpt lat="46.15261" lon="-86.60792000000001">
    <ele>248.65</ele>
   </trkpt>
   <trkpt lat="46.15249" lon="-86.60839">
    <ele>247.03000000000003</ele>
   </trkpt>
   <trkpt lat="46.152330000000006" lon="-86.60875">
    <ele>244.56000000000003</ele>
   </trkpt>
   <trkpt lat="46.15216" lon="-86.60902">
    <ele>243.95000000000002</ele>
   </trkpt>
   <trkpt lat="46.15193000000001" lon="-86.60929">
    <ele>243.24</ele>
   </trkpt>
   <trkpt lat="46.151590000000006" lon="-86.60958000000001">
    <ele>241.94</ele>
   </trkpt>
   <trkpt lat="46.15155" lon="-86.60961">
    <ele>242.35</ele>
   </trkpt>
   <trkpt lat="46.15111" lon="-86.60976000000001">
    <ele>239.74</ele>
   </trkpt>
   <trkpt lat="46.15062" lon="-86.60989000000001">
    <ele>236.74</ele>
   </trkpt>
   <trkpt lat="46.150330000000004" lon="-86.61001">
    <ele>235.54000000000002</ele>
   </trkpt>
   <trkpt lat="46.14997" lon="-86.61023">
    <ele>235.0</ele>
   </trkpt>
   <trkpt lat="46.14927" lon="-86.61077">
    <ele>239.57000000000002</ele>
   </trkpt>
   <trkpt lat="46.149100000000004" lon="-86.61095">
    <ele>241.65000000000003</ele>
   </trkpt>
   <trkpt lat="46.148880000000005" lon="-86.61127">
    <ele>244.6</ele>
   </trkpt>
   <trkpt lat="46.14875000000001" lon="-86.61159">
    <ele>245.84000000000003</ele>
   </trkpt>
   <trkpt lat="46.14865" lon="-86.61198">
    <ele>247.46</ele>
   </trkpt>
   <trkpt lat="46.148630000000004" lon="-86.6122">
    <ele>247.79</ele>
   </trkpt>
   <trkpt lat="46.148630000000004" lon="-86.61261">
    <ele>248.99</ele>
   </trkpt>
   <trkpt lat="46.14867" lon="-86.61287">
    <ele>249.65</ele>
   </trkpt>
   <trkpt lat="46.14878" lon="-86.61327">
    <ele>250.39</ele>
   </trkpt>
   <trkpt lat="46.14919667460842" lon="-86.61422665209436">
    <ele>252.06</ele>
   </trkpt>
   <trkpt lat="46.149613341236666" lon="-86.61518331867255">
    <ele>252.95000000000002</ele>
   </trkpt>
   <trkpt lat="46.15003" lon="-86.61614">
    <ele>254.51000000000002</ele>
   </trkpt>
   <trkpt lat="46.15032" lon="-86.61701000000001">
    <ele>255.20000000000005</ele>
   </trkpt>
   <trkpt lat="46.15039" lon="-86.61736">
    <ele>255.97000000000003</ele>
   </trkpt>
   <trkpt lat="46.150470000000006" lon="-86.61811">
    <ele>256.53000000000003</ele>
   </trkpt>
   <trkpt lat="46.150470000000006" lon="-86.61853">
    <ele>257.15000000000003</ele>
   </trkpt>
   <trkpt lat="46.15041402179738" lon="-86.61964800455713">
    <ele>261.17</ele>
   </trkpt>
   <trkpt lat="46.150358032695834" lon="-86.6207660068399">
    <ele>265.3</ele>
   </trkpt>
   <trkpt lat="46.15030203269541" lon="-86.62188400684789">
    <ele>268.31000000000006</ele>
   </trkpt>
   <trkpt lat="46.15024602179615" lon="-86.62300200458067">
    <ele>267.3</ele>
   </trkpt>
   <trkpt lat="46.15019" lon="-86.62412">
    <ele>262.36</ele>
   </trkpt>
   <trkpt lat="46.15017000189663" lon="-86.62478000032233">
    <ele>261.43</ele>
   </trkpt>
   <trkpt lat="46.150150000000004" lon="-86.62544000000001">
    <ele>261.38</ele>
   </trkpt>
   <trkpt lat="46.15016000000001" lon="-86.62595">
    <ele>261.26000000000005</ele>
   </trkpt>
   <trkpt lat="46.15021" lon="-86.62635">
    <ele>261.24</ele>
   </trkpt>
   <trkpt lat="46.15032" lon="-86.6268">
    <ele>260.52000000000004</ele>
   </trkpt>
   <trkpt lat="46.150420000000004" lon="-86.62711">
    <ele>260.52000000000004</ele>
   </trkpt>
   <trkpt lat="46.150580000000005" lon="-86.62743">
    <ele>260.40000000000003</ele>
   </trkpt>
   <trkpt lat="46.15079" lon="-86.62774">
    <ele>260.08000000000004</ele>
   </trkpt>
   <trkpt lat="46.15101000000001" lon="-86.62802">
    <ele>259.69000000000005</ele>
   </trkpt>
   <trkpt lat="46.15150500100636" lon="-86.62851499548619">
    <ele>259.34000000000003</ele>
   </trkpt>
   <trkpt lat="46.152" lon="-86.62901000000001">
    <ele>259.59999999999997</ele>
   </trkpt>
   <trkpt lat="46.152260000000005" lon="-86.62935">
    <ele>259.88</ele>
   </trkpt>
   <trkpt lat="46.15240000000001" lon="-86.62962">
    <ele>259.95</ele>
   </trkpt>
   <trkpt lat="46.15252" lon="-86.62993">
    <ele>259.95</ele>
   </trkpt>
   <trkpt lat="46.152660000000004" lon="-86.63042">
    <ele>259.86</ele>
   </trkpt>
   <trkpt lat="46.15274" lon="-86.63080000000001">
    <ele>259.32</ele>
   </trkpt>
   <trkpt lat="46.152860000000004" lon="-86.63208">
    <ele>256.63</ele>
   </trkpt>
   <trkpt lat="46.15294" lon="-86.63250000000001">
    <ele>254.79000000000002</ele>
   </trkpt>
   <trkpt lat="46.153200000000005" lon="-86.63333">
    <ele>252.09000000000003</ele>
   </trkpt>
   <trkpt lat="46.153380000000006" lon="-86.63375">
    <ele>250.44</ele>
   </trkpt>
   <trkpt lat="46.15359" lon="-86.63418">
    <ele>247.81000000000003</ele>
   </trkpt>
   <trkpt lat="46.15410000000001" lon="-86.6349">
    <ele>245.88000000000002</ele>
   </trkpt>
   <trkpt lat="46.15455500137323" lon="-86.63545499544827">
    <ele>245.78000000000003</ele>
   </trkpt>
   <trkpt lat="46.155010000000004" lon="-86.63601000000001">
    <ele>246.67000000000002</ele>
   </trkpt>
   <trkpt lat="46.15569499997068" lon="-86.63599000024988">
    <ele>246.17000000000002</ele>
   </trkpt>
   <trkpt lat="46.156380000000006" lon="-86.63597">
    <ele>245.96</ele>
   </trkpt>
   <trkpt lat="46.15681000000001" lon="-86.63593">
    <ele>245.91000000000003</ele>
   </trkpt>
   <trkpt lat="46.156800000000004" lon="-86.63593">
    <ele>245.91000000000003</ele>
   </trkpt>
   <trkpt lat="46.157160000000005" lon="-86.63589">
    <ele>246.00000000000003</ele>
   </trkpt>
   <trkpt lat="46.15774000013834" lon="-86.63575000146291">
    <ele>246.19000000000003</ele>
   </trkpt>
   <trkpt lat="46.15832" lon="-86.63561000000001">
    <ele>246.35</ele>
   </trkpt>
   <trkpt lat="46.15885" lon="-86.63539">
    <ele>246.17000000000002</ele>
   </trkpt>
   <trkpt lat="46.159110000000005" lon="-86.63526">
    <ele>245.96</ele>
   </trkpt>
   <trkpt lat="46.15941" lon="-86.63508">
    <ele>245.91000000000003</ele>
   </trkpt>
   <trkpt lat="46.160070000000005" lon="-86.63458000000001">
    <ele>245.84000000000003</ele>
   </trkpt>
   <trkpt lat="46.16053500087513" lon="-86.63414000368924">
    <ele>245.35</ele>
   </trkpt>
   <trkpt lat="46.161" lon="-86.6337">
    <ele>244.65</ele>
   </trkpt>
   <trkpt lat="46.161280000000005" lon="-86.63339">
    <ele>243.87000000000003</ele>
   </trkpt>
   <trkpt lat="46.161840000000005" lon="-86.63266">
    <ele>242.51000000000002</ele>
   </trkpt>
   <trkpt lat="46.16230667094461" lon="-86.631960011867">
    <ele>240.83</ele>
   </trkpt>
   <trkpt lat="46.16277333761676" lon="-86.63126001185896">
    <ele>237.94</ele>
   </trkpt>
   <trkpt lat="46.16324" lon="-86.63056">
    <ele>235.91</ele>
   </trkpt>
   <trkpt lat="46.163810000000005" lon="-86.62976">
    <ele>234.33</ele>
   </trkpt>
   <trkpt lat="46.16427" lon="-86.62902000000001">
    <ele>235.43000000000004</ele>
   </trkpt>
   <trkpt lat="46.164828348471076" lon="-86.62818670895571">
    <ele>235.24000000000004</ele>
   </trkpt>
   <trkpt lat="46.16538669088747" lon="-86.62735340099627">
    <ele>235.02</ele>
   </trkpt>
   <trkpt lat="46.16594502724899" lon="-86.62652007612124">
    <ele>235.01000000000002</ele>
   </trkpt>
   <trkpt lat="46.16650335755533" lon="-86.6256867343301">
    <ele>235.26000000000002</ele>
   </trkpt>
   <trkpt lat="46.16706168180628" lon="-86.62485337562241">
    <ele>235.72</ele>
   </trkpt>
   <trkpt lat="46.16762000000001" lon="-86.62402">
    <ele>236.17000000000002</ele>
   </trkpt>
   <trkpt lat="46.167910000000006" lon="-86.62359000000001">
    <ele>236.3</ele>
   </trkpt>
   <trkpt lat="46.16861" lon="-86.62281">
    <ele>236.55</ele>
   </trkpt>
   <trkpt lat="46.16904" lon="-86.62238">
    <ele>236.63</ele>
   </trkpt>
   <trkpt lat="46.16948000000001" lon="-86.62201">
    <ele>236.8</ele>
   </trkpt>
   <trkpt lat="46.17005" lon="-86.6216">
    <ele>237.06</ele>
   </trkpt>
   <trkpt lat="46.170770000000005" lon="-86.6212">
    <ele>237.13</ele>
   </trkpt>
   <trkpt lat="46.17147000000001" lon="-86.62093">
    <ele>237.47</ele>
   </trkpt>
   <trkpt lat="46.17213" lon="-86.62075">
    <ele>237.29000000000002</ele>
   </trkpt>
   <trkpt lat="46.172700000000006" lon="-86.62066">
    <ele>237.49</ele>
   </trkpt>
   <trkpt lat="46.17353000000001" lon="-86.62062">
    <ele>239.11</ele>
   </trkpt>
   <trkpt lat="46.17417500015676" lon="-86.6207349986689">
    <ele>240.54000000000002</ele>
   </trkpt>
   <trkpt lat="46.174820000000004" lon="-86.62085">
    <ele>242.35</ele>
   </trkpt>
   <trkpt lat="46.1756200005977" lon="-86.62110332597454">
    <ele>244.87000000000003</ele>
   </trkpt>
   <trkpt lat="46.176420000635844" lon="-86.62135665931982">
    <ele>247.99</ele>
   </trkpt>
   <trkpt lat="46.177220000000005" lon="-86.62161">
    <ele>250.64000000000001</ele>
   </trkpt>
   <trkpt lat="46.17785000025408" lon="-86.62182999749446">
    <ele>251.29000000000002</ele>
   </trkpt>
   <trkpt lat="46.17848" lon="-86.62205">
    <ele>251.44</ele>
   </trkpt>
   <trkpt lat="46.1790450001922" lon="-86.6222049984313">
    <ele>251.3</ele>
   </trkpt>
   <trkpt lat="46.179610000000004" lon="-86.62236">
    <ele>250.75000000000003</ele>
   </trkpt>
   <trkpt lat="46.18037750078301" lon="-86.62260748962949">
    <ele>248.93</ele>
   </trkpt>
   <trkpt lat="46.18114500103196" lon="-86.6228549861685">
    <ele>246.96</ele>
   </trkpt>
   <trkpt lat="46.18191250074679" lon="-86.62310248961742">
    <ele>245.92000000000002</ele>
   </trkpt>
   <trkpt lat="46.182680000000005" lon="-86.62335">
    <ele>244.34000000000003</ele>
   </trkpt>
   <trkpt lat="46.183490000000006" lon="-86.62357">
    <ele>242.99</ele>
   </trkpt>
   <trkpt lat="46.184000000000005" lon="-86.62364000000001">
    <ele>242.19</ele>
   </trkpt>
   <trkpt lat="46.18462" lon="-86.62367">
    <ele>241.35</ele>
   </trkpt>
   <trkpt lat="46.18518" lon="-86.62366">
    <ele>240.96</ele>
   </trkpt>
   <trkpt lat="46.18596250013467" lon="-86.62355250459298">
    <ele>240.8</ele>
   </trkpt>
   <trkpt lat="46.18674500016858" lon="-86.62344500612558">
    <ele>240.66</ele>
   </trkpt>
   <trkpt lat="46.18752750010174" lon="-86.62333750459766">
    <ele>240.55</ele>
   </trkpt>
   <trkpt lat="46.18831" lon="-86.62323">
    <ele>240.81000000000003</ele>
   </trkpt>
   <trkpt lat="46.18828500675723" lon="-86.62447500057775">
    <ele>239.78000000000003</ele>
   </trkpt>
   <trkpt lat="46.18826000000001" lon="-86.62572">
    <ele>240.02</ele>
   </trkpt>
   <trkpt lat="46.18826000000001" lon="-86.62617">
    <ele>239.99</ele>
   </trkpt>
   <trkpt lat="46.188240002516544" lon="-86.62693000033565">
    <ele>239.48000000000002</ele>
   </trkpt>
   <trkpt lat="46.18822" lon="-86.62769">
    <ele>239.19</ele>
   </trkpt>
   <trkpt lat="46.18817000000001" lon="-86.62796">
    <ele>238.92000000000002</ele>
   </trkpt>
   <trkpt lat="46.188010000000006" lon="-86.62841">
    <ele>239.38</ele>
   </trkpt>
   <trkpt lat="46.18761000000001" lon="-86.62935">
    <ele>240.79000000000002</ele>
   </trkpt>
   <trkpt lat="46.18750000000001" lon="-86.62976">
    <ele>240.97</ele>
   </trkpt>
   <trkpt lat="46.18736500209847" lon="-86.63045000157769">
    <ele>241.79000000000002</ele>
   </trkpt>
   <trkpt lat="46.18723000000001" lon="-86.63114">
    <ele>242.17000000000002</ele>
   </trkpt>
   <trkpt lat="46.187000000000005" lon="-86.63178">
    <ele>240.96</ele>
   </trkpt>
   <trkpt lat="46.18668" lon="-86.63231">
    <ele>237.82000000000002</ele>
   </trkpt>
   <trkpt lat="46.186400000000006" lon="-86.63266">
    <ele>238.66</ele>
   </trkpt>
   <trkpt lat="46.18612" lon="-86.63284">
    <ele>240.28000000000003</ele>
   </trkpt>
   <trkpt lat="46.18598" lon="-86.63293">
    <ele>241.68</ele>
   </trkpt>
   <trkpt lat="46.185390000000005" lon="-86.63311">
    <ele>247.67000000000002</ele>
   </trkpt>
   <trkpt lat="46.18468000000001" lon="-86.6332">
    <ele>252.47000000000003</ele>
   </trkpt>
   <trkpt lat="46.18457" lon="-86.63324">
    <ele>252.78</ele>
   </trkpt>
   <trkpt lat="46.18450000000001" lon="-86.63339">
    <ele>252.20000000000002</ele>
   </trkpt>
   <trkpt lat="46.18437" lon="-86.63427">
    <ele>251.47000000000003</ele>
   </trkpt>
   <trkpt lat="46.1843" lon="-86.63496">
    <ele>252.4</ele>
   </trkpt>
   <trkpt lat="46.184290000000004" lon="-86.63563">
    <ele>251.67</ele>
   </trkpt>
   <trkpt lat="46.18432000000001" lon="-86.6362">
    <ele>251.15000000000003</ele>
   </trkpt>
   <trkpt lat="46.18439" lon="-86.63671000000001">
    <ele>250.57000000000002</ele>
   </trkpt>
   <trkpt lat="46.184450000000005" lon="-86.63772">
    <ele>249.13000000000002</ele>
   </trkpt>
   <trkpt lat="46.184610000000006" lon="-86.63854">
    <ele>245.92000000000002</ele>
   </trkpt>
   <trkpt lat="46.184760000000004" lon="-86.63898">
    <ele>244.49</ele>
   </trkpt>
   <trkpt lat="46.184870000000004" lon="-86.6392">
    <ele>244.42000000000002</ele>
   </trkpt>
   <trkpt lat="46.18533" lon="-86.63978">
    <ele>245.03000000000003</ele>
   </trkpt>
   <trkpt lat="46.185550000000006" lon="-86.63992">
    <ele>245.18</ele>
   </trkpt>
   <trkpt lat="46.18601999998608" lon="-86.64009999840161">
    <ele>246.65</ele>
   </trkpt>
   <trkpt lat="46.186490000000006" lon="-86.64028">
    <ele>247.17000000000002</ele>
   </trkpt>
   <trkpt lat="46.18668" lon="-86.64041">
    <ele>247.42000000000002</ele>
   </trkpt>
   <trkpt lat="46.18706" lon="-86.64072">
    <ele>247.62</ele>
   </trkpt>
   <trkpt lat="46.18757" lon="-86.6413">
    <ele>244.72000000000003</ele>
   </trkpt>
   <trkpt lat="46.187720000000006" lon="-86.64153">
    <ele>244.72000000000003</ele>
   </trkpt>
   <trkpt lat="46.187850000000005" lon="-86.64168000000001">
    <ele>243.6</ele>
   </trkpt>
   <trkpt lat="46.18789" lon="-86.64202">
    <ele>243.58</ele>
   </trkpt>
   <trkpt lat="46.187870000000004" lon="-86.64278">
    <ele>245.69000000000003</ele>
   </trkpt>
   <trkpt lat="46.187876675097975" lon="-86.64376333315003">
    <ele>247.13000000000002</ele>
   </trkpt>
   <trkpt lat="46.187883341765016" lon="-86.64474666653871">
    <ele>247.10000000000002</ele>
   </trkpt>
   <trkpt lat="46.18789" lon="-86.64573">
    <ele>247.01</ele>
   </trkpt>
   <trkpt lat="46.18793" lon="-86.64589000000001">
    <ele>247.03000000000003</ele>
   </trkpt>
   <trkpt lat="46.188030000000005" lon="-86.64605">
    <ele>247.03000000000003</ele>
   </trkpt>
   <trkpt lat="46.188190000000006" lon="-86.64609">
    <ele>247.17000000000002</ele>
   </trkpt>
   <trkpt lat="46.188970000000005" lon="-86.64623">
    <ele>247.87</ele>
   </trkpt>
   <trkpt lat="46.18943499995092" lon="-86.64625499978573">
    <ele>248.71</ele>
   </trkpt>
   <trkpt lat="46.1899" lon="-86.64628">
    <ele>248.95000000000002</ele>
   </trkpt>
   <trkpt lat="46.19017751440984" lon="-86.64732998406083">
    <ele>248.77</ele>
   </trkpt>
   <trkpt lat="46.190455019207036" lon="-86.6483799787244">
    <ele>248.39000000000001</ele>
   </trkpt>
   <trkpt lat="46.19073251439143" lon="-86.64942998399059">
    <ele>247.69000000000003</ele>
   </trkpt>
   <trkpt lat="46.191010000000006" lon="-86.65048">
    <ele>246.82</ele>
   </trkpt>
   <trkpt lat="46.19125500484433" lon="-86.65153499526288">
    <ele>247.57</ele>
   </trkpt>
   <trkpt lat="46.191500000000005" lon="-86.65259">
    <ele>248.45000000000002</ele>
   </trkpt>
   <trkpt lat="46.19165" lon="-86.65301000000001">
    <ele>248.88000000000002</ele>
   </trkpt>
   <trkpt lat="46.191990000000004" lon="-86.65379">
    <ele>249.01</ele>
   </trkpt>
   <trkpt lat="46.19212" lon="-86.65419000000001">
    <ele>248.8</ele>
   </trkpt>
   <trkpt lat="46.19214" lon="-86.65446">
    <ele>248.68</ele>
   </trkpt>
   <trkpt lat="46.19211000000001" lon="-86.65488">
    <ele>248.84000000000003</ele>
   </trkpt>
   <trkpt lat="46.192060000000005" lon="-86.65509">
    <ele>248.89000000000001</ele>
   </trkpt>
   <trkpt lat="46.19164601527234" lon="-86.65602602821409">
    <ele>248.22000000000003</ele>
   </trkpt>
   <trkpt lat="46.19123202290557" lon="-86.65696204232714">
    <ele>245.98000000000002</ele>
   </trkpt>
   <trkpt lat="46.190818022899904" lon="-86.65789804233926">
    <ele>247.32</ele>
   </trkpt>
   <trkpt lat="46.190404015255574" lon="-86.65883402825068">
    <ele>248.83</ele>
   </trkpt>
   <trkpt lat="46.18999" lon="-86.65977000000001">
    <ele>248.35000000000002</ele>
   </trkpt>
   <trkpt lat="46.18992" lon="-86.66002">
    <ele>248.29</ele>
   </trkpt>
   <trkpt lat="46.189890000000005" lon="-86.66033">
    <ele>248.24</ele>
   </trkpt>
   <trkpt lat="46.18988" lon="-86.66069">
    <ele>248.28000000000003</ele>
   </trkpt>
   <trkpt lat="46.189910000000005" lon="-86.66144000000001">
    <ele>249.10000000000002</ele>
   </trkpt>
   <trkpt lat="46.19061999996309" lon="-86.66144499993517">
    <ele>248.47000000000003</ele>
   </trkpt>
   <trkpt lat="46.19133" lon="-86.66145">
    <ele>248.94000000000003</ele>
   </trkpt>
   <trkpt lat="46.19153000000001" lon="-86.66149">
    <ele>249.35000000000002</ele>
   </trkpt>
   <trkpt lat="46.191970000000005" lon="-86.66165000000001">
    <ele>249.51</ele>
   </trkpt>
   <trkpt lat="46.192724002301524" lon="-86.66201198014193">
    <ele>249.89000000000001</ele>
   </trkpt>
   <trkpt lat="46.19347800346056" lon="-86.66237397021632">
    <ele>250.22</ele>
   </trkpt>
   <trkpt lat="46.194232003477055" lon="-86.66273597022368">
    <ele>249.93</ele>
   </trkpt>
   <trkpt lat="46.19498600235093" lon="-86.66309798016454">
    <ele>250.12</ele>
   </trkpt>
   <trkpt lat="46.19574" lon="-86.66346">
    <ele>248.74</ele>
   </trkpt>
   <trkpt lat="46.19603" lon="-86.66356">
    <ele>248.53000000000003</ele>
   </trkpt>
   <trkpt lat="46.19619" lon="-86.6636">
    <ele>248.60000000000002</ele>
   </trkpt>
   <trkpt lat="46.19664499991081" lon="-86.66353000059661">
    <ele>249.08</ele>
   </trkpt>
   <trkpt lat="46.197100000000006" lon="-86.66346">
    <ele>249.67000000000002</ele>
   </trkpt>
   <trkpt lat="46.19780999995799" lon="-86.66338000104156">
    <ele>252.53000000000003</ele>
   </trkpt>
   <trkpt lat="46.19852" lon="-86.6633">
    <ele>254.57000000000002</ele>
   </trkpt>
   <trkpt lat="46.19934000000001" lon="-86.66324">
    <ele>258.96000000000004</ele>
   </trkpt>
   <trkpt lat="46.199630000000006" lon="-86.66334">
    <ele>259.47</ele>
   </trkpt>
   <trkpt lat="46.200090000434315" lon="-86.66364999741499">
    <ele>259.63</ele>
   </trkpt>
   <trkpt lat="46.20055000000001" lon="-86.66396">
    <ele>260.96000000000004</ele>
   </trkpt>
   <trkpt lat="46.200860000000006" lon="-86.66406">
    <ele>261.03000000000003</ele>
   </trkpt>
   <trkpt lat="46.20112" lon="-86.66405">
    <ele>259.96000000000004</ele>
   </trkpt>
   <trkpt lat="46.20190500042868" lon="-86.66375500419647">
    <ele>254.01000000000002</ele>
   </trkpt>
   <trkpt lat="46.202690000000004" lon="-86.66346">
    <ele>248.71</ele>
   </trkpt>
   <trkpt lat="46.202920000000006" lon="-86.66336000000001">
    <ele>248.59000000000003</ele>
   </trkpt>
   <trkpt lat="46.2032" lon="-86.6631">
    <ele>248.66000000000003</ele>
   </trkpt>
   <trkpt lat="46.20333" lon="-86.66294">
    <ele>249.28000000000003</ele>
   </trkpt>
   <trkpt lat="46.203450000000004" lon="-86.66275">
    <ele>249.70000000000002</ele>
   </trkpt>
   <trkpt lat="46.20355000000001" lon="-86.66254">
    <ele>249.92000000000002</ele>
   </trkpt>
   <trkpt lat="46.20362" lon="-86.66234">
    <ele>250.01</ele>
   </trkpt>
   <trkpt lat="46.203790001877074" lon="-86.6616800021274">
    <ele>249.43</ele>
   </trkpt>
   <trkpt lat="46.20396" lon="-86.66102000000001">
    <ele>249.11</ele>
   </trkpt>
   <trkpt lat="46.204080000000005" lon="-86.66064">
    <ele>249.01</ele>
   </trkpt>
   <trkpt lat="46.2043" lon="-86.66019">
    <ele>249.18</ele>
   </trkpt>
   <trkpt lat="46.204420000000006" lon="-86.66006">
    <ele>249.21</ele>
   </trkpt>
   <trkpt lat="46.20463" lon="-86.65988">
    <ele>249.19000000000003</ele>
   </trkpt>
   <trkpt lat="46.20494" lon="-86.6597">
    <ele>249.15</ele>
   </trkpt>
   <trkpt lat="46.20508" lon="-86.65966">
    <ele>249.15</ele>
   </trkpt>
   <trkpt lat="46.20546" lon="-86.65966">
    <ele>249.21</ele>
   </trkpt>
   <trkpt lat="46.20630333337528" lon="-86.65969666554216">
    <ele>249.70000000000002</ele>
   </trkpt>
   <trkpt lat="46.20714666673884" lon="-86.65973333221012">
    <ele>249.61</ele>
   </trkpt>
   <trkpt lat="46.20799" lon="-86.65977000000001">
    <ele>248.81000000000003</ele>
   </trkpt>
   <trkpt lat="46.20880750013306" lon="-86.65986499576">
    <ele>248.93</ele>
   </trkpt>
   <trkpt lat="46.209625000187444" lon="-86.65995999434774">
    <ele>248.75000000000003</ele>
   </trkpt>
   <trkpt lat="46.210442500163126" lon="-86.66005499576333">
    <ele>248.45000000000002</ele>
   </trkpt>
   <trkpt lat="46.21126" lon="-86.66015">
    <ele>247.83</ele>
   </trkpt>
   <trkpt lat="46.211490000000005" lon="-86.66021">
    <ele>247.83</ele>
   </trkpt>
   <trkpt lat="46.21210000037108" lon="-86.66047999702477">
    <ele>248.07000000000002</ele>
   </trkpt>
   <trkpt lat="46.21271" lon="-86.66075000000001">
    <ele>247.99</ele>
   </trkpt>
   <trkpt lat="46.213305000294596" lon="-86.66102999694425">
    <ele>248.14000000000001</ele>
   </trkpt>
   <trkpt lat="46.2139" lon="-86.66131">
    <ele>248.86</ele>
   </trkpt>
   <trkpt lat="46.214360000000006" lon="-86.66154">
    <ele>248.92000000000002</ele>
   </trkpt>
   <trkpt lat="46.21452" lon="-86.66164">
    <ele>248.9</ele>
   </trkpt>
   <trkpt lat="46.21466" lon="-86.66176">
    <ele>248.77</ele>
   </trkpt>
   <trkpt lat="46.21481000000001" lon="-86.66194">
    <ele>248.65</ele>
   </trkpt>
   <trkpt lat="46.21508" lon="-86.66239">
    <ele>248.33</ele>
   </trkpt>
   <trkpt lat="46.21556" lon="-86.66324">
    <ele>248.21</ele>
   </trkpt>
   <trkpt lat="46.21575000000001" lon="-86.66353000000001">
    <ele>248.31000000000003</ele>
   </trkpt>
   <trkpt lat="46.216120000000004" lon="-86.66401">
    <ele>248.22000000000003</ele>
   </trkpt>
   <trkpt lat="46.21682250901969" lon="-86.6645537013032">
    <ele>247.87</ele>
   </trkpt>
   <trkpt lat="46.217525015461945" lon="-86.66509741651798">
    <ele>248.43</ele>
   </trkpt>
   <trkpt lat="46.21822751932664" lon="-86.665641145645">
    <ele>247.77</ele>
   </trkpt>
   <trkpt lat="46.21893002061364" lon="-86.66618488868488">
    <ele>247.65</ele>
   </trkpt>
   <trkpt lat="46.21963251932282" lon="-86.66672864563832">
    <ele>247.56000000000003</ele>
   </trkpt>
   <trkpt lat="46.220335015454054" lon="-86.66727241650591">
    <ele>247.58</ele>
   </trkpt>
   <trkpt lat="46.22103750900721" lon="-86.66781620128833">
    <ele>247.50000000000003</ele>
   </trkpt>
   <trkpt lat="46.221740000000004" lon="-86.66836">
    <ele>246.91000000000003</ele>
   </trkpt>
   <trkpt lat="46.22251000000001" lon="-86.66893">
    <ele>247.05</ele>
   </trkpt>
   <trkpt lat="46.22265" lon="-86.66901">
    <ele>247.00000000000003</ele>
   </trkpt>
   <trkpt lat="46.22332" lon="-86.66928">
    <ele>247.87</ele>
   </trkpt>
   <trkpt lat="46.22407143031196" lon="-86.66953855018997">
    <ele>248.66000000000003</ele>
   </trkpt>
   <trkpt lat="46.224822860041044" lon="-86.66979710745791">
    <ele>248.9</ele>
   </trkpt>
   <trkpt lat="46.225574289187264" lon="-86.6700556718042">
    <ele>248.93</ele>
   </trkpt>
   <trkpt lat="46.22632571775058" lon="-86.6703142432292">
    <ele>249.32000000000002</ele>
   </trkpt>
   <trkpt lat="46.227077145730966" lon="-86.67057282173332">
    <ele>249.56000000000003</ele>
   </trkpt>
   <trkpt lat="46.22782857312837" lon="-86.6708314073169">
    <ele>249.03000000000003</ele>
   </trkpt>
   <trkpt lat="46.22858" lon="-86.67109">
    <ele>248.34000000000003</ele>
   </trkpt>
   <trkpt lat="46.22921" lon="-86.67131">
    <ele>249.06000000000003</ele>
   </trkpt>
   <trkpt lat="46.2295" lon="-86.67147000000001">
    <ele>249.78000000000003</ele>
   </trkpt>
   <trkpt lat="46.229870000000005" lon="-86.67175">
    <ele>250.18</ele>
   </trkpt>
   <trkpt lat="46.23004" lon="-86.67192">
    <ele>250.67</ele>
   </trkpt>
   <trkpt lat="46.23035" lon="-86.67229">
    <ele>251.03000000000003</ele>
   </trkpt>
   <trkpt lat="46.230560000000004" lon="-86.67269">
    <ele>251.03000000000003</ele>
   </trkpt>
   <trkpt lat="46.23077000000001" lon="-86.67313">
    <ele>251.18</ele>
   </trkpt>
   <trkpt lat="46.231100000000005" lon="-86.67373">
    <ele>250.99000000000004</ele>
   </trkpt>
   <trkpt lat="46.231280000000005" lon="-86.67399">
    <ele>251.04999999999998</ele>
   </trkpt>
   <trkpt lat="46.23171000000001" lon="-86.67452">
    <ele>250.47000000000003</ele>
   </trkpt>
   <trkpt lat="46.232060000000004" lon="-86.67479">
    <ele>249.25000000000003</ele>
   </trkpt>
   <trkpt lat="46.23245000000001" lon="-86.67503">
    <ele>248.48000000000002</ele>
   </trkpt>
   <trkpt lat="46.23265000000001" lon="-86.67511">
    <ele>248.50000000000003</ele>
   </trkpt>
   <trkpt lat="46.233230000000006" lon="-86.67524">
    <ele>248.82000000000002</ele>
   </trkpt>
   <trkpt lat="46.23355" lon="-86.67524">
    <ele>249.50000000000003</ele>
   </trkpt>
   <trkpt lat="46.23443" lon="-86.67530000000001">
    <ele>250.54000000000005</ele>
   </trkpt>
   <trkpt lat="46.23467" lon="-86.67537">
    <ele>250.36</ele>
   </trkpt>
   <trkpt lat="46.235060000000004" lon="-86.67553000000001">
    <ele>250.38000000000005</ele>
   </trkpt>
   <trkpt lat="46.23527000000001" lon="-86.67566000000001">
    <ele>250.4</ele>
   </trkpt>
   <trkpt lat="46.23581" lon="-86.67613">
    <ele>250.96</ele>
   </trkpt>
   <trkpt lat="46.23642500145762" lon="-86.67669999365009">
    <ele>251.4</ele>
   </trkpt>
   <trkpt lat="46.23704" lon="-86.67727000000001">
    <ele>250.8</ele>
   </trkpt>
   <trkpt lat="46.23751500093543" lon="-86.67772999603066">
    <ele>250.52</ele>
   </trkpt>
   <trkpt lat="46.23799" lon="-86.67819">
    <ele>250.73</ele>
   </trkpt>
   <trkpt lat="46.23837" lon="-86.67852">
    <ele>251.13000000000002</ele>
   </trkpt>
   <trkpt lat="46.238580000000006" lon="-86.67864">
    <ele>251.32999999999998</ele>
   </trkpt>
   <trkpt lat="46.23884" lon="-86.67874">
    <ele>251.71000000000004</ele>
   </trkpt>
   <trkpt lat="46.23962000002039" lon="-86.67887499807065">
    <ele>251.86</ele>
   </trkpt>
   <trkpt lat="46.2404" lon="-86.67901">
    <ele>251.82000000000005</ele>
   </trkpt>
   <trkpt lat="46.24080000000001" lon="-86.67913">
    <ele>251.76999999999998</ele>
   </trkpt>
   <trkpt lat="46.24128" lon="-86.67931">
    <ele>251.88000000000005</ele>
   </trkpt>
   <trkpt lat="46.242020000000004" lon="-86.67947000000001">
    <ele>252.51000000000002</ele>
   </trkpt>
   <trkpt lat="46.242720000000006" lon="-86.67955">
    <ele>253.17</ele>
   </trkpt>
   <trkpt lat="46.243493333333106" lon="-86.67955833274597">
    <ele>253.78</ele>
   </trkpt>
   <trkpt lat="46.24426666666561" lon="-86.67956666572685">
    <ele>254.15000000000003</ele>
   </trkpt>
   <trkpt lat="46.2450399999975" lon="-86.67957499894268">
    <ele>254.44</ele>
   </trkpt>
   <trkpt lat="46.24581333332879" lon="-86.67958333239345">
    <ele>254.85000000000002</ele>
   </trkpt>
   <trkpt lat="46.24658666665948" lon="-86.67959166607919">
    <ele>255.17000000000002</ele>
   </trkpt>
   <trkpt lat="46.24736" lon="-86.67960000000001">
    <ele>255.39000000000001</ele>
   </trkpt>
   <trkpt lat="46.248254000018015" lon="-86.6796209969195">
    <ele>255.14000000000001</ele>
   </trkpt>
   <trkpt lat="46.249148000032186" lon="-86.67964199452346">
    <ele>255.34</ele>
   </trkpt>
   <trkpt lat="46.2500420000425" lon="-86.67966299281188">
    <ele>255.46</ele>
   </trkpt>
   <trkpt lat="46.25093600004898" lon="-86.67968399178484">
    <ele>255.32999999999998</ele>
   </trkpt>
   <trkpt lat="46.25183000005161" lon="-86.67970499144238">
    <ele>255.32999999999998</ele>
   </trkpt>
   <trkpt lat="46.2527240000504" lon="-86.67972599178454">
    <ele>255.34</ele>
   </trkpt>
   <trkpt lat="46.25361800004536" lon="-86.67974699281135">
    <ele>255.39000000000001</ele>
   </trkpt>
   <trkpt lat="46.254512000036435" lon="-86.67976799452286">
    <ele>255.89000000000001</ele>
   </trkpt>
   <trkpt lat="46.2554060000237" lon="-86.67978899691911">
    <ele>256.3</ele>
   </trkpt>
   <trkpt lat="46.2563" lon="-86.67981">
    <ele>256.48</ele>
   </trkpt>
   <trkpt lat="46.25685999997818" lon="-86.6798249998462">
    <ele>256.68</ele>
   </trkpt>
   <trkpt lat="46.25742" lon="-86.67984000000001">
    <ele>257.61</ele>
   </trkpt>
   <trkpt lat="46.25719000425785" lon="-86.68082500400939">
    <ele>257.43000000000006</ele>
   </trkpt>
   <trkpt lat="46.25696000000001" lon="-86.68181000000001">
    <ele>257.68</ele>
   </trkpt>
   <trkpt lat="46.25672334376445" lon="-86.68290334272696">
    <ele>257.70000000000005</ele>
   </trkpt>
   <trkpt lat="46.25648667710719" lon="-86.68399667601663">
    <ele>257.87000000000006</ele>
   </trkpt>
   <trkpt lat="46.25625" lon="-86.68509">
    <ele>258.13</ele>
   </trkpt>
   <trkpt lat="46.256130000000006" lon="-86.68578000000001">
    <ele>258.13</ele>
   </trkpt>
   <trkpt lat="46.25605" lon="-86.68656">
    <ele>258.09000000000003</ele>
   </trkpt>
   <trkpt lat="46.25602000000001" lon="-86.68730000000001">
    <ele>258.04</ele>
   </trkpt>
   <trkpt lat="46.25602000000001" lon="-86.68795">
    <ele>257.81000000000006</ele>
   </trkpt>
   <trkpt lat="46.2561" lon="-86.68903">
    <ele>257.53000000000003</ele>
   </trkpt>
   <trkpt lat="46.256270012819115" lon="-86.69001999080432">
    <ele>256.92</ele>
   </trkpt>
   <trkpt lat="46.25644001709359" lon="-86.69100998774712">
    <ele>256.56</ele>
   </trkpt>
   <trkpt lat="46.25661001282327" lon="-86.6919999908282">
    <ele>256.24</ele>
   </trkpt>
   <trkpt lat="46.256780000000006" lon="-86.69299000000001">
    <ele>256.09000000000003</ele>
   </trkpt>
   <trkpt lat="46.25687000211864" lon="-86.69368999871624">
    <ele>256.43000000000006</ele>
   </trkpt>
   <trkpt lat="46.25696000000001" lon="-86.69439000000001">
    <ele>256.76000000000005</ele>
   </trkpt>
   <trkpt lat="46.25701000194701" lon="-86.69505499965034">
    <ele>257.07</ele>
   </trkpt>
   <trkpt lat="46.25706" lon="-86.69572000000001">
    <ele>257.69</ele>
   </trkpt>
   <trkpt lat="46.257090000000005" lon="-86.69678">
    <ele>258.18</ele>
   </trkpt>
   <trkpt lat="46.25710000264872" lon="-86.69755999959396">
    <ele>258.19</ele>
   </trkpt>
   <trkpt lat="46.257110000000004" lon="-86.69834">
    <ele>258.32</ele>
   </trkpt>
   <trkpt lat="46.25708" lon="-86.69883">
    <ele>258.37000000000006</ele>
   </trkpt>
   <trkpt lat="46.256991882773974" lon="-86.70004729229716">
    <ele>258.18</ele>
   </trkpt>
   <trkpt lat="46.25690375262929" lon="-86.7012645806818">
    <ele>258.20000000000005</ele>
   </trkpt>
   <trkpt lat="46.256815609566026" lon="-86.70248186515336">
    <ele>258.27</ele>
   </trkpt>
   <trkpt lat="46.25672745358426" lon="-86.70369914571133">
    <ele>258.06</ele>
   </trkpt>
   <trkpt lat="46.25663928468408" lon="-86.70491642235513">
    <ele>257.88</ele>
   </trkpt>
   <trkpt lat="46.256551102865544" lon="-86.70613369508422">
    <ele>257.72</ele>
   </trkpt>
   <trkpt lat="46.256462908128775" lon="-86.70735096389802">
    <ele>257.49</ele>
   </trkpt>
   <trkpt lat="46.256374700473835" lon="-86.70856822879605">
    <ele>257.37000000000006</ele>
   </trkpt>
   <trkpt lat="46.25628647990079" lon="-86.70978548977772">
    <ele>257.32000000000005</ele>
   </trkpt>
   <trkpt lat="46.25619824640973" lon="-86.71100274684248">
    <ele>258.01</ele>
   </trkpt>
   <trkpt lat="46.25611000000001" lon="-86.71222">
    <ele>258.11</ele>
   </trkpt>
   <trkpt lat="46.25605" lon="-86.71312">
    <ele>258.24</ele>
   </trkpt>
   <trkpt lat="46.256033343440535" lon="-86.71419666726429">
    <ele>257.95</ele>
   </trkpt>
   <trkpt lat="46.25601667677473" lon="-86.71527333387432">
    <ele>257.82</ele>
   </trkpt>
   <trkpt lat="46.25600000000001" lon="-86.71635">
    <ele>257.71</ele>
   </trkpt>
   <trkpt lat="46.25601669256225" lon="-86.71743999835518">
    <ele>257.65999999999997</ele>
   </trkpt>
   <trkpt lat="46.256033374766346" lon="-86.71852999737372">
    <ele>257.62</ele>
   </trkpt>
   <trkpt lat="46.25605004661231" lon="-86.71961999705528">
    <ele>257.91</ele>
   </trkpt>
   <trkpt lat="46.25606670810009" lon="-86.72070999739938">
    <ele>258.04</ele>
   </trkpt>
   <trkpt lat="46.25608335922971" lon="-86.72179999840566">
    <ele>257.97</ele>
   </trkpt>
   <trkpt lat="46.2561" lon="-86.72289">
    <ele>257.97</ele>
   </trkpt>
   <trkpt lat="46.256170000000004" lon="-86.72401">
    <ele>258.21</ele>
   </trkpt>
   <trkpt lat="46.256220000000006" lon="-86.72437000000001">
    <ele>258.31000000000006</ele>
   </trkpt>
   <trkpt lat="46.25639" lon="-86.72518000000001">
    <ele>258.56</ele>
   </trkpt>
   <trkpt lat="46.256550000000004" lon="-86.72571">
    <ele>258.63</ele>
   </trkpt>
   <trkpt lat="46.256820000000005" lon="-86.72637">
    <ele>258.68</ele>
   </trkpt>
   <trkpt lat="46.257130000000004" lon="-86.72704">
    <ele>258.86</ele>
   </trkpt>
   <trkpt lat="46.25765000262929" lon="-86.72780999276426">
    <ele>259.07</ele>
   </trkpt>
   <trkpt lat="46.25817000000001" lon="-86.72858000000001">
    <ele>259.28000000000003</ele>
   </trkpt>
   <trkpt lat="46.258390000000006" lon="-86.72894000000001">
    <ele>259.32</ele>
   </trkpt>
   <trkpt lat="46.258590000000005" lon="-86.72937">
    <ele>259.43</ele>
   </trkpt>
   <trkpt lat="46.258860000000006" lon="-86.73006000000001">
    <ele>259.32</ele>
   </trkpt>
   <trkpt lat="46.259190000000004" lon="-86.73118000000001">
    <ele>259.35</ele>
   </trkpt>
   <trkpt lat="46.2593" lon="-86.73174">
    <ele>259.40000000000003</ele>
   </trkpt>
   <trkpt lat="46.25941" lon="-86.7325">
    <ele>259.27</ele>
   </trkpt>
   <trkpt lat="46.259460000000004" lon="-86.73333000000001">
    <ele>259.40000000000003</ele>
   </trkpt>
   <trkpt lat="46.259460002452" lon="-86.73408000057913">
    <ele>259.59999999999997</ele>
   </trkpt>
   <trkpt lat="46.259460000000004" lon="-86.73483">
    <ele>259.65000000000003</ele>
   </trkpt>
   <trkpt lat="46.25948000184209" lon="-86.73547999977465">
    <ele>259.59999999999997</ele>
   </trkpt>
   <trkpt lat="46.2595" lon="-86.73613">
    <ele>259.75000000000006</ele>
   </trkpt>
   <trkpt lat="46.25958000215607" lon="-86.73683499887859">
    <ele>259.99</ele>
   </trkpt>
   <trkpt lat="46.259660000000004" lon="-86.73754000000001">
    <ele>259.99</ele>
   </trkpt>
   <trkpt lat="46.259884026292006" lon="-86.73876797992313">
    <ele>260.36</ele>
   </trkpt>
   <trkpt lat="46.26010803943739" lon="-86.73999596988065">
    <ele>260.20000000000005</ele>
   </trkpt>
   <trkpt lat="46.26033203943596" lon="-86.74122396987217">
    <ele>258.37000000000006</ele>
   </trkpt>
   <trkpt lat="46.26055602628755" lon="-86.74245197989724">
    <ele>257.82</ele>
   </trkpt>
   <trkpt lat="46.260780000000004" lon="-86.74368000000001">
    <ele>258.89</ele>
   </trkpt>
   <trkpt lat="46.26088000000001" lon="-86.74430000000001">
    <ele>259.12</ele>
   </trkpt>
   <trkpt lat="46.26102" lon="-86.74437">
    <ele>258.59999999999997</ele>
   </trkpt>
   <trkpt lat="46.26144" lon="-86.74445">
    <ele>258.39</ele>
   </trkpt>
   <trkpt lat="46.26193000000001" lon="-86.74481">
    <ele>259.31000000000006</ele>
   </trkpt>
   <trkpt lat="46.262260000000005" lon="-86.74495">
    <ele>259.48</ele>
   </trkpt>
   <trkpt lat="46.262910000000005" lon="-86.74505">
    <ele>259.36</ele>
   </trkpt>
   <trkpt lat="46.263670000000005" lon="-86.74510000000001">
    <ele>258.94</ele>
   </trkpt>
   <trkpt lat="46.26402" lon="-86.74517">
    <ele>258.93</ele>
   </trkpt>
   <trkpt lat="46.26474500030427" lon="-86.74545999613984">
    <ele>256.77</ele>
   </trkpt>
   <trkpt lat="46.26547" lon="-86.74575">
    <ele>255.82000000000005</ele>
   </trkpt>
   <trkpt lat="46.26576000000001" lon="-86.74584">
    <ele>255.69000000000003</ele>
   </trkpt>
   <trkpt lat="46.26644999993369" lon="-86.74589499930136">
    <ele>256.29</ele>
   </trkpt>
   <trkpt lat="46.267140000000005" lon="-86.74595000000001">
    <ele>258.15000000000003</ele>
   </trkpt>
   <trkpt lat="46.26780000011139" lon="-86.74603499898686">
    <ele>258.44</ele>
   </trkpt>
   <trkpt lat="46.268460000000005" lon="-86.74612">
    <ele>258.44</ele>
   </trkpt>
   <trkpt lat="46.269070000000006" lon="-86.74624">
    <ele>257.34000000000003</ele>
   </trkpt>
   <trkpt lat="46.26995166705883" lon="-86.74637498914116">
    <ele>259.02000000000004</ele>
   </trkpt>
   <trkpt lat="46.270833333958755" lon="-86.74650998262518">
    <ele>258.54</ele>
   </trkpt>
   <trkpt lat="46.27171500069982" lon="-86.74664498045233">
    <ele>260.73</ele>
   </trkpt>
   <trkpt lat="46.27259666728201" lon="-86.74677998262291">
    <ele>261.81000000000006</ele>
   </trkpt>
   <trkpt lat="46.273478333705285" lon="-86.74691498913717">
    <ele>262.41</ele>
   </trkpt>
   <trkpt lat="46.27436" lon="-86.74705">
    <ele>262.28000000000003</ele>
   </trkpt>
   <trkpt lat="46.2751" lon="-86.74724">
    <ele>263.22</ele>
   </trkpt>
   <trkpt lat="46.275654999927326" lon="-86.74741999810762">
    <ele>263.76</ele>
   </trkpt>
   <trkpt lat="46.276210000000006" lon="-86.7476">
    <ele>264.06</ele>
   </trkpt>
   <trkpt lat="46.27667" lon="-86.74779000000001">
    <ele>264.09000000000003</ele>
   </trkpt>
   <trkpt lat="46.27693000000001" lon="-86.74791">
    <ele>264.15</ele>
   </trkpt>
   <trkpt lat="46.277415000509315" lon="-86.74824499704881">
    <ele>264.69000000000005</ele>
   </trkpt>
   <trkpt lat="46.2779" lon="-86.74858">
    <ele>264.87</ele>
   </trkpt>
   <trkpt lat="46.2783" lon="-86.74881">
    <ele>264.99</ele>
   </trkpt>
   <trkpt lat="46.278883333754884" lon="-86.74902999531558">
    <ele>265.54</ele>
   </trkpt>
   <trkpt lat="46.279466667087846" lon="-86.74924999531538">
    <ele>265.99</ele>
   </trkpt>
   <trkpt lat="46.28005" lon="-86.74947">
    <ele>266.20000000000005</ele>
   </trkpt>
   <trkpt lat="46.28029" lon="-86.74957">
    <ele>266.22</ele>
   </trkpt>
   <trkpt lat="46.2805" lon="-86.74962000000001">
    <ele>266.34000000000003</ele>
   </trkpt>
   <trkpt lat="46.281000000000006" lon="-86.74983">
    <ele>266.57000000000005</ele>
   </trkpt>
   <trkpt lat="46.28146" lon="-86.7501">
    <ele>266.62</ele>
   </trkpt>
   <trkpt lat="46.281760000000006" lon="-86.75036">
    <ele>266.96000000000004</ele>
   </trkpt>
   <trkpt lat="46.282140000000005" lon="-86.75077">
    <ele>267.31000000000006</ele>
   </trkpt>
   <trkpt lat="46.282535000521925" lon="-86.75108499780022">
    <ele>267.64000000000004</ele>
   </trkpt>
   <trkpt lat="46.28293" lon="-86.7514">
    <ele>268.09</ele>
   </trkpt>
   <trkpt lat="46.283640000000005" lon="-86.75193">
    <ele>268.61</ele>
   </trkpt>
   <trkpt lat="46.28389000000001" lon="-86.75217">
    <ele>268.96000000000004</ele>
   </trkpt>
   <trkpt lat="46.284220000000005" lon="-86.75261">
    <ele>268.93</ele>
   </trkpt>
   <trkpt lat="46.28453500106376" lon="-86.75310499714702">
    <ele>268.96000000000004</ele>
   </trkpt>
   <trkpt lat="46.284850000000006" lon="-86.7536">
    <ele>268.90000000000003</ele>
   </trkpt>
   <trkpt lat="46.28523000139925" lon="-86.7541549962328">
    <ele>269.02000000000004</ele>
   </trkpt>
   <trkpt lat="46.285610000000005" lon="-86.75471">
    <ele>269.2</ele>
   </trkpt>
   <trkpt lat="46.28601500144426" lon="-86.75527499589643">
    <ele>269.52000000000004</ele>
   </trkpt>
   <trkpt lat="46.28642000000001" lon="-86.75584">
    <ele>269.19000000000005</ele>
   </trkpt>
   <trkpt lat="46.286620000000006" lon="-86.75605">
    <ele>269.17</ele>
   </trkpt>
   <trkpt lat="46.28681" lon="-86.75614">
    <ele>269.36</ele>
   </trkpt>
   <trkpt lat="46.287040000000005" lon="-86.75623">
    <ele>269.36</ele>
   </trkpt>
   <trkpt lat="46.28727000000001" lon="-86.75623">
    <ele>269.69000000000005</ele>
   </trkpt>
   <trkpt lat="46.28748" lon="-86.75618">
    <ele>269.8</ele>
   </trkpt>
   <trkpt lat="46.287710000000004" lon="-86.75609">
    <ele>270.01000000000005</ele>
   </trkpt>
   <trkpt lat="46.28848000000001" lon="-86.75548">
    <ele>270.48</ele>
   </trkpt>
   <trkpt lat="46.288925000915306" lon="-86.75502000374446">
    <ele>270.38</ele>
   </trkpt>
   <trkpt lat="46.289370000000005" lon="-86.75456000000001">
    <ele>269.98</ele>
   </trkpt>
   <trkpt lat="46.28984500102671" lon="-86.75405000453779">
    <ele>269.15</ele>
   </trkpt>
   <trkpt lat="46.29032" lon="-86.75354">
    <ele>269.63000000000005</ele>
   </trkpt>
   <trkpt lat="46.290510000000005" lon="-86.75338">
    <ele>269.67</ele>
   </trkpt>
   <trkpt lat="46.29073" lon="-86.75327">
    <ele>269.24</ele>
   </trkpt>
   <trkpt lat="46.29092000000001" lon="-86.75323">
    <ele>269.14000000000004</ele>
   </trkpt>
   <trkpt lat="46.29112000000001" lon="-86.75325000000001">
    <ele>269.13000000000005</ele>
   </trkpt>
   <trkpt lat="46.291340000000005" lon="-86.75336">
    <ele>269.44</ele>
   </trkpt>
   <trkpt lat="46.29184000073766" lon="-86.75376999626103">
    <ele>269.55</ele>
   </trkpt>
   <trkpt lat="46.29234" lon="-86.75418">
    <ele>269.23</ele>
   </trkpt>
   <trkpt lat="46.292640000000006" lon="-86.75439">
    <ele>269.35</ele>
   </trkpt>
   <trkpt lat="46.29332" lon="-86.75472">
    <ele>270.7</ele>
   </trkpt>
   <trkpt lat="46.2935" lon="-86.75478000000001">
    <ele>271.25000000000006</ele>
   </trkpt>
   <trkpt lat="46.293260000000004" lon="-86.75549000000001">
    <ele>269.38</ele>
   </trkpt>
   <trkpt lat="46.29287" lon="-86.75643000000001">
    <ele>269.94</ele>
   </trkpt>
   <trkpt lat="46.29254" lon="-86.75738000000001">
    <ele>271.42</ele>
   </trkpt>
   <trkpt lat="46.292440000000006" lon="-86.75798">
    <ele>271.51000000000005</ele>
   </trkpt>
   <trkpt lat="46.2922" lon="-86.7591">
    <ele>271.16</ele>
   </trkpt>
   <trkpt lat="46.29201500151564" lon="-86.75970000220045">
    <ele>270.95000000000005</ele>
   </trkpt>
   <trkpt lat="46.291830000000004" lon="-86.7603">
    <ele>270.89</ele>
   </trkpt>
   <trkpt lat="46.29146" lon="-86.76106">
    <ele>270.87</ele>
   </trkpt>
   <trkpt lat="46.29111" lon="-86.76157">
    <ele>270.85</ele>
   </trkpt>
   <trkpt lat="46.290820000000004" lon="-86.76196">
    <ele>270.6</ele>
   </trkpt>
   <trkpt lat="46.290380000000006" lon="-86.76242">
    <ele>270.36</ele>
   </trkpt>
   <trkpt lat="46.29014" lon="-86.76294">
    <ele>270.31</ele>
   </trkpt>
   <trkpt lat="46.29008" lon="-86.76310000000001">
    <ele>270.46000000000004</ele>
   </trkpt>
   <trkpt lat="46.289880003997396" lon="-86.76406000360026">
    <ele>269.45000000000005</ele>
   </trkpt>
   <trkpt lat="46.289680000000004" lon="-86.76502">
    <ele>268.23</ele>
   </trkpt>
   <trkpt lat="46.289570000000005" lon="-86.76567">
    <ele>268.45</ele>
   </trkpt>
   <trkpt lat="46.289640000000006" lon="-86.76689">
    <ele>269.63000000000005</ele>
   </trkpt>
   <trkpt lat="46.28964000444653" lon="-86.76790000002347">
    <ele>269.3</ele>
   </trkpt>
   <trkpt lat="46.289640000000006" lon="-86.76891">
    <ele>269.57000000000005</ele>
   </trkpt>
   <trkpt lat="46.28961" lon="-86.76965000000001">
    <ele>269.85</ele>
   </trkpt>
   <trkpt lat="46.28971000000001" lon="-86.77004000000001">
    <ele>269.64000000000004</ele>
   </trkpt>
   <trkpt lat="46.29001500477261" lon="-86.77108999403916">
    <ele>268.86</ele>
   </trkpt>
   <trkpt lat="46.29032" lon="-86.77214000000001">
    <ele>270.66</ele>
   </trkpt>
   <trkpt lat="46.29064501525172" lon="-86.77321998077154">
    <ele>271.09</ele>
   </trkpt>
   <trkpt lat="46.290970020335244" lon="-86.7742999743603">
    <ele>269.56</ele>
   </trkpt>
   <trkpt lat="46.29129501525034" lon="-86.77537998076625">
    <ele>270.21</ele>
   </trkpt>
   <trkpt lat="46.29162" lon="-86.77646">
    <ele>271.28000000000003</ele>
   </trkpt>
   <trkpt lat="46.29198" lon="-86.77719">
    <ele>270.92</ele>
   </trkpt>
   <trkpt lat="46.29211" lon="-86.7774">
    <ele>270.59</ele>
   </trkpt>
   <trkpt lat="46.29249" lon="-86.77781">
    <ele>269.68</ele>
   </trkpt>
   <trkpt lat="46.29271000000001" lon="-86.77801000000001">
    <ele>269.76</ele>
   </trkpt>
   <trkpt lat="46.29296" lon="-86.77818">
    <ele>270.2</ele>
   </trkpt>
   <trkpt lat="46.293240000000004" lon="-86.7783">
    <ele>270.64000000000004</ele>
   </trkpt>
   <trkpt lat="46.293420000000005" lon="-86.7783">
    <ele>270.98</ele>
   </trkpt>
   <trkpt lat="46.29424500025932" lon="-86.77855499615107">
    <ele>271.86</ele>
   </trkpt>
   <trkpt lat="46.29507" lon="-86.77881000000001">
    <ele>271.95000000000005</ele>
   </trkpt>
   <trkpt lat="46.29582714420268" lon="-86.77903712401235">
    <ele>272.11</ele>
   </trkpt>
   <trkpt lat="46.296584287955646" lon="-86.77926425430533">
    <ele>272.34000000000003</ele>
   </trkpt>
   <trkpt lat="46.29734143125884" lon="-86.77949139087934">
    <ele>272.58000000000004</ele>
   </trkpt>
   <trkpt lat="46.29809857411229" lon="-86.77971853373468">
    <ele>273.0</ele>
   </trkpt>
   <trkpt lat="46.298855716515945" lon="-86.7799456828717">
    <ele>273.11</ele>
   </trkpt>
   <trkpt lat="46.29961285846979" lon="-86.78017283829075">
    <ele>273.53</ele>
   </trkpt>
   <trkpt lat="46.30037" lon="-86.7804">
    <ele>274.01000000000005</ele>
   </trkpt>
   <trkpt lat="46.30088500013068" lon="-86.78056999840251">
    <ele>274.52000000000004</ele>
   </trkpt>
   <trkpt lat="46.3014" lon="-86.78074000000001">
    <ele>274.99</ele>
   </trkpt>
   <trkpt lat="46.301820000000006" lon="-86.78091">
    <ele>275.37</ele>
   </trkpt>
   <trkpt lat="46.302580000000006" lon="-86.78153">
    <ele>274.79</ele>
   </trkpt>
   <trkpt lat="46.30288" lon="-86.78171">
    <ele>274.85</ele>
   </trkpt>
   <trkpt lat="46.303290000000004" lon="-86.78228">
    <ele>275.21</ele>
   </trkpt>
   <trkpt lat="46.30344" lon="-86.78246">
    <ele>275.22</ele>
   </trkpt>
   <trkpt lat="46.30374500118384" lon="-86.78294999749068">
    <ele>274.97</ele>
   </trkpt>
   <trkpt lat="46.304050000000004" lon="-86.78344000000001">
    <ele>274.73</ele>
   </trkpt>
   <trkpt lat="46.30442000520003" lon="-86.78420998965693">
    <ele>274.23</ele>
   </trkpt>
   <trkpt lat="46.30479000523147" lon="-86.78497998972222">
    <ele>274.51000000000005</ele>
   </trkpt>
   <trkpt lat="46.30516" lon="-86.78575000000001">
    <ele>275.24</ele>
   </trkpt>
   <trkpt lat="46.30604700000326" lon="-86.78575499927085">
    <ele>276.2</ele>
   </trkpt>
   <trkpt lat="46.30693400000631" lon="-86.78575999870367">
    <ele>276.2</ele>
   </trkpt>
   <trkpt lat="46.30782100000913" lon="-86.78576499829855">
    <ele>277.69000000000005</ele>
   </trkpt>
   <trkpt lat="46.30870800001174" lon="-86.78576999805546">
    <ele>279.85</ele>
   </trkpt>
   <trkpt lat="46.30959500001412" lon="-86.78577499797439">
    <ele>280.1</ele>
   </trkpt>
   <trkpt lat="46.3104820000163" lon="-86.78577999805539">
    <ele>280.04</ele>
   </trkpt>
   <trkpt lat="46.31136900001823" lon="-86.78578499829847">
    <ele>280.84000000000003</ele>
   </trkpt>
   <trkpt lat="46.31225600001998" lon="-86.78578999870359">
    <ele>281.33000000000004</ele>
   </trkpt>
   <trkpt lat="46.3131430000215" lon="-86.78579499927082">
    <ele>279.62</ele>
   </trkpt>
   <trkpt lat="46.31403" lon="-86.78580000000001">
    <ele>276.38</ele>
   </trkpt>
   <trkpt lat="46.314729999923905" lon="-86.78580999987099">
    <ele>274.8</ele>
   </trkpt>
   <trkpt lat="46.315430000000006" lon="-86.78582">
    <ele>274.24</ele>
   </trkpt>
   <trkpt lat="46.31586" lon="-86.78573">
    <ele>274.61</ele>
   </trkpt>
   <trkpt lat="46.316430000000004" lon="-86.78546">
    <ele>274.75000000000006</ele>
   </trkpt>
   <trkpt lat="46.31700000111336" lon="-86.7851033407611">
    <ele>274.6</ele>
   </trkpt>
   <trkpt lat="46.31757000111777" lon="-86.78474667409178">
    <ele>275.56</ele>
   </trkpt>
   <trkpt lat="46.31814000000001" lon="-86.78439">
    <ele>277.97</ele>
   </trkpt>
   <trkpt lat="46.31872666763865" lon="-86.78404667406153">
    <ele>280.32</ele>
   </trkpt>
   <trkpt lat="46.319313334249735" lon="-86.78370334076084">
    <ele>281.0</ele>
   </trkpt>
   <trkpt lat="46.319900000000004" lon="-86.78336">
    <ele>282.04</ele>
   </trkpt>
   <trkpt lat="46.32014" lon="-86.78327">
    <ele>282.04</ele>
   </trkpt>
   <trkpt lat="46.32047" lon="-86.78320000000001">
    <ele>282.24000000000007</ele>
   </trkpt>
   <trkpt lat="46.321235000138614" lon="-86.78318000027606">
    <ele>280.46999999999997</ele>
   </trkpt>
   <trkpt lat="46.322" lon="-86.78316000000001">
    <ele>281.13000000000005</ele>
   </trkpt>
   <trkpt lat="46.32273000004011" lon="-86.7831724995003">
    <ele>281.98</ele>
   </trkpt>
   <trkpt lat="46.323460000078846" lon="-86.78318499933414">
    <ele>281.37</ele>
   </trkpt>
   <trkpt lat="46.32419000011623" lon="-86.78319749950157">
    <ele>280.69000000000005</ele>
   </trkpt>
   <trkpt lat="46.324920000000006" lon="-86.78321000000001">
    <ele>282.1</ele>
   </trkpt>
   <trkpt lat="46.32580857143364" lon="-86.78321285686441">
    <ele>284.3</ele>
   </trkpt>
   <trkpt lat="46.32669714286719" lon="-86.78321571382163">
    <ele>285.44</ele>
   </trkpt>
   <trkpt lat="46.327585714300675" lon="-86.78321857087167">
    <ele>285.03</ele>
   </trkpt>
   <trkpt lat="46.32847428573408" lon="-86.78322142801453">
    <ele>285.18000000000006</ele>
   </trkpt>
   <trkpt lat="46.32936285716744" lon="-86.78322428525021">
    <ele>284.38</ele>
   </trkpt>
   <trkpt lat="46.330251428600704" lon="-86.78322714257874">
    <ele>281.85</ele>
   </trkpt>
   <trkpt lat="46.331140000000005" lon="-86.78323">
    <ele>280.28000000000003</ele>
   </trkpt>
   <trkpt lat="46.331989999907805" lon="-86.78323499992176">
    <ele>280.21000000000004</ele>
   </trkpt>
   <trkpt lat="46.332840000000004" lon="-86.78324">
    <ele>282.5</ele>
   </trkpt>
   <trkpt lat="46.33363600112756" lon="-86.78349798496826">
    <ele>280.35</ele>
   </trkpt>
   <trkpt lat="46.3344320016749" lon="-86.78375597744662">
    <ele>280.01000000000005</ele>
   </trkpt>
   <trkpt lat="46.33522800164203" lon="-86.78401397743554">
    <ele>286.21000000000004</ele>
   </trkpt>
   <trkpt lat="46.33602400102888" lon="-86.7842719849354">
    <ele>285.52</ele>
   </trkpt>
   <trkpt lat="46.33682" lon="-86.78453">
    <ele>286.05</ele>
   </trkpt>
   <trkpt lat="46.33728999987035" lon="-86.78468499859046">
    <ele>284.81</ele>
   </trkpt>
   <trkpt lat="46.33776" lon="-86.78484">
    <ele>282.33000000000004</ele>
   </trkpt>
   <trkpt lat="46.33787" lon="-86.78492000000001">
    <ele>281.95000000000005</ele>
   </trkpt>
   <trkpt lat="46.33803" lon="-86.78503">
    <ele>281.19</ele>
   </trkpt>
   <trkpt lat="46.33865750507603" lon="-86.78565247857743">
    <ele>277.77000000000004</ele>
   </trkpt>
   <trkpt lat="46.33928500677429" lon="-86.78627497144228">
    <ele>280.48</ele>
   </trkpt>
   <trkpt lat="46.339912505094595" lon="-86.78689747859511">
    <ele>282.02000000000004</ele>
   </trkpt>
   <trkpt lat="46.340540000000004" lon="-86.78752">
    <ele>284.01000000000005</ele>
   </trkpt>
   <trkpt lat="46.34109" lon="-86.78841000000001">
    <ele>279.32</ele>
   </trkpt>
   <trkpt lat="46.341530000000006" lon="-86.78905">
    <ele>280.67</ele>
   </trkpt>
   <trkpt lat="46.34198500230872" lon="-86.78976499417612">
    <ele>282.25</ele>
   </trkpt>
   <trkpt lat="46.34244" lon="-86.79048">
    <ele>279.19000000000005</ele>
   </trkpt>
   <trkpt lat="46.34292333792396" lon="-86.79120332058822">
    <ele>277.23</ele>
   </trkpt>
   <trkpt lat="46.34340667128714" lon="-86.79192665396603">
    <ele>274.14</ele>
   </trkpt>
   <trkpt lat="46.34389" lon="-86.79265000000001">
    <ele>273.23</ele>
   </trkpt>
   <trkpt lat="46.344280000000005" lon="-86.79308">
    <ele>272.75000000000006</ele>
   </trkpt>
   <trkpt lat="46.344770000000004" lon="-86.79343">
    <ele>272.21</ele>
   </trkpt>
   <trkpt lat="46.34501" lon="-86.79353">
    <ele>272.6</ele>
   </trkpt>
   <trkpt lat="46.34555" lon="-86.79368000000001">
    <ele>274.43</ele>
   </trkpt>
   <trkpt lat="46.34599" lon="-86.79372000000001">
    <ele>275.48</ele>
   </trkpt>
   <trkpt lat="46.34635" lon="-86.79368000000001">
    <ele>275.62</ele>
   </trkpt>
   <trkpt lat="46.346610000000005" lon="-86.79357">
    <ele>276.15</ele>
   </trkpt>
   <trkpt lat="46.346990000000005" lon="-86.79334">
    <ele>276.98</ele>
   </trkpt>
   <trkpt lat="46.34779334000753" lon="-86.79278670732626">
    <ele>280.44</ele>
   </trkpt>
   <trkpt lat="46.34859667734641" lon="-86.79223339838929">
    <ele>281.84000000000003</ele>
   </trkpt>
   <trkpt lat="46.34940001201652" lon="-86.79168007318819">
    <ele>282.37</ele>
   </trkpt>
   <trkpt lat="46.350203344017665" lon="-86.7911267317221">
    <ele>280.53</ele>
   </trkpt>
   <trkpt lat="46.35100667334973" lon="-86.7905733739901">
    <ele>277.69000000000005</ele>
   </trkpt>
   <trkpt lat="46.35181" lon="-86.79002000000001">
    <ele>276.74</ele>
   </trkpt>
   <trkpt lat="46.352586004900544" lon="-86.7894900300995">
    <ele>278.07000000000005</ele>
   </trkpt>
   <trkpt lat="46.35336200735269" lon="-86.78896004514883">
    <ele>278.29</ele>
   </trkpt>
   <trkpt lat="46.35413800735635" lon="-86.78843004514721">
    <ele>276.89000000000004</ele>
   </trkpt>
   <trkpt lat="46.35491400491135" lon="-86.78790003009385">
    <ele>272.75000000000006</ele>
   </trkpt>
   <trkpt lat="46.35569" lon="-86.78737000000001">
    <ele>270.1</ele>
   </trkpt>
   <trkpt lat="46.35625" lon="-86.7869">
    <ele>271.25000000000006</ele>
   </trkpt>
   <trkpt lat="46.35692" lon="-86.78628">
    <ele>271.77</ele>
   </trkpt>
   <trkpt lat="46.35712" lon="-86.78605">
    <ele>271.81</ele>
   </trkpt>
   <trkpt lat="46.357400000000005" lon="-86.78551">
    <ele>272.37</ele>
   </trkpt>
   <trkpt lat="46.35767000239279" lon="-86.78477000363975">
    <ele>271.85</ele>
   </trkpt>
   <trkpt lat="46.357940000000006" lon="-86.78403">
    <ele>272.04</ele>
   </trkpt>
   <trkpt lat="46.35813" lon="-86.78363">
    <ele>271.85</ele>
   </trkpt>
   <trkpt lat="46.358290000000004" lon="-86.7834">
    <ele>271.96000000000004</ele>
   </trkpt>
   <trkpt lat="46.35848000000001" lon="-86.78319">
    <ele>271.95000000000005</ele>
   </trkpt>
   <trkpt lat="46.358670000000004" lon="-86.78302000000001">
    <ele>271.8</ele>
   </trkpt>
   <trkpt lat="46.35887" lon="-86.78289000000001">
    <ele>271.75000000000006</ele>
   </trkpt>
   <trkpt lat="46.359120000000004" lon="-86.78284000000001">
    <ele>271.79</ele>
   </trkpt>
   <trkpt lat="46.359320000000004" lon="-86.78275000000001">
    <ele>271.92</ele>
   </trkpt>
   <trkpt lat="46.359570000000005" lon="-86.78273">
    <ele>272.25000000000006</ele>
   </trkpt>
   <trkpt lat="46.359790000000004" lon="-86.78275000000001">
    <ele>272.77</ele>
   </trkpt>
   <trkpt lat="46.36051000022791" lon="-86.78298499689906">
    <ele>272.91</ele>
   </trkpt>
   <trkpt lat="46.361230000000006" lon="-86.78322">
    <ele>272.51000000000005</ele>
   </trkpt>
   <trkpt lat="46.36179500005622" lon="-86.78336499849141">
    <ele>272.90000000000003</ele>
   </trkpt>
   <trkpt lat="46.36236" lon="-86.78351">
    <ele>273.2</ele>
   </trkpt>
   <trkpt lat="46.362570000000005" lon="-86.78354">
    <ele>273.14000000000004</ele>
   </trkpt>
   <trkpt lat="46.36287" lon="-86.78347000000001">
    <ele>273.27</ele>
   </trkpt>
   <trkpt lat="46.36312" lon="-86.78338000000001">
    <ele>273.28000000000003</ele>
   </trkpt>
   <trkpt lat="46.363830001482754" lon="-86.78304501305409">
    <ele>274.71</ele>
   </trkpt>
   <trkpt lat="46.3645400019873" lon="-86.78271001740089">
    <ele>276.51000000000005</ele>
   </trkpt>
   <trkpt lat="46.36525000151363" lon="-86.78237501303998">
    <ele>276.29</ele>
   </trkpt>
   <trkpt lat="46.36596" lon="-86.78204000000001">
    <ele>275.21</ele>
   </trkpt>
   <trkpt lat="46.36614" lon="-86.78190000000001">
    <ele>275.2</ele>
   </trkpt>
   <trkpt lat="46.366330000000005" lon="-86.78171">
    <ele>275.28000000000003</ele>
   </trkpt>
   <trkpt lat="46.36696500236205" lon="-86.78097000863093">
    <ele>277.02000000000004</ele>
   </trkpt>
   <trkpt lat="46.3676" lon="-86.78023">
    <ele>276.64</ele>
   </trkpt>
   <trkpt lat="46.36788000000001" lon="-86.77964">
    <ele>276.57000000000005</ele>
   </trkpt>
   <trkpt lat="46.36824401507893" lon="-86.77871002478761">
    <ele>277.29</ele>
   </trkpt>
   <trkpt lat="46.36860802261907" lon="-86.77778003718021">
    <ele>277.74</ele>
   </trkpt>
   <trkpt lat="46.36897202262025" lon="-86.77685003717777">
    <ele>277.98</ele>
   </trkpt>
   <trkpt lat="46.36933601508228" lon="-86.77592002478015">
    <ele>278.11</ele>
   </trkpt>
   <trkpt lat="46.3697" lon="-86.77499">
    <ele>278.25</ele>
   </trkpt>
   <trkpt lat="46.36984" lon="-86.77477">
    <ele>278.55</ele>
   </trkpt>
   <trkpt lat="46.370140000000006" lon="-86.77454">
    <ele>279.90000000000003</ele>
   </trkpt>
   <trkpt lat="46.37048" lon="-86.77433">
    <ele>280.67</ele>
   </trkpt>
   <trkpt lat="46.371100000000006" lon="-86.77401">
    <ele>279.61</ele>
   </trkpt>
   <trkpt lat="46.371280000000006" lon="-86.77396">
    <ele>279.32</ele>
   </trkpt>
   <trkpt lat="46.371729999748545" lon="-86.7738750007538">
    <ele>276.33000000000004</ele>
   </trkpt>
   <trkpt lat="46.37218000000001" lon="-86.77379">
    <ele>272.98</ele>
   </trkpt>
   <trkpt lat="46.372794999875445" lon="-86.77378500005732">
    <ele>269.91</ele>
   </trkpt>
   <trkpt lat="46.37341000000001" lon="-86.77378">
    <ele>268.16</ele>
   </trkpt>
   <trkpt lat="46.37398000012293" lon="-86.77380499974436">
    <ele>265.77</ele>
   </trkpt>
   <trkpt lat="46.374550000000006" lon="-86.77383">
    <ele>264.71</ele>
   </trkpt>
   <trkpt lat="46.37505" lon="-86.77405">
    <ele>266.3</ele>
   </trkpt>
   <trkpt lat="46.375870000000006" lon="-86.77454">
    <ele>264.41</ele>
   </trkpt>
   <trkpt lat="46.37604" lon="-86.77456000000001">
    <ele>264.13000000000005</ele>
   </trkpt>
   <trkpt lat="46.376430000000006" lon="-86.77454">
    <ele>263.70000000000005</ele>
   </trkpt>
   <trkpt lat="46.37691" lon="-86.77447000000001">
    <ele>261.97</ele>
   </trkpt>
   <trkpt lat="46.37709" lon="-86.77438000000001">
    <ele>261.65</ele>
   </trkpt>
   <trkpt lat="46.377480000000006" lon="-86.77414">
    <ele>261.16</ele>
   </trkpt>
   <trkpt lat="46.377680000000005" lon="-86.77405">
    <ele>260.99</ele>
   </trkpt>
   <trkpt lat="46.3781500000914" lon="-86.77409499962056">
    <ele>260.3</ele>
   </trkpt>
   <trkpt lat="46.378620000000005" lon="-86.77414">
    <ele>260.07</ele>
   </trkpt>
   <trkpt lat="46.37876000000001" lon="-86.7741">
    <ele>260.36</ele>
   </trkpt>
   <trkpt lat="46.378870000000006" lon="-86.77406">
    <ele>260.36</ele>
   </trkpt>
   <trkpt lat="46.37872" lon="-86.77369">
    <ele>259.83</ele>
   </trkpt>
   <trkpt lat="46.378510002006" lon="-86.7730149974691">
    <ele>261.53999999999996</ele>
   </trkpt>
   <trkpt lat="46.3783" lon="-86.77234000000001">
    <ele>262.49</ele>
   </trkpt>
   <trkpt lat="46.37791000000001" lon="-86.77134000000001">
    <ele>265.1</ele>
   </trkpt>
   <trkpt lat="46.37740667598727" lon="-86.77030664764398">
    <ele>267.11</ele>
   </trkpt>
   <trkpt lat="46.376903342667006" lon="-86.76927331433782">
    <ele>267.52000000000004</ele>
   </trkpt>
   <trkpt lat="46.376400000000004" lon="-86.76824">
    <ele>269.06</ele>
   </trkpt>
   <trkpt lat="46.37613" lon="-86.76774">
    <ele>268.71</ele>
   </trkpt>
   <trkpt lat="46.37574" lon="-86.76729">
    <ele>268.75000000000006</ele>
   </trkpt>
   <trkpt lat="46.375490000000006" lon="-86.76704000000001">
    <ele>268.67</ele>
   </trkpt>
   <trkpt lat="46.37511000000001" lon="-86.76672">
    <ele>267.56</ele>
   </trkpt>
   <trkpt lat="46.374500000000005" lon="-86.76619000000001">
    <ele>267.47</ele>
   </trkpt>
   <trkpt lat="46.37429" lon="-86.76599">
    <ele>268.02000000000004</ele>
   </trkpt>
   <trkpt lat="46.373900000000006" lon="-86.76552000000001">
    <ele>267.90000000000003</ele>
   </trkpt>
   <trkpt lat="46.37332000000001" lon="-86.76478">
    <ele>268.57000000000005</ele>
   </trkpt>
   <trkpt lat="46.373200000000004" lon="-86.76465">
    <ele>268.35</ele>
   </trkpt>
   <trkpt lat="46.37264000139768" lon="-86.7642466583807">
    <ele>268.59</ele>
   </trkpt>
   <trkpt lat="46.3720800013773" lon="-86.76384332503281">
    <ele>269.08000000000004</ele>
   </trkpt>
   <trkpt lat="46.371520000000004" lon="-86.76344">
    <ele>269.6</ele>
   </trkpt>
   <trkpt lat="46.37122" lon="-86.76317">
    <ele>269.78000000000003</ele>
   </trkpt>
   <trkpt lat="46.37068000000001" lon="-86.7625">
    <ele>270.66</ele>
   </trkpt>
   <trkpt lat="46.3703200011549" lon="-86.76202499709554">
    <ele>269.92</ele>
   </trkpt>
   <trkpt lat="46.369960000000006" lon="-86.76155000000001">
    <ele>269.66</ele>
   </trkpt>
   <trkpt lat="46.369550000000004" lon="-86.76117">
    <ele>269.37</ele>
   </trkpt>
   <trkpt lat="46.36914" lon="-86.76097">
    <ele>268.52000000000004</ele>
   </trkpt>
   <trkpt lat="46.368430000000004" lon="-86.7609">
    <ele>268.22</ele>
   </trkpt>
   <trkpt lat="46.367890000097795" lon="-86.76093500034001">
    <ele>268.57000000000005</ele>
   </trkpt>
   <trkpt lat="46.36735" lon="-86.76097">
    <ele>267.31000000000006</ele>
   </trkpt>
   <trkpt lat="46.3671" lon="-86.76089">
    <ele>267.36</ele>
   </trkpt>
   <trkpt lat="46.36688" lon="-86.76079">
    <ele>268.09</ele>
   </trkpt>
   <trkpt lat="46.36654" lon="-86.76053">
    <ele>269.83</ele>
   </trkpt>
   <trkpt lat="46.366130000000005" lon="-86.76013">
    <ele>269.56</ele>
   </trkpt>
   <trkpt lat="46.36553000000001" lon="-86.7595">
    <ele>269.63000000000005</ele>
   </trkpt>
   <trkpt lat="46.365230000000004" lon="-86.75907000000001">
    <ele>270.52000000000004</ele>
   </trkpt>
   <trkpt lat="46.36504" lon="-86.75869">
    <ele>269.87</ele>
   </trkpt>
   <trkpt lat="46.364920000000005" lon="-86.75833">
    <ele>269.72</ele>
   </trkpt>
   <trkpt lat="46.364540000000005" lon="-86.75744">
    <ele>269.79</ele>
   </trkpt>
   <trkpt lat="46.364160000000005" lon="-86.75641">
    <ele>272.56</ele>
   </trkpt>
   <trkpt lat="46.36401" lon="-86.75592">
    <ele>273.45000000000005</ele>
   </trkpt>
   <trkpt lat="46.36395" lon="-86.75504000000001">
    <ele>272.36</ele>
   </trkpt>
   <trkpt lat="46.36401" lon="-86.75420000000001">
    <ele>272.66</ele>
   </trkpt>
   <trkpt lat="46.36413" lon="-86.75306">
    <ele>273.24</ele>
   </trkpt>
   <trkpt lat="46.36417" lon="-86.75251">
    <ele>273.35</ele>
   </trkpt>
   <trkpt lat="46.36417" lon="-86.75211">
    <ele>273.24</ele>
   </trkpt>
   <trkpt lat="46.364090000000004" lon="-86.75127">
    <ele>273.45000000000005</ele>
   </trkpt>
   <trkpt lat="46.363890000000005" lon="-86.75011">
    <ele>274.31</ele>
   </trkpt>
   <trkpt lat="46.36379" lon="-86.74965">
    <ele>274.31</ele>
   </trkpt>
   <trkpt lat="46.36365000000001" lon="-86.74933">
    <ele>274.53</ele>
   </trkpt>
   <trkpt lat="46.3630100029994" lon="-86.74848498995247">
    <ele>278.69000000000005</ele>
   </trkpt>
   <trkpt lat="46.362370000000006" lon="-86.74764">
    <ele>282.40000000000003</ele>
   </trkpt>
   <trkpt lat="46.36192500347675" lon="-86.74673999256117">
    <ele>279.61</ele>
   </trkpt>
   <trkpt lat="46.36148" lon="-86.74584">
    <ele>278.46000000000004</ele>
   </trkpt>
   <trkpt lat="46.361045002310156" lon="-86.74510999416707">
    <ele>278.74</ele>
   </trkpt>
   <trkpt lat="46.36061" lon="-86.74438">
    <ele>278.04</ele>
   </trkpt>
   <trkpt lat="46.36002333928629" lon="-86.74355331557554">
    <ele>276.89000000000004</ele>
   </trkpt>
   <trkpt lat="46.35943667261557" lon="-86.74272664890348">
    <ele>276.43</ele>
   </trkpt>
   <trkpt lat="46.358850000000004" lon="-86.7419">
    <ele>276.48</ele>
   </trkpt>
   <trkpt lat="46.358760000000004" lon="-86.74170000000001">
    <ele>277.11</ele>
   </trkpt>
   <trkpt lat="46.358700000000006" lon="-86.7415">
    <ele>277.83000000000004</ele>
   </trkpt>
   <trkpt lat="46.358610000000006" lon="-86.74035">
    <ele>282.40000000000003</ele>
   </trkpt>
   <trkpt lat="46.35839000000001" lon="-86.73984">
    <ele>285.16</ele>
   </trkpt>
   <trkpt lat="46.35786751238162" lon="-86.7388674721314">
    <ele>286.92</ele>
   </trkpt>
   <trkpt lat="46.3573450165189" lon="-86.73789496286129">
    <ele>283.83000000000004</ele>
   </trkpt>
   <trkpt lat="46.356822512412165" lon="-86.73692247218925">
    <ele>281.21000000000004</ele>
   </trkpt>
   <trkpt lat="46.356300000000005" lon="-86.73595">
    <ele>280.66</ele>
   </trkpt>
   <trkpt lat="46.356170000000006" lon="-86.73554">
    <ele>280.41</ele>
   </trkpt>
   <trkpt lat="46.356170000000006" lon="-86.73521000000001">
    <ele>280.34000000000003</ele>
   </trkpt>
   <trkpt lat="46.35614" lon="-86.73496">
    <ele>280.32</ele>
   </trkpt>
   <trkpt lat="46.35615000000001" lon="-86.73487">
    <ele>280.32</ele>
   </trkpt>
   <trkpt lat="46.35622" lon="-86.73465">
    <ele>280.32</ele>
   </trkpt>
   <trkpt lat="46.35656" lon="-86.73411">
    <ele>280.19000000000005</ele>
   </trkpt>
   <trkpt lat="46.3569" lon="-86.73344">
    <ele>279.38</ele>
   </trkpt>
   <trkpt lat="46.35694" lon="-86.73331">
    <ele>279.05</ele>
   </trkpt>
   <trkpt lat="46.356950000000005" lon="-86.73306000000001">
    <ele>278.48</ele>
   </trkpt>
   <trkpt lat="46.35694" lon="-86.73299">
    <ele>278.48</ele>
   </trkpt>
   <trkpt lat="46.356860000000005" lon="-86.73277">
    <ele>277.2</ele>
   </trkpt>
   <trkpt lat="46.35663" lon="-86.73239000000001">
    <ele>276.05</ele>
   </trkpt>
   <trkpt lat="46.356860000000005" lon="-86.73178">
    <ele>278.09</ele>
   </trkpt>
   <trkpt lat="46.35696" lon="-86.73135">
    <ele>279.92</ele>
   </trkpt>
   <trkpt lat="46.35703" lon="-86.73094">
    <ele>280.27000000000004</ele>
   </trkpt>
   <trkpt lat="46.35714" lon="-86.72987">
    <ele>280.03</ele>
   </trkpt>
   <trkpt lat="46.357330000000005" lon="-86.72874">
    <ele>278.54</ele>
   </trkpt>
   <trkpt lat="46.35739" lon="-86.72847">
    <ele>278.0</ele>
   </trkpt>
   <trkpt lat="46.35763" lon="-86.72767">
    <ele>274.38</ele>
   </trkpt>
   <trkpt lat="46.35793" lon="-86.7265">
    <ele>274.99</ele>
   </trkpt>
   <trkpt lat="46.35815000253145" lon="-86.72573500314685">
    <ele>278.49</ele>
   </trkpt>
   <trkpt lat="46.35837" lon="-86.72497000000001">
    <ele>280.49</ele>
   </trkpt>
   <trkpt lat="46.35837" lon="-86.72498">
    <ele>280.49</ele>
   </trkpt>
   <trkpt lat="46.35871" lon="-86.72386">
    <ele>277.86</ele>
   </trkpt>
   <trkpt lat="46.358900000000006" lon="-86.72339000000001">
    <ele>276.81</ele>
   </trkpt>
   <trkpt lat="46.35935503066175" lon="-86.72238755843618">
    <ele>277.12</ele>
   </trkpt>
   <trkpt lat="46.3598100525639" lon="-86.72138510017602">
    <ele>274.42</ele>
   </trkpt>
   <trkpt lat="46.36026506570617" lon="-86.72038262521926">
    <ele>272.66</ele>
   </trkpt>
   <trkpt lat="46.360720070088306" lon="-86.7193801335657">
    <ele>270.40000000000003</ele>
   </trkpt>
   <trkpt lat="46.361175065709986" lon="-86.71837762521513">
    <ele>268.68</ele>
   </trkpt>
   <trkpt lat="46.361630052570945" lon="-86.71737510016729">
    <ele>266.68</ele>
   </trkpt>
   <trkpt lat="46.36208503067089" lon="-86.716372558422">
    <ele>266.43</ele>
   </trkpt>
   <trkpt lat="46.36254" lon="-86.71537000000001">
    <ele>265.04</ele>
   </trkpt>
   <trkpt lat="46.36272" lon="-86.71513">
    <ele>265.13000000000005</ele>
   </trkpt>
   <trkpt lat="46.363040000000005" lon="-86.71483">
    <ele>265.04</ele>
   </trkpt>
   <trkpt lat="46.363240000000005" lon="-86.71469">
    <ele>265.05</ele>
   </trkpt>
   <trkpt lat="46.3635" lon="-86.71442">
    <ele>265.19000000000005</ele>
   </trkpt>
   <trkpt lat="46.363620000000004" lon="-86.71425">
    <ele>265.08000000000004</ele>
   </trkpt>
   <trkpt lat="46.363670000000006" lon="-86.71398">
    <ele>265.05</ele>
   </trkpt>
   <trkpt lat="46.36368" lon="-86.71366">
    <ele>265.18</ele>
   </trkpt>
   <trkpt lat="46.363580000000006" lon="-86.71337000000001">
    <ele>265.14000000000004</ele>
   </trkpt>
   <trkpt lat="46.36354" lon="-86.71327000000001">
    <ele>264.96000000000004</ele>
   </trkpt>
   <trkpt lat="46.363670000000006" lon="-86.71313">
    <ele>264.56</ele>
   </trkpt>
   <trkpt lat="46.36343" lon="-86.71253">
    <ele>264.66</ele>
   </trkpt>
   <trkpt lat="46.36325" lon="-86.71249">
    <ele>264.83</ele>
   </trkpt>
   <trkpt lat="46.363130000000005" lon="-86.71258">
    <ele>264.78000000000003</ele>
   </trkpt>
   <trkpt lat="46.362970000000004" lon="-86.71263">
    <ele>265.06</ele>
   </trkpt>
   <trkpt lat="46.36280000000001" lon="-86.71264000000001">
    <ele>265.84000000000003</ele>
   </trkpt>
   <trkpt lat="46.362770000000005" lon="-86.71285">
    <ele>266.79</ele>
   </trkpt>
   <trkpt lat="46.362640000000006" lon="-86.71308">
    <ele>267.38</ele>
   </trkpt>
   <trkpt lat="46.3626" lon="-86.71336000000001">
    <ele>268.32</ele>
   </trkpt>
   <trkpt lat="46.362460000000006" lon="-86.71375">
    <ele>268.88</ele>
   </trkpt>
   <trkpt lat="46.36224000000001" lon="-86.71392">
    <ele>268.87</ele>
   </trkpt>
   <trkpt lat="46.362100000000005" lon="-86.71396">
    <ele>268.83</ele>
   </trkpt>
   <trkpt lat="46.36191" lon="-86.71396">
    <ele>268.16</ele>
   </trkpt>
   <trkpt lat="46.36173" lon="-86.71415">
    <ele>267.37</ele>
   </trkpt>
   <trkpt lat="46.361540000000005" lon="-86.7146">
    <ele>268.04</ele>
   </trkpt>
   <trkpt lat="46.361520000000006" lon="-86.71462000000001">
    <ele>268.12</ele>
   </trkpt>
   <trkpt lat="46.36146" lon="-86.71473">
    <ele>268.5</ele>
   </trkpt>
   <trkpt lat="46.36106" lon="-86.71491">
    <ele>270.26</ele>
   </trkpt>
   <trkpt lat="46.360820000000004" lon="-86.7149">
    <ele>271.85</ele>
   </trkpt>
   <trkpt lat="46.360600000000005" lon="-86.71499">
    <ele>272.91</ele>
   </trkpt>
   <trkpt lat="46.360130000000005" lon="-86.71508">
    <ele>275.66</ele>
   </trkpt>
   <trkpt lat="46.359950000000005" lon="-86.71504">
    <ele>276.32</ele>
   </trkpt>
   <trkpt lat="46.35953000000001" lon="-86.71508">
    <ele>277.06</ele>
   </trkpt>
   <trkpt lat="46.3592" lon="-86.71522">
    <ele>277.90000000000003</ele>
   </trkpt>
   <trkpt lat="46.358850000000004" lon="-86.71531">
    <ele>279.46000000000004</ele>
   </trkpt>
   <trkpt lat="46.358520000000006" lon="-86.71553">
    <ele>280.23</ele>
   </trkpt>
   <trkpt lat="46.3584" lon="-86.71563">
    <ele>281.07000000000005</ele>
   </trkpt>
   <trkpt lat="46.358250000000005" lon="-86.71578000000001">
    <ele>280.98</ele>
   </trkpt>
   <trkpt lat="46.35793" lon="-86.71616">
    <ele>284.04</ele>
   </trkpt>
   <trkpt lat="46.35772" lon="-86.71652">
    <ele>285.85</ele>
   </trkpt>
   <trkpt lat="46.357510000000005" lon="-86.71705">
    <ele>289.58</ele>
   </trkpt>
   <trkpt lat="46.35728" lon="-86.71728">
    <ele>291.24</ele>
   </trkpt>
   <trkpt lat="46.35699" lon="-86.71746">
    <ele>293.98</ele>
   </trkpt>
   <trkpt lat="46.35678" lon="-86.71752000000001">
    <ele>296.93</ele>
   </trkpt>
   <trkpt lat="46.356590000000004" lon="-86.71751">
    <ele>299.4</ele>
   </trkpt>
   <trkpt lat="46.35614" lon="-86.71743000000001">
    <ele>303.89000000000004</ele>
   </trkpt>
   <trkpt lat="46.35568000000001" lon="-86.71751">
    <ele>308.43</ele>
   </trkpt>
   <trkpt lat="46.3556" lon="-86.7175">
    <ele>308.8</ele>
   </trkpt>
   <trkpt lat="46.35553" lon="-86.71746">
    <ele>308.79</ele>
   </trkpt>
   <trkpt lat="46.355250000000005" lon="-86.71687">
    <ele>308.37</ele>
   </trkpt>
   <trkpt lat="46.35521000000001" lon="-86.71674">
    <ele>308.33000000000004</ele>
   </trkpt>
   <trkpt lat="46.35511" lon="-86.71651000000001">
    <ele>307.96</ele>
   </trkpt>
   <trkpt lat="46.35504" lon="-86.71639">
    <ele>308.00000000000006</ele>
   </trkpt>
   <trkpt lat="46.354820000000004" lon="-86.71622">
    <ele>307.99</ele>
   </trkpt>
   <trkpt lat="46.35436000000001" lon="-86.71604">
    <ele>307.66</ele>
   </trkpt>
   <trkpt lat="46.35417" lon="-86.71594">
    <ele>307.61000000000007</ele>
   </trkpt>
   <trkpt lat="46.35398000000001" lon="-86.71583000000001">
    <ele>307.64000000000004</ele>
   </trkpt>
   <trkpt lat="46.35338000157022" lon="-86.71642500650537">
    <ele>307.62</ele>
   </trkpt>
   <trkpt lat="46.35278" lon="-86.71702">
    <ele>306.68</ele>
   </trkpt>
   <trkpt lat="46.35278" lon="-86.71703000000001">
    <ele>306.68</ele>
   </trkpt>
   <trkpt lat="46.3526" lon="-86.7172">
    <ele>306.76000000000005</ele>
   </trkpt>
   <trkpt lat="46.35230000000001" lon="-86.71759">
    <ele>308.00000000000006</ele>
   </trkpt>
   <trkpt lat="46.35183000532875" lon="-86.7183700133732">
    <ele>308.95</ele>
   </trkpt>
   <trkpt lat="46.35136000535404" lon="-86.71915001333106">
    <ele>314.0</ele>
   </trkpt>
   <trkpt lat="46.35089000000001" lon="-86.71993">
    <ele>314.63</ele>
   </trkpt>
   <trkpt lat="46.350660000000005" lon="-86.72024">
    <ele>314.68</ele>
   </trkpt>
   <trkpt lat="46.349843333345525" lon="-86.72026000059743">
    <ele>314.08000000000004</ele>
   </trkpt>
   <trkpt lat="46.34902666668754" lon="-86.72028000059723">
    <ele>313.25</ele>
   </trkpt>
   <trkpt lat="46.34821" lon="-86.72030000000001">
    <ele>312.37</ele>
   </trkpt>
   <trkpt lat="46.347590000000004" lon="-86.72032">
    <ele>312.09000000000003</ele>
   </trkpt>
   <trkpt lat="46.347640002215364" lon="-86.72103499916265">
    <ele>312.1</ele>
   </trkpt>
   <trkpt lat="46.34769000000001" lon="-86.72175">
    <ele>312.31</ele>
   </trkpt>
   <trkpt lat="46.34769500385166" lon="-86.72269000000654">
    <ele>313.14000000000004</ele>
   </trkpt>
   <trkpt lat="46.3477" lon="-86.72363">
    <ele>313.67</ele>
   </trkpt>
   <trkpt lat="46.34776" lon="-86.72427">
    <ele>313.82000000000005</ele>
   </trkpt>
   <trkpt lat="46.347770000000004" lon="-86.72475">
    <ele>314.39</ele>
   </trkpt>
   <trkpt lat="46.347710000000006" lon="-86.72503">
    <ele>314.65000000000003</ele>
   </trkpt>
   <trkpt lat="46.3477" lon="-86.72515000000001">
    <ele>314.65000000000003</ele>
   </trkpt>
  </trkseg>
 </trk>
</gpx>
