<?xml version="1.0" encoding="UTF-8"?>
<gpx creator="StravaGPX" version="1.1" xmlns="http://www.topografix.com/GPX/1/1" xmlns:xsi="http://www.w3.org/2001/XMLSchema-instance" xsi:schemaLocation="http://www.topografix.com/GPX/1/1 http://www.topografix.com/GPX/1/1/gpx.xsd">
 <metadata>
  <name>Hiawatha's Revenge 100 (alt start)</name>
  <author>
   <name>jamison sheppard</name>
   <link href="https://www.strava.com/athletes/2262684"/>
  </author>
  <copyright author="OpenStreetMap contributors">
   <year>2020</year>
   <license>https://www.openstreetmap.org/copyright</license>
  </copyright>
  <link href="https://www.strava.com/routes/3495443524435442658"/>
 </metadata>
 <trk>
  <name>Hiawatha's Revenge 100 (alt start)</name>
  <link href="https://www.strava.com/routes/3495443524435442658"/>
  <type>cycling</type>
  <trkseg>
   <trkpt lat="46.3477" lon="-86.72510000000001">
    <ele>314.61</ele>
   </trkpt>
   <trkpt lat="46.347710000000006" lon="-86.72503">
    <ele>314.61</ele>
   </trkpt>
   <trkpt lat="46.347770000000004" lon="-86.72475">
    <ele>314.39</ele>
   </trkpt>
   <trkpt lat="46.34776" lon="-86.72427">
    <ele>313.82000000000005</ele>
   </trkpt>
   <trkpt lat="46.3477" lon="-86.72363">
    <ele>313.67</ele>
   </trkpt>
   <trkpt lat="46.34769500385068" lon="-86.7226899998215">
    <ele>313.14000000000004</ele>
   </trkpt>
   <trkpt lat="46.34769000000001" lon="-86.72175">
    <ele>312.31</ele>
   </trkpt>
   <trkpt lat="46.34764000224099" lon="-86.72103499952932">
    <ele>312.1</ele>
   </trkpt>
   <trkpt lat="46.347590000000004" lon="-86.72032">
    <ele>312.09000000000003</ele>
   </trkpt>
   <trkpt lat="46.34722000000001" lon="-86.72028">
    <ele>311.66</ele>
   </trkpt>
   <trkpt lat="46.346520000080105" lon="-86.72034500082663">
    <ele>311.53000000000003</ele>
   </trkpt>
   <trkpt lat="46.34582" lon="-86.72041">
    <ele>311.06</ele>
   </trkpt>
   <trkpt lat="46.345150000000004" lon="-86.72041">
    <ele>310.8</ele>
   </trkpt>
   <trkpt lat="46.34432" lon="-86.72046">
    <ele>309.64000000000004</ele>
   </trkpt>
   <trkpt lat="46.34404000000001" lon="-86.72038">
    <ele>309.64000000000004</ele>
   </trkpt>
   <trkpt lat="46.34376" lon="-86.72047">
    <ele>309.03000000000003</ele>
   </trkpt>
   <trkpt lat="46.343410000000006" lon="-86.72047">
    <ele>308.88000000000005</ele>
   </trkpt>
   <trkpt lat="46.34333" lon="-86.72042">
    <ele>308.75</ele>
   </trkpt>
   <trkpt lat="46.34324" lon="-86.72052000000001">
    <ele>308.76000000000005</ele>
   </trkpt>
   <trkpt lat="46.34290000000001" lon="-86.72059">
    <ele>308.53000000000003</ele>
   </trkpt>
   <trkpt lat="46.34233000016808" lon="-86.720605000152">
    <ele>308.12</ele>
   </trkpt>
   <trkpt lat="46.34176" lon="-86.72062000000001">
    <ele>307.46</ele>
   </trkpt>
   <trkpt lat="46.34118" lon="-86.72056">
    <ele>306.61000000000007</ele>
   </trkpt>
   <trkpt lat="46.3406249999909" lon="-86.72052999969478">
    <ele>305.78000000000003</ele>
   </trkpt>
   <trkpt lat="46.340070000000004" lon="-86.7205">
    <ele>305.25</ele>
   </trkpt>
   <trkpt lat="46.340076583797135" lon="-86.71922588477834">
    <ele>304.59000000000003</ele>
   </trkpt>
   <trkpt lat="46.34008315344318" lon="-86.71795176925019">
    <ele>304.22</ele>
   </trkpt>
   <trkpt lat="46.34008970893816" lon="-86.71667765341618">
    <ele>303.31</ele>
   </trkpt>
   <trkpt lat="46.34009625028203" lon="-86.71540353727698">
    <ele>302.52</ele>
   </trkpt>
   <trkpt lat="46.34010277747481" lon="-86.71412942083326">
    <ele>301.85</ele>
   </trkpt>
   <trkpt lat="46.340109290516494" lon="-86.71285530408564">
    <ele>300.86</ele>
   </trkpt>
   <trkpt lat="46.34011578940704" lon="-86.71158118703481">
    <ele>301.67</ele>
   </trkpt>
   <trkpt lat="46.340122274146495" lon="-86.71030706968142">
    <ele>301.66</ele>
   </trkpt>
   <trkpt lat="46.340128744734805" lon="-86.70903295202615">
    <ele>301.67</ele>
   </trkpt>
   <trkpt lat="46.34013520117199" lon="-86.70775883406962">
    <ele>301.4</ele>
   </trkpt>
   <trkpt lat="46.34014164345805" lon="-86.70648471581254">
    <ele>300.87</ele>
   </trkpt>
   <trkpt lat="46.34014807159293" lon="-86.70521059725552">
    <ele>300.31</ele>
   </trkpt>
   <trkpt lat="46.34015448557668" lon="-86.70393647839924">
    <ele>300.14</ele>
   </trkpt>
   <trkpt lat="46.34016088540926" lon="-86.70266235924437">
    <ele>300.33000000000004</ele>
   </trkpt>
   <trkpt lat="46.34016727109069" lon="-86.70138823979156">
    <ele>300.22</ele>
   </trkpt>
   <trkpt lat="46.34017364262094" lon="-86.70011412004146">
    <ele>300.41</ele>
   </trkpt>
   <trkpt lat="46.340180000000004" lon="-86.69884">
    <ele>299.76000000000005</ele>
   </trkpt>
   <trkpt lat="46.34015" lon="-86.69776">
    <ele>299.37</ele>
   </trkpt>
   <trkpt lat="46.34004401951643" lon="-86.69670199180727">
    <ele>299.17</ele>
   </trkpt>
   <trkpt lat="46.33993802927513" lon="-86.69564398771625">
    <ele>297.50000000000006</ele>
   </trkpt>
   <trkpt lat="46.3398320292762" lon="-86.69458598772727">
    <ele>292.65000000000003</ele>
   </trkpt>
   <trkpt lat="46.3397260195197" lon="-86.69352799184065">
    <ele>290.93</ele>
   </trkpt>
   <trkpt lat="46.339620000000004" lon="-86.69247">
    <ele>289.55</ele>
   </trkpt>
   <trkpt lat="46.33954000000001" lon="-86.69187000000001">
    <ele>289.53000000000003</ele>
   </trkpt>
   <trkpt lat="46.339470003120915" lon="-86.69102499902455">
    <ele>290.25</ele>
   </trkpt>
   <trkpt lat="46.339400000000005" lon="-86.69018000000001">
    <ele>289.48</ele>
   </trkpt>
   <trkpt lat="46.339415004098086" lon="-86.68921000045214">
    <ele>288.69</ele>
   </trkpt>
   <trkpt lat="46.33943000000001" lon="-86.68824000000001">
    <ele>289.08</ele>
   </trkpt>
   <trkpt lat="46.339400000000005" lon="-86.68747">
    <ele>288.90999999999997</ele>
   </trkpt>
   <trkpt lat="46.339290000000005" lon="-86.68679">
    <ele>288.86</ele>
   </trkpt>
   <trkpt lat="46.339270000000006" lon="-86.68639">
    <ele>288.44</ele>
   </trkpt>
   <trkpt lat="46.33928" lon="-86.68622">
    <ele>287.89000000000004</ele>
   </trkpt>
   <trkpt lat="46.339330000000004" lon="-86.68598">
    <ele>287.6</ele>
   </trkpt>
   <trkpt lat="46.33952000170075" lon="-86.6853550021778">
    <ele>287.29</ele>
   </trkpt>
   <trkpt lat="46.339710000000004" lon="-86.68473">
    <ele>287.90000000000003</ele>
   </trkpt>
   <trkpt lat="46.33977" lon="-86.68424">
    <ele>289.02</ele>
   </trkpt>
   <trkpt lat="46.33994001152547" lon="-86.68309000717072">
    <ele>290.95000000000005</ele>
   </trkpt>
   <trkpt lat="46.34011001152262" lon="-86.6819400071901">
    <ele>290.45000000000005</ele>
   </trkpt>
   <trkpt lat="46.34028000000001" lon="-86.68079">
    <ele>289.81</ele>
   </trkpt>
   <trkpt lat="46.34037500275576" lon="-86.6799950013726">
    <ele>292.48</ele>
   </trkpt>
   <trkpt lat="46.34047" lon="-86.67920000000001">
    <ele>295.23</ele>
   </trkpt>
   <trkpt lat="46.340450000000004" lon="-86.67869">
    <ele>296.21000000000004</ele>
   </trkpt>
   <trkpt lat="46.34033" lon="-86.67819">
    <ele>296.34000000000003</ele>
   </trkpt>
   <trkpt lat="46.33988145413394" lon="-86.67720137992161">
    <ele>295.24</ele>
   </trkpt>
   <trkpt lat="46.33943289974818" lon="-86.67621277606372">
    <ele>290.74</ele>
   </trkpt>
   <trkpt lat="46.338984336843005" lon="-86.67522418842607">
    <ele>288.94</ele>
   </trkpt>
   <trkpt lat="46.3385357654187" lon="-86.67423561700849">
    <ele>289.96000000000004</ele>
   </trkpt>
   <trkpt lat="46.3380871854755" lon="-86.67324706181077">
    <ele>287.39000000000004</ele>
   </trkpt>
   <trkpt lat="46.33763859701372" lon="-86.67225852283269">
    <ele>286.99</ele>
   </trkpt>
   <trkpt lat="46.33719000000001" lon="-86.67127">
    <ele>290.51000000000005</ele>
   </trkpt>
   <trkpt lat="46.337" lon="-86.67078000000001">
    <ele>291.27000000000004</ele>
   </trkpt>
   <trkpt lat="46.336858606617454" lon="-86.66961998199363">
    <ele>288.56000000000006</ele>
   </trkpt>
   <trkpt lat="46.33671720150482" lon="-86.66845996998644">
    <ele>288.58</ele>
   </trkpt>
   <trkpt lat="46.336575784662195" lon="-86.66729996397885">
    <ele>291.69</ele>
   </trkpt>
   <trkpt lat="46.33643435608971" lon="-86.66613996397132">
    <ele>290.04</ele>
   </trkpt>
   <trkpt lat="46.336292915787496" lon="-86.66497996996428">
    <ele>288.72</ele>
   </trkpt>
   <trkpt lat="46.33615146375565" lon="-86.66381998195817">
    <ele>291.75</ele>
   </trkpt>
   <trkpt lat="46.33601" lon="-86.66266">
    <ele>293.88000000000005</ele>
   </trkpt>
   <trkpt lat="46.33586334732713" lon="-86.66139332660424">
    <ele>293.24</ele>
   </trkpt>
   <trkpt lat="46.33571668066798" lon="-86.66012666000273">
    <ele>292.47</ele>
   </trkpt>
   <trkpt lat="46.335570000000004" lon="-86.65886">
    <ele>292.84000000000003</ele>
   </trkpt>
   <trkpt lat="46.335440000000006" lon="-86.65836">
    <ele>292.82</ele>
   </trkpt>
   <trkpt lat="46.33525" lon="-86.65796">
    <ele>292.39000000000004</ele>
   </trkpt>
   <trkpt lat="46.33491" lon="-86.6576">
    <ele>290.59000000000003</ele>
   </trkpt>
   <trkpt lat="46.33473" lon="-86.65746">
    <ele>289.67</ele>
   </trkpt>
   <trkpt lat="46.334740000000004" lon="-86.65747">
    <ele>289.67</ele>
   </trkpt>
   <trkpt lat="46.33418500044685" lon="-86.65715499681136">
    <ele>287.53000000000003</ele>
   </trkpt>
   <trkpt lat="46.33363000000001" lon="-86.65684">
    <ele>288.78000000000003</ele>
   </trkpt>
   <trkpt lat="46.333490000000005" lon="-86.65675">
    <ele>289.40999999999997</ele>
   </trkpt>
   <trkpt lat="46.33337" lon="-86.65661">
    <ele>289.72</ele>
   </trkpt>
   <trkpt lat="46.33316000000001" lon="-86.65631">
    <ele>290.26</ele>
   </trkpt>
   <trkpt lat="46.33243" lon="-86.65661">
    <ele>286.52</ele>
   </trkpt>
   <trkpt lat="46.331630001018695" lon="-86.65689001228903">
    <ele>288.56000000000006</ele>
   </trkpt>
   <trkpt lat="46.3308300013539" lon="-86.65717001638657">
    <ele>289.84999999999997</ele>
   </trkpt>
   <trkpt lat="46.33003000100568" lon="-86.6574500122931">
    <ele>291.79</ele>
   </trkpt>
   <trkpt lat="46.32923" lon="-86.65773">
    <ele>291.78000000000003</ele>
   </trkpt>
   <trkpt lat="46.32837333390245" lon="-86.6579833412656">
    <ele>289.71000000000004</ele>
   </trkpt>
   <trkpt lat="46.327516667245426" lon="-86.65823667459593">
    <ele>287.99</ele>
   </trkpt>
   <trkpt lat="46.326660000000004" lon="-86.65849">
    <ele>286.90999999999997</ele>
   </trkpt>
   <trkpt lat="46.32598" lon="-86.65873">
    <ele>288.14</ele>
   </trkpt>
   <trkpt lat="46.3252966668717" lon="-86.65889667083948">
    <ele>289.05</ele>
   </trkpt>
   <trkpt lat="46.32461333350127" lon="-86.65906333751512">
    <ele>289.03000000000003</ele>
   </trkpt>
   <trkpt lat="46.323930000000004" lon="-86.65923000000001">
    <ele>289.95000000000005</ele>
   </trkpt>
   <trkpt lat="46.32303750030142" lon="-86.6593300114196">
    <ele>289.66</ele>
   </trkpt>
   <trkpt lat="46.32214500051565" lon="-86.65943001957615">
    <ele>288.89000000000004</ele>
   </trkpt>
   <trkpt lat="46.3212525006427" lon="-86.65953002446989">
    <ele>288.0</ele>
   </trkpt>
   <trkpt lat="46.320360000682555" lon="-86.659630026101">
    <ele>286.46000000000004</ele>
   </trkpt>
   <trkpt lat="46.31946750063526" lon="-86.65973002446965">
    <ele>284.21000000000004</ele>
   </trkpt>
   <trkpt lat="46.31857500050077" lon="-86.65983001957615">
    <ele>281.82</ele>
   </trkpt>
   <trkpt lat="46.31768250027915" lon="-86.65993001142064">
    <ele>282.42</ele>
   </trkpt>
   <trkpt lat="46.316790000000005" lon="-86.66003">
    <ele>282.55</ele>
   </trkpt>
   <trkpt lat="46.316720000000004" lon="-86.66011">
    <ele>282.52000000000004</ele>
   </trkpt>
   <trkpt lat="46.31617000000001" lon="-86.66096">
    <ele>279.19000000000005</ele>
   </trkpt>
   <trkpt lat="46.31581000195805" lon="-86.66163000440507">
    <ele>277.69000000000005</ele>
   </trkpt>
   <trkpt lat="46.315450000000006" lon="-86.6623">
    <ele>276.49</ele>
   </trkpt>
   <trkpt lat="46.31497" lon="-86.66335000000001">
    <ele>270.89</ele>
   </trkpt>
   <trkpt lat="46.314773342695055" lon="-86.66438667415326">
    <ele>269.04</ele>
   </trkpt>
   <trkpt lat="46.314576676021595" lon="-86.66542334085565">
    <ele>271.90000000000003</ele>
   </trkpt>
   <trkpt lat="46.31438000000001" lon="-86.66646">
    <ele>275.84000000000003</ele>
   </trkpt>
   <trkpt lat="46.31429000000001" lon="-86.66671000000001">
    <ele>275.87</ele>
   </trkpt>
   <trkpt lat="46.314170000000004" lon="-86.66696">
    <ele>275.92</ele>
   </trkpt>
   <trkpt lat="46.31382000000001" lon="-86.66745">
    <ele>276.45000000000005</ele>
   </trkpt>
   <trkpt lat="46.31351" lon="-86.66774000000001">
    <ele>277.82</ele>
   </trkpt>
   <trkpt lat="46.313030000000005" lon="-86.66798">
    <ele>279.57000000000005</ele>
   </trkpt>
   <trkpt lat="46.31282" lon="-86.66804">
    <ele>279.85</ele>
   </trkpt>
   <trkpt lat="46.31251" lon="-86.66810000000001">
    <ele>279.55</ele>
   </trkpt>
   <trkpt lat="46.31173499999698" lon="-86.66810750031865">
    <ele>281.64</ele>
   </trkpt>
   <trkpt lat="46.310959999993464" lon="-86.66811500042488">
    <ele>279.25</ele>
   </trkpt>
   <trkpt lat="46.31018499998945" lon="-86.6681225003187">
    <ele>281.69</ele>
   </trkpt>
   <trkpt lat="46.30941000000001" lon="-86.66813">
    <ele>280.08</ele>
   </trkpt>
   <trkpt lat="46.308610000111436" lon="-86.66797999781019">
    <ele>279.31</ele>
   </trkpt>
   <trkpt lat="46.30781" lon="-86.66783000000001">
    <ele>278.13000000000005</ele>
   </trkpt>
   <trkpt lat="46.30719333344456" lon="-86.66773333116002">
    <ele>278.39000000000004</ele>
   </trkpt>
   <trkpt lat="46.306576666807636" lon="-86.66763666449805">
    <ele>277.29</ele>
   </trkpt>
   <trkpt lat="46.305960000000006" lon="-86.66754">
    <ele>275.0</ele>
   </trkpt>
   <trkpt lat="46.305620000000005" lon="-86.66755">
    <ele>274.72</ele>
   </trkpt>
   <trkpt lat="46.30529000000001" lon="-86.66760000000001">
    <ele>275.06</ele>
   </trkpt>
   <trkpt lat="46.30466000027175" lon="-86.66777000191705">
    <ele>272.71</ele>
   </trkpt>
   <trkpt lat="46.304030000000004" lon="-86.66794">
    <ele>272.07000000000005</ele>
   </trkpt>
   <trkpt lat="46.303225000115106" lon="-86.66812000265257">
    <ele>274.61</ele>
   </trkpt>
   <trkpt lat="46.302420000000005" lon="-86.6683">
    <ele>274.53</ele>
   </trkpt>
   <trkpt lat="46.3017433339387" lon="-86.66857000668602">
    <ele>275.01000000000005</ele>
   </trkpt>
   <trkpt lat="46.30106666724188" lon="-86.66884000669795">
    <ele>277.28000000000003</ele>
   </trkpt>
   <trkpt lat="46.30039000000001" lon="-86.66911">
    <ele>277.22</ele>
   </trkpt>
   <trkpt lat="46.299670000000006" lon="-86.66946">
    <ele>276.98</ele>
   </trkpt>
   <trkpt lat="46.2989200008311" lon="-86.66977334192734">
    <ele>276.85</ele>
   </trkpt>
   <trkpt lat="46.29817000080628" lon="-86.67008667527088">
    <ele>276.25</ele>
   </trkpt>
   <trkpt lat="46.29742" lon="-86.6704">
    <ele>275.96000000000004</ele>
   </trkpt>
   <trkpt lat="46.29699" lon="-86.67054">
    <ele>275.46000000000004</ele>
   </trkpt>
   <trkpt lat="46.29668" lon="-86.67058">
    <ele>275.09</ele>
   </trkpt>
   <trkpt lat="46.29581" lon="-86.67074000000001">
    <ele>273.76</ele>
   </trkpt>
   <trkpt lat="46.29503200029704" lon="-86.67087000738704">
    <ele>274.48</ele>
   </trkpt>
   <trkpt lat="46.294254000446735" lon="-86.67100001108017">
    <ele>273.94</ele>
   </trkpt>
   <trkpt lat="46.2934760004491" lon="-86.67113001107958">
    <ele>273.37</ele>
   </trkpt>
   <trkpt lat="46.29269800030412" lon="-86.67126000738546">
    <ele>272.94</ele>
   </trkpt>
   <trkpt lat="46.291920000000005" lon="-86.67139">
    <ele>272.5</ele>
   </trkpt>
   <trkpt lat="46.29144" lon="-86.67151000000001">
    <ele>272.1</ele>
   </trkpt>
   <trkpt lat="46.29142" lon="-86.67135">
    <ele>272.49</ele>
   </trkpt>
   <trkpt lat="46.291340000000005" lon="-86.67127">
    <ele>272.6</ele>
   </trkpt>
   <trkpt lat="46.291290000000004" lon="-86.67116">
    <ele>272.58000000000004</ele>
   </trkpt>
   <trkpt lat="46.291230000000006" lon="-86.67099">
    <ele>272.73</ele>
   </trkpt>
   <trkpt lat="46.29111" lon="-86.6705">
    <ele>272.76</ele>
   </trkpt>
   <trkpt lat="46.290780000000005" lon="-86.67067">
    <ele>272.14000000000004</ele>
   </trkpt>
   <trkpt lat="46.29061" lon="-86.66988">
    <ele>270.35</ele>
   </trkpt>
   <trkpt lat="46.29048" lon="-86.66953000000001">
    <ele>269.95000000000005</ele>
   </trkpt>
   <trkpt lat="46.2903" lon="-86.66921">
    <ele>269.57000000000005</ele>
   </trkpt>
   <trkpt lat="46.289895001741456" lon="-86.66857999535938">
    <ele>270.84000000000003</ele>
   </trkpt>
   <trkpt lat="46.28949" lon="-86.66795">
    <ele>270.88</ele>
   </trkpt>
   <trkpt lat="46.289120000000004" lon="-86.66722">
    <ele>270.41</ele>
   </trkpt>
   <trkpt lat="46.28884000221739" lon="-86.66650499631695">
    <ele>270.32</ele>
   </trkpt>
   <trkpt lat="46.288560000000004" lon="-86.66579">
    <ele>269.56</ele>
   </trkpt>
   <trkpt lat="46.288230006881356" lon="-86.6648999892114">
    <ele>268.98</ele>
   </trkpt>
   <trkpt lat="46.28790000685724" lon="-86.6640099891465">
    <ele>270.59</ele>
   </trkpt>
   <trkpt lat="46.28757" lon="-86.66312">
    <ele>270.45000000000005</ele>
   </trkpt>
   <trkpt lat="46.28730000199687" lon="-86.66244499669997">
    <ele>270.09</ele>
   </trkpt>
   <trkpt lat="46.28703" lon="-86.66177">
    <ele>267.62</ele>
   </trkpt>
   <trkpt lat="46.28669000000001" lon="-86.66109">
    <ele>265.32</ele>
   </trkpt>
   <trkpt lat="46.286570000000005" lon="-86.66087">
    <ele>265.19000000000005</ele>
   </trkpt>
   <trkpt lat="46.2864" lon="-86.66066000000001">
    <ele>265.43</ele>
   </trkpt>
   <trkpt lat="46.286100000000005" lon="-86.66034">
    <ele>267.27</ele>
   </trkpt>
   <trkpt lat="46.28546000165337" lon="-86.65971499265002">
    <ele>268.01000000000005</ele>
   </trkpt>
   <trkpt lat="46.28482" lon="-86.65909">
    <ele>264.45</ele>
   </trkpt>
   <trkpt lat="46.28433667008623" lon="-86.65846332227034">
    <ele>263.91</ele>
   </trkpt>
   <trkpt lat="46.28385333674878" lon="-86.6578366555985">
    <ele>262.93</ele>
   </trkpt>
   <trkpt lat="46.283370000000005" lon="-86.65721">
    <ele>265.09000000000003</ele>
   </trkpt>
   <trkpt lat="46.28293" lon="-86.65657">
    <ele>265.57000000000005</ele>
   </trkpt>
   <trkpt lat="46.2828" lon="-86.65635">
    <ele>264.75000000000006</ele>
   </trkpt>
   <trkpt lat="46.28267" lon="-86.65608">
    <ele>263.37000000000006</ele>
   </trkpt>
   <trkpt lat="46.2824" lon="-86.65536">
    <ele>261.53000000000003</ele>
   </trkpt>
   <trkpt lat="46.28196500464223" lon="-86.65432999186427">
    <ele>263.05</ele>
   </trkpt>
   <trkpt lat="46.281530000000004" lon="-86.6533">
    <ele>263.39</ele>
   </trkpt>
   <trkpt lat="46.28123333857826" lon="-86.65252332488626">
    <ele>263.75000000000006</ele>
   </trkpt>
   <trkpt lat="46.2809366718977" lon="-86.65174665818336">
    <ele>264.5</ele>
   </trkpt>
   <trkpt lat="46.280640000000005" lon="-86.65097">
    <ele>264.93</ele>
   </trkpt>
   <trkpt lat="46.280190000000005" lon="-86.6499">
    <ele>265.27</ele>
   </trkpt>
   <trkpt lat="46.279900000000005" lon="-86.64946">
    <ele>265.15</ele>
   </trkpt>
   <trkpt lat="46.27940333663363" lon="-86.64884665557322">
    <ele>264.47</ele>
   </trkpt>
   <trkpt lat="46.27890666998769" lon="-86.64823332226564">
    <ele>264.62</ele>
   </trkpt>
   <trkpt lat="46.27841" lon="-86.64762">
    <ele>264.49</ele>
   </trkpt>
   <trkpt lat="46.278200000000005" lon="-86.64797">
    <ele>263.96000000000004</ele>
   </trkpt>
   <trkpt lat="46.2779" lon="-86.64829">
    <ele>261.85</ele>
   </trkpt>
   <trkpt lat="46.277770000000004" lon="-86.64838">
    <ele>261.85</ele>
   </trkpt>
   <trkpt lat="46.27740000000001" lon="-86.64842">
    <ele>261.06</ele>
   </trkpt>
   <trkpt lat="46.27683500026898" lon="-86.64839999980325">
    <ele>260.97</ele>
   </trkpt>
   <trkpt lat="46.276270000000004" lon="-86.64838">
    <ele>259.92</ele>
   </trkpt>
   <trkpt lat="46.275740000000006" lon="-86.64826000000001">
    <ele>259.18</ele>
   </trkpt>
   <trkpt lat="46.275420000000004" lon="-86.64817000000001">
    <ele>259.43</ele>
   </trkpt>
   <trkpt lat="46.27517" lon="-86.64815">
    <ele>260.01</ele>
   </trkpt>
   <trkpt lat="46.27501" lon="-86.64816">
    <ele>260.01</ele>
   </trkpt>
   <trkpt lat="46.27481" lon="-86.64825">
    <ele>260.01</ele>
   </trkpt>
   <trkpt lat="46.27463" lon="-86.64842">
    <ele>260.64000000000004</ele>
   </trkpt>
   <trkpt lat="46.27451000000001" lon="-86.64855">
    <ele>260.64000000000004</ele>
   </trkpt>
   <trkpt lat="46.274420000000006" lon="-86.64869">
    <ele>260.78000000000003</ele>
   </trkpt>
   <trkpt lat="46.27406000492365" lon="-86.64944000981238">
    <ele>261.73</ele>
   </trkpt>
   <trkpt lat="46.27370000494334" lon="-86.65019000977121">
    <ele>260.40000000000003</ele>
   </trkpt>
   <trkpt lat="46.273340000000005" lon="-86.65094">
    <ele>259.18</ele>
   </trkpt>
   <trkpt lat="46.27311" lon="-86.6513">
    <ele>258.70000000000005</ele>
   </trkpt>
   <trkpt lat="46.272960000000005" lon="-86.65147">
    <ele>258.12</ele>
   </trkpt>
   <trkpt lat="46.272360000000006" lon="-86.65178">
    <ele>254.07000000000002</ele>
   </trkpt>
   <trkpt lat="46.271710000000006" lon="-86.65196">
    <ele>253.57000000000002</ele>
   </trkpt>
   <trkpt lat="46.271530000000006" lon="-86.65196">
    <ele>254.72</ele>
   </trkpt>
   <trkpt lat="46.27094" lon="-86.65183">
    <ele>258.39</ele>
   </trkpt>
   <trkpt lat="46.27073" lon="-86.65172000000001">
    <ele>259.43</ele>
   </trkpt>
   <trkpt lat="46.27038" lon="-86.65169">
    <ele>259.81000000000006</ele>
   </trkpt>
   <trkpt lat="46.270140000000005" lon="-86.6517">
    <ele>260.07</ele>
   </trkpt>
   <trkpt lat="46.26990000000001" lon="-86.65187">
    <ele>260.65000000000003</ele>
   </trkpt>
   <trkpt lat="46.26975" lon="-86.652">
    <ele>260.87000000000006</ele>
   </trkpt>
   <trkpt lat="46.26955" lon="-86.65232">
    <ele>261.12</ele>
   </trkpt>
   <trkpt lat="46.269180006789874" lon="-86.65320334528917">
    <ele>261.06</ele>
   </trkpt>
   <trkpt lat="46.26881000677713" lon="-86.65408667865277">
    <ele>260.21</ele>
   </trkpt>
   <trkpt lat="46.268440000000005" lon="-86.65497">
    <ele>259.82</ele>
   </trkpt>
   <trkpt lat="46.26820000000001" lon="-86.65551">
    <ele>259.96000000000004</ele>
   </trkpt>
   <trkpt lat="46.267970000000005" lon="-86.65585">
    <ele>259.96000000000004</ele>
   </trkpt>
   <trkpt lat="46.26758" lon="-86.65625">
    <ele>260.18</ele>
   </trkpt>
   <trkpt lat="46.26696666918613" lon="-86.656790012104">
    <ele>259.32</ele>
   </trkpt>
   <trkpt lat="46.26635333583001" lon="-86.65733001212385">
    <ele>255.62</ele>
   </trkpt>
   <trkpt lat="46.26574" lon="-86.65787">
    <ele>253.15000000000003</ele>
   </trkpt>
   <trkpt lat="46.265126669335636" lon="-86.65731665428483">
    <ele>251.82000000000005</ele>
   </trkpt>
   <trkpt lat="46.26451333600191" lon="-86.65676332095133">
    <ele>254.5</ele>
   </trkpt>
   <trkpt lat="46.26390000000001" lon="-86.65621">
    <ele>256.23</ele>
   </trkpt>
   <trkpt lat="46.263780000000004" lon="-86.65608">
    <ele>256.61</ele>
   </trkpt>
   <trkpt lat="46.26379000000001" lon="-86.65609">
    <ele>256.61</ele>
   </trkpt>
   <trkpt lat="46.26368" lon="-86.65583000000001">
    <ele>257.52000000000004</ele>
   </trkpt>
   <trkpt lat="46.26355334659215" lon="-86.65459666094314">
    <ele>256.8</ele>
   </trkpt>
   <trkpt lat="46.26342667992293" lon="-86.6533633275852">
    <ele>253.67</ele>
   </trkpt>
   <trkpt lat="46.2633" lon="-86.65213000000001">
    <ele>254.69000000000003</ele>
   </trkpt>
   <trkpt lat="46.262950000000004" lon="-86.65107">
    <ele>255.95000000000002</ele>
   </trkpt>
   <trkpt lat="46.26286" lon="-86.65075">
    <ele>256.01</ele>
   </trkpt>
   <trkpt lat="46.26283" lon="-86.65052">
    <ele>256.09000000000003</ele>
   </trkpt>
   <trkpt lat="46.26277500731203" lon="-86.64922499874164">
    <ele>256.14000000000004</ele>
   </trkpt>
   <trkpt lat="46.26272" lon="-86.64793">
    <ele>255.8</ele>
   </trkpt>
   <trkpt lat="46.26279" lon="-86.64769000000001">
    <ele>255.41000000000003</ele>
   </trkpt>
   <trkpt lat="46.2629" lon="-86.64748">
    <ele>255.21000000000004</ele>
   </trkpt>
   <trkpt lat="46.263305000978775" lon="-86.6470300032176">
    <ele>253.71000000000004</ele>
   </trkpt>
   <trkpt lat="46.26371" lon="-86.64658">
    <ele>254.01000000000002</ele>
   </trkpt>
   <trkpt lat="46.263870000000004" lon="-86.64632">
    <ele>255.5</ele>
   </trkpt>
   <trkpt lat="46.264410000000005" lon="-86.6453">
    <ele>255.73000000000002</ele>
   </trkpt>
   <trkpt lat="46.26491500203326" lon="-86.64461000641374">
    <ele>258.41</ele>
   </trkpt>
   <trkpt lat="46.265420000000006" lon="-86.64392000000001">
    <ele>260.28000000000003</ele>
   </trkpt>
   <trkpt lat="46.26576500128963" lon="-86.64337000350764">
    <ele>260.37000000000006</ele>
   </trkpt>
   <trkpt lat="46.266110000000005" lon="-86.64282">
    <ele>261.11</ele>
   </trkpt>
   <trkpt lat="46.26633" lon="-86.64243">
    <ele>260.86</ele>
   </trkpt>
   <trkpt lat="46.26657" lon="-86.64176">
    <ele>260.23</ele>
   </trkpt>
   <trkpt lat="46.26663500220805" lon="-86.64105000072554">
    <ele>259.58000000000004</ele>
   </trkpt>
   <trkpt lat="46.26670000000001" lon="-86.64034000000001">
    <ele>258.43000000000006</ele>
   </trkpt>
   <trkpt lat="46.26679" lon="-86.63991">
    <ele>258.11</ele>
   </trkpt>
   <trkpt lat="46.267010000000006" lon="-86.63908">
    <ele>258.38</ele>
   </trkpt>
   <trkpt lat="46.267120000000006" lon="-86.63854">
    <ele>259.27</ele>
   </trkpt>
   <trkpt lat="46.267160000000004" lon="-86.63826">
    <ele>259.49</ele>
   </trkpt>
   <trkpt lat="46.26717000000001" lon="-86.63791">
    <ele>258.83</ele>
   </trkpt>
   <trkpt lat="46.26713" lon="-86.6375">
    <ele>258.18</ele>
   </trkpt>
   <trkpt lat="46.267010000000006" lon="-86.63714">
    <ele>257.75000000000006</ele>
   </trkpt>
   <trkpt lat="46.26675" lon="-86.63648">
    <ele>257.23</ele>
   </trkpt>
   <trkpt lat="46.266385004257536" lon="-86.63549499351768">
    <ele>257.15999999999997</ele>
   </trkpt>
   <trkpt lat="46.266020000000005" lon="-86.63451">
    <ele>257.17</ele>
   </trkpt>
   <trkpt lat="46.2659" lon="-86.63409">
    <ele>257.25000000000006</ele>
   </trkpt>
   <trkpt lat="46.26578000000001" lon="-86.63351">
    <ele>257.45</ele>
   </trkpt>
   <trkpt lat="46.26557000656249" lon="-86.63228499543078">
    <ele>257.51</ele>
   </trkpt>
   <trkpt lat="46.26536" lon="-86.63106">
    <ele>258.47</ele>
   </trkpt>
   <trkpt lat="46.26543" lon="-86.63078">
    <ele>258.42</ele>
   </trkpt>
   <trkpt lat="46.265530000000005" lon="-86.63056">
    <ele>258.38</ele>
   </trkpt>
   <trkpt lat="46.26577" lon="-86.63013000000001">
    <ele>258.15000000000003</ele>
   </trkpt>
   <trkpt lat="46.26607500103237" lon="-86.62965000262656">
    <ele>257.89</ele>
   </trkpt>
   <trkpt lat="46.266380000000005" lon="-86.62917">
    <ele>258.36</ele>
   </trkpt>
   <trkpt lat="46.26587666869512" lon="-86.62868999120434">
    <ele>257.20000000000005</ele>
   </trkpt>
   <trkpt lat="46.26537333538155" lon="-86.62820999122329">
    <ele>256.94</ele>
   </trkpt>
   <trkpt lat="46.26487" lon="-86.62773000000001">
    <ele>258.71</ele>
   </trkpt>
   <trkpt lat="46.264540000000004" lon="-86.62747">
    <ele>259.82</ele>
   </trkpt>
   <trkpt lat="46.26426000000001" lon="-86.62734">
    <ele>262.13000000000005</ele>
   </trkpt>
   <trkpt lat="46.26356250004637" lon="-86.6273775014298">
    <ele>265.17</ele>
   </trkpt>
   <trkpt lat="46.26286500008049" lon="-86.62741500190538">
    <ele>266.95</ele>
   </trkpt>
   <trkpt lat="46.26216750010233" lon="-86.62745250142673">
    <ele>266.95</ele>
   </trkpt>
   <trkpt lat="46.26147" lon="-86.62749000000001">
    <ele>267.19000000000005</ele>
   </trkpt>
   <trkpt lat="46.26131" lon="-86.62747">
    <ele>267.79</ele>
   </trkpt>
   <trkpt lat="46.26113" lon="-86.62738">
    <ele>268.05</ele>
   </trkpt>
   <trkpt lat="46.26065000488488" lon="-86.62663332029776">
    <ele>269.36</ele>
   </trkpt>
   <trkpt lat="46.26017000490918" lon="-86.62588665366907">
    <ele>270.98</ele>
   </trkpt>
   <trkpt lat="46.259690000000006" lon="-86.62514">
    <ele>270.82</ele>
   </trkpt>
   <trkpt lat="46.25958000000001" lon="-86.62489000000001">
    <ele>270.8</ele>
   </trkpt>
   <trkpt lat="46.25910000471721" lon="-86.62415332041417">
    <ele>269.42</ele>
   </trkpt>
   <trkpt lat="46.25862000470315" lon="-86.6234166537261">
    <ele>268.94</ele>
   </trkpt>
   <trkpt lat="46.258140000000004" lon="-86.62268">
    <ele>272.35</ele>
   </trkpt>
   <trkpt lat="46.25789" lon="-86.62209">
    <ele>271.51000000000005</ele>
   </trkpt>
   <trkpt lat="46.25768" lon="-86.62121">
    <ele>268.76</ele>
   </trkpt>
   <trkpt lat="46.25737" lon="-86.62049">
    <ele>269.33</ele>
   </trkpt>
   <trkpt lat="46.256767510482184" lon="-86.61959497050927">
    <ele>267.88</ele>
   </trkpt>
   <trkpt lat="46.256165013980514" lon="-86.61869996068609">
    <ele>269.15</ele>
   </trkpt>
   <trkpt lat="46.2555625104953" lon="-86.61780497052983">
    <ele>267.40000000000003</ele>
   </trkpt>
   <trkpt lat="46.254960000000004" lon="-86.61691">
    <ele>265.68</ele>
   </trkpt>
   <trkpt lat="46.25433000335969" lon="-86.61603498997898">
    <ele>263.59000000000003</ele>
   </trkpt>
   <trkpt lat="46.2537" lon="-86.61516">
    <ele>262.74</ele>
   </trkpt>
   <trkpt lat="46.25316" lon="-86.61416000000001">
    <ele>261.69000000000005</ele>
   </trkpt>
   <trkpt lat="46.25265601800636" lon="-86.61314396266755">
    <ele>264.16</ele>
   </trkpt>
   <trkpt lat="46.2521520270127" lon="-86.61212794400865">
    <ele>258.51</ele>
   </trkpt>
   <trkpt lat="46.251648027019336" lon="-86.61111194402302">
    <ele>256.18</ele>
   </trkpt>
   <trkpt lat="46.25114401802661" lon="-86.61009596271032">
    <ele>259.22</ele>
   </trkpt>
   <trkpt lat="46.250640000000004" lon="-86.60908">
    <ele>259.83</ele>
   </trkpt>
   <trkpt lat="46.25025" lon="-86.6085">
    <ele>260.32</ele>
   </trkpt>
   <trkpt lat="46.249990000000004" lon="-86.60818">
    <ele>261.79</ele>
   </trkpt>
   <trkpt lat="46.2496150012259" lon="-86.60768499682402">
    <ele>260.64000000000004</ele>
   </trkpt>
   <trkpt lat="46.24924" lon="-86.60719">
    <ele>262.91</ele>
   </trkpt>
   <trkpt lat="46.24882" lon="-86.6066">
    <ele>262.81000000000006</ele>
   </trkpt>
   <trkpt lat="46.248580000000004" lon="-86.60563">
    <ele>259.03000000000003</ele>
   </trkpt>
   <trkpt lat="46.24836802018929" lon="-86.6045539833723">
    <ele>258.14000000000004</ele>
   </trkpt>
   <trkpt lat="46.24815603028443" lon="-86.60347797506151">
    <ele>256.89</ele>
   </trkpt>
   <trkpt lat="46.24794403028558" lon="-86.60240197506785">
    <ele>255.29000000000002</ele>
   </trkpt>
   <trkpt lat="46.2477320201929" lon="-86.6013259833916">
    <ele>255.25000000000003</ele>
   </trkpt>
   <trkpt lat="46.24752" lon="-86.60025">
    <ele>255.5</ele>
   </trkpt>
   <trkpt lat="46.247310000000006" lon="-86.59984">
    <ele>254.60000000000005</ele>
   </trkpt>
   <trkpt lat="46.24685000087502" lon="-86.59938999621886">
    <ele>254.92000000000004</ele>
   </trkpt>
   <trkpt lat="46.246390000000005" lon="-86.59894000000001">
    <ele>255.98999999999998</ele>
   </trkpt>
   <trkpt lat="46.24604" lon="-86.59855">
    <ele>257.96000000000004</ele>
   </trkpt>
   <trkpt lat="46.245900000000006" lon="-86.59830000000001">
    <ele>257.96000000000004</ele>
   </trkpt>
   <trkpt lat="46.245740000000005" lon="-86.59792">
    <ele>258.67</ele>
   </trkpt>
   <trkpt lat="46.245650000000005" lon="-86.59743">
    <ele>258.51</ele>
   </trkpt>
   <trkpt lat="46.24564" lon="-86.5964">
    <ele>255.26999999999998</ele>
   </trkpt>
   <trkpt lat="46.24569" lon="-86.5959">
    <ele>255.58</ele>
   </trkpt>
   <trkpt lat="46.24586" lon="-86.59542">
    <ele>255.37000000000003</ele>
   </trkpt>
   <trkpt lat="46.246120000000005" lon="-86.59502">
    <ele>254.5</ele>
   </trkpt>
   <trkpt lat="46.24672" lon="-86.59465">
    <ele>255.13000000000002</ele>
   </trkpt>
   <trkpt lat="46.247260000000004" lon="-86.59440000000001">
    <ele>255.82999999999998</ele>
   </trkpt>
   <trkpt lat="46.247640000000004" lon="-86.59429">
    <ele>256.41</ele>
   </trkpt>
   <trkpt lat="46.24797" lon="-86.59400000000001">
    <ele>258.46000000000004</ele>
   </trkpt>
   <trkpt lat="46.24822" lon="-86.59372">
    <ele>258.84000000000003</ele>
   </trkpt>
   <trkpt lat="46.24832000000001" lon="-86.59358">
    <ele>259.54</ele>
   </trkpt>
   <trkpt lat="46.24837" lon="-86.5934">
    <ele>260.77</ele>
   </trkpt>
   <trkpt lat="46.2486" lon="-86.59232">
    <ele>265.70000000000005</ele>
   </trkpt>
   <trkpt lat="46.24864" lon="-86.59189">
    <ele>266.24</ele>
   </trkpt>
   <trkpt lat="46.248670000000004" lon="-86.59071">
    <ele>266.3</ele>
   </trkpt>
   <trkpt lat="46.24860500236689" lon="-86.58997499926421">
    <ele>265.82</ele>
   </trkpt>
   <trkpt lat="46.248540000000006" lon="-86.58924">
    <ele>264.95</ele>
   </trkpt>
   <trkpt lat="46.248090000000005" lon="-86.58816">
    <ele>264.90000000000003</ele>
   </trkpt>
   <trkpt lat="46.24777000136079" lon="-86.58759999672216">
    <ele>263.79</ele>
   </trkpt>
   <trkpt lat="46.24745" lon="-86.58704">
    <ele>261.61</ele>
   </trkpt>
   <trkpt lat="46.247150000000005" lon="-86.5866">
    <ele>260.8</ele>
   </trkpt>
   <trkpt lat="46.24677000184897" lon="-86.585944995426">
    <ele>259.48</ele>
   </trkpt>
   <trkpt lat="46.246390000000005" lon="-86.58529">
    <ele>257.83</ele>
   </trkpt>
   <trkpt lat="46.245940000000004" lon="-86.58421000000001">
    <ele>255.46</ele>
   </trkpt>
   <trkpt lat="46.245600003568725" lon="-86.58330499438671">
    <ele>254.45000000000002</ele>
   </trkpt>
   <trkpt lat="46.24526" lon="-86.5824">
    <ele>255.42000000000004</ele>
   </trkpt>
   <trkpt lat="46.245000000000005" lon="-86.58189">
    <ele>255.57000000000002</ele>
   </trkpt>
   <trkpt lat="46.24465000000001" lon="-86.58143000000001">
    <ele>256.70000000000005</ele>
   </trkpt>
   <trkpt lat="46.244085001711376" lon="-86.58079499340808">
    <ele>257.28000000000003</ele>
   </trkpt>
   <trkpt lat="46.243520000000004" lon="-86.58016">
    <ele>256.18</ele>
   </trkpt>
   <trkpt lat="46.24326000000001" lon="-86.5797">
    <ele>257.58000000000004</ele>
   </trkpt>
   <trkpt lat="46.24298" lon="-86.57925">
    <ele>258.58000000000004</ele>
   </trkpt>
   <trkpt lat="46.242610001157516" lon="-86.57871499626148">
    <ele>259.5</ele>
   </trkpt>
   <trkpt lat="46.24224" lon="-86.57818">
    <ele>260.59999999999997</ele>
   </trkpt>
   <trkpt lat="46.24199" lon="-86.57775000000001">
    <ele>260.46000000000004</ele>
   </trkpt>
   <trkpt lat="46.241780001712996" lon="-86.57713499783412">
    <ele>260.23</ele>
   </trkpt>
   <trkpt lat="46.24157" lon="-86.57652">
    <ele>260.09000000000003</ele>
   </trkpt>
   <trkpt lat="46.24154000368291" lon="-86.57559999928985">
    <ele>259.48</ele>
   </trkpt>
   <trkpt lat="46.241510000000005" lon="-86.57468">
    <ele>258.83</ele>
   </trkpt>
   <trkpt lat="46.241440000000004" lon="-86.57419">
    <ele>258.89</ele>
   </trkpt>
   <trkpt lat="46.24125000625521" lon="-86.57334332749348">
    <ele>258.94</ele>
   </trkpt>
   <trkpt lat="46.2410600062606" lon="-86.57249666085089">
    <ele>260.16</ele>
   </trkpt>
   <trkpt lat="46.24087" lon="-86.57165">
    <ele>262.13000000000005</ele>
   </trkpt>
   <trkpt lat="46.240860000000005" lon="-86.57137">
    <ele>262.35</ele>
   </trkpt>
   <trkpt lat="46.24089" lon="-86.57094000000001">
    <ele>262.03999999999996</ele>
   </trkpt>
   <trkpt lat="46.24116" lon="-86.56977">
    <ele>258.82</ele>
   </trkpt>
   <trkpt lat="46.24125500287546" lon="-86.56896000127132">
    <ele>257.93000000000006</ele>
   </trkpt>
   <trkpt lat="46.241350000000004" lon="-86.56815">
    <ele>257.31000000000006</ele>
   </trkpt>
   <trkpt lat="46.24148" lon="-86.56771">
    <ele>255.54000000000005</ele>
   </trkpt>
   <trkpt lat="46.241760000000006" lon="-86.56695">
    <ele>252.56</ele>
   </trkpt>
   <trkpt lat="46.241780000000006" lon="-86.56678000000001">
    <ele>250.37000000000003</ele>
   </trkpt>
   <trkpt lat="46.241780000000006" lon="-86.56659">
    <ele>250.37000000000003</ele>
   </trkpt>
   <trkpt lat="46.241760000000006" lon="-86.56644">
    <ele>249.06000000000003</ele>
   </trkpt>
   <trkpt lat="46.24134" lon="-86.56559">
    <ele>247.20000000000002</ele>
   </trkpt>
   <trkpt lat="46.2413" lon="-86.56528">
    <ele>247.21</ele>
   </trkpt>
   <trkpt lat="46.241310000000006" lon="-86.56492">
    <ele>247.10000000000002</ele>
   </trkpt>
   <trkpt lat="46.24156000000001" lon="-86.56413">
    <ele>246.84000000000003</ele>
   </trkpt>
   <trkpt lat="46.24159" lon="-86.56395">
    <ele>246.84000000000003</ele>
   </trkpt>
   <trkpt lat="46.24161" lon="-86.56355">
    <ele>246.92000000000002</ele>
   </trkpt>
   <trkpt lat="46.2415" lon="-86.56291">
    <ele>247.39000000000001</ele>
   </trkpt>
   <trkpt lat="46.241400000000006" lon="-86.5625">
    <ele>247.52</ele>
   </trkpt>
   <trkpt lat="46.24137" lon="-86.56226000000001">
    <ele>247.71</ele>
   </trkpt>
   <trkpt lat="46.24137" lon="-86.56188">
    <ele>247.95000000000002</ele>
   </trkpt>
   <trkpt lat="46.24154" lon="-86.56143">
    <ele>248.49</ele>
   </trkpt>
   <trkpt lat="46.24183000000001" lon="-86.5608">
    <ele>248.75000000000003</ele>
   </trkpt>
   <trkpt lat="46.24195" lon="-86.56031">
    <ele>248.27</ele>
   </trkpt>
   <trkpt lat="46.241910000000004" lon="-86.55997">
    <ele>247.94000000000003</ele>
   </trkpt>
   <trkpt lat="46.241800000000005" lon="-86.55973">
    <ele>247.76</ele>
   </trkpt>
   <trkpt lat="46.241670000000006" lon="-86.55951">
    <ele>247.19000000000003</ele>
   </trkpt>
   <trkpt lat="46.24121500161464" lon="-86.55890499500808">
    <ele>246.17000000000002</ele>
   </trkpt>
   <trkpt lat="46.24076" lon="-86.5583">
    <ele>246.37000000000003</ele>
   </trkpt>
   <trkpt lat="46.24040500197967" lon="-86.55762499562026">
    <ele>246.3</ele>
   </trkpt>
   <trkpt lat="46.240050000000004" lon="-86.55695">
    <ele>246.66000000000003</ele>
   </trkpt>
   <trkpt lat="46.23961000255781" lon="-86.55618999397439">
    <ele>248.27</ele>
   </trkpt>
   <trkpt lat="46.23917" lon="-86.55543">
    <ele>247.92000000000002</ele>
   </trkpt>
   <trkpt lat="46.238820000000004" lon="-86.55471">
    <ele>250.52</ele>
   </trkpt>
   <trkpt lat="46.23859" lon="-86.55432">
    <ele>251.85000000000002</ele>
   </trkpt>
   <trkpt lat="46.23803500138533" lon="-86.55375999435431">
    <ele>254.69000000000003</ele>
   </trkpt>
   <trkpt lat="46.237480000000005" lon="-86.5532">
    <ele>254.13000000000002</ele>
   </trkpt>
   <trkpt lat="46.237230000000004" lon="-86.55291000000001">
    <ele>253.84</ele>
   </trkpt>
   <trkpt lat="46.23678" lon="-86.55245000000001">
    <ele>252.76000000000005</ele>
   </trkpt>
   <trkpt lat="46.23626500107943" lon="-86.55194999529745">
    <ele>253.86</ele>
   </trkpt>
   <trkpt lat="46.23575" lon="-86.55145">
    <ele>254.12</ele>
   </trkpt>
   <trkpt lat="46.23527000000001" lon="-86.55095">
    <ele>252.79000000000002</ele>
   </trkpt>
   <trkpt lat="46.23485" lon="-86.5506">
    <ele>252.58</ele>
   </trkpt>
   <trkpt lat="46.234230000668795" lon="-86.55021999573103">
    <ele>252.51000000000002</ele>
   </trkpt>
   <trkpt lat="46.233610000000006" lon="-86.54984">
    <ele>253.60000000000005</ele>
   </trkpt>
   <trkpt lat="46.23307000028142" lon="-86.54961499781143">
    <ele>254.01000000000002</ele>
   </trkpt>
   <trkpt lat="46.232530000000004" lon="-86.54939">
    <ele>254.51000000000002</ele>
   </trkpt>
   <trkpt lat="46.232290000000006" lon="-86.54925">
    <ele>254.85000000000002</ele>
   </trkpt>
   <trkpt lat="46.23205" lon="-86.54905000000001">
    <ele>255.26999999999998</ele>
   </trkpt>
   <trkpt lat="46.231860000000005" lon="-86.54885">
    <ele>255.08</ele>
   </trkpt>
   <trkpt lat="46.23129335383625" lon="-86.54787994991617">
    <ele>255.84</ele>
   </trkpt>
   <trkpt lat="46.2307266994685" lon="-86.54690991986247">
    <ele>254.92000000000004</ele>
   </trkpt>
   <trkpt lat="46.23016003689707" lon="-86.54593990983837">
    <ele>253.21000000000004</ele>
   </trkpt>
   <trkpt lat="46.22959336612233" lon="-86.54496991984338">
    <ele>253.10999999999999</ele>
   </trkpt>
   <trkpt lat="46.22902668714456" lon="-86.54399994987698">
    <ele>252.8</ele>
   </trkpt>
   <trkpt lat="46.228460000000005" lon="-86.54303">
    <ele>253.8</ele>
   </trkpt>
   <trkpt lat="46.22834" lon="-86.54274000000001">
    <ele>254.09000000000003</ele>
   </trkpt>
   <trkpt lat="46.228120000000004" lon="-86.54211000000001">
    <ele>254.86</ele>
   </trkpt>
   <trkpt lat="46.227940000000004" lon="-86.54143">
    <ele>253.73000000000002</ele>
   </trkpt>
   <trkpt lat="46.227610000000006" lon="-86.54034">
    <ele>253.45000000000002</ele>
   </trkpt>
   <trkpt lat="46.22744" lon="-86.53994">
    <ele>250.97000000000003</ele>
   </trkpt>
   <trkpt lat="46.226980000000005" lon="-86.53913">
    <ele>251.5</ele>
   </trkpt>
   <trkpt lat="46.226710000000004" lon="-86.53869">
    <ele>254.65000000000003</ele>
   </trkpt>
   <trkpt lat="46.22646" lon="-86.53835000000001">
    <ele>256.5</ele>
   </trkpt>
   <trkpt lat="46.22618000000001" lon="-86.53803">
    <ele>257.25000000000006</ele>
   </trkpt>
   <trkpt lat="46.22555333554164" lon="-86.53752332174143">
    <ele>257.35</ele>
   </trkpt>
   <trkpt lat="46.22492666884507" lon="-86.53701665505078">
    <ele>257.09999999999997</ele>
   </trkpt>
   <trkpt lat="46.22430000000001" lon="-86.53651">
    <ele>257.03000000000003</ele>
   </trkpt>
   <trkpt lat="46.22380500072527" lon="-86.53609999629697">
    <ele>256.73</ele>
   </trkpt>
   <trkpt lat="46.223310000000005" lon="-86.53569">
    <ele>256.54</ele>
   </trkpt>
   <trkpt lat="46.22275000086701" lon="-86.53523999539725">
    <ele>256.24</ele>
   </trkpt>
   <trkpt lat="46.222190000000005" lon="-86.53479">
    <ele>256.19</ele>
   </trkpt>
   <trkpt lat="46.22149" lon="-86.53408">
    <ele>256.71</ele>
   </trkpt>
   <trkpt lat="46.221030000000006" lon="-86.53327">
    <ele>256.3</ele>
   </trkpt>
   <trkpt lat="46.220800000000004" lon="-86.53291">
    <ele>255.26999999999998</ele>
   </trkpt>
   <trkpt lat="46.220310000000005" lon="-86.53221">
    <ele>253.56</ele>
   </trkpt>
   <trkpt lat="46.2197" lon="-86.53181000000001">
    <ele>254.04999999999998</ele>
   </trkpt>
   <trkpt lat="46.21915500037087" lon="-86.53155499750984">
    <ele>254.09000000000003</ele>
   </trkpt>
   <trkpt lat="46.218610000000005" lon="-86.5313">
    <ele>253.21000000000004</ele>
   </trkpt>
   <trkpt lat="46.21810500062381" lon="-86.53094499678741">
    <ele>252.72</ele>
   </trkpt>
   <trkpt lat="46.217600000000004" lon="-86.53059">
    <ele>252.76999999999998</ele>
   </trkpt>
   <trkpt lat="46.21689333488656" lon="-86.53016998919912">
    <ele>251.48000000000002</ele>
   </trkpt>
   <trkpt lat="46.21618666823508" lon="-86.52974998920833">
    <ele>251.09000000000003</ele>
   </trkpt>
   <trkpt lat="46.21548000000001" lon="-86.52933">
    <ele>249.82000000000002</ele>
   </trkpt>
   <trkpt lat="46.215230000000005" lon="-86.52917000000001">
    <ele>249.8</ele>
   </trkpt>
   <trkpt lat="46.215070000000004" lon="-86.52902">
    <ele>249.84000000000003</ele>
   </trkpt>
   <trkpt lat="46.21491" lon="-86.52881000000001">
    <ele>250.10000000000005</ele>
   </trkpt>
   <trkpt lat="46.21448333884429" lon="-86.52801332091188">
    <ele>249.3</ele>
   </trkpt>
   <trkpt lat="46.21405667215487" lon="-86.52721665420289">
    <ele>248.09000000000003</ele>
   </trkpt>
   <trkpt lat="46.21363" lon="-86.52642">
    <ele>248.14000000000001</ele>
   </trkpt>
   <trkpt lat="46.213330001432226" lon="-86.52584499684156">
    <ele>246.98000000000002</ele>
   </trkpt>
   <trkpt lat="46.21303" lon="-86.52527">
    <ele>246.8</ele>
   </trkpt>
   <trkpt lat="46.21250000441919" lon="-86.52426499033194">
    <ele>248.07000000000002</ele>
   </trkpt>
   <trkpt lat="46.21197" lon="-86.52326000000001">
    <ele>248.87</ele>
   </trkpt>
   <trkpt lat="46.21166" lon="-86.5228">
    <ele>248.71</ele>
   </trkpt>
   <trkpt lat="46.211240000000004" lon="-86.52235">
    <ele>249.16000000000003</ele>
   </trkpt>
   <trkpt lat="46.21079" lon="-86.52192000000001">
    <ele>248.64000000000001</ele>
   </trkpt>
   <trkpt lat="46.21001500156598" lon="-86.52130499125659">
    <ele>248.15</ele>
   </trkpt>
   <trkpt lat="46.20924" lon="-86.52069">
    <ele>248.72000000000003</ele>
   </trkpt>
   <trkpt lat="46.208825000554576" lon="-86.5202899968401">
    <ele>248.56000000000003</ele>
   </trkpt>
   <trkpt lat="46.20841" lon="-86.51989">
    <ele>247.72000000000003</ele>
   </trkpt>
   <trkpt lat="46.20808" lon="-86.51944">
    <ele>247.58</ele>
   </trkpt>
   <trkpt lat="46.207820001519345" lon="-86.51885499729273">
    <ele>246.09000000000003</ele>
   </trkpt>
   <trkpt lat="46.20756" lon="-86.51827">
    <ele>242.96</ele>
   </trkpt>
   <trkpt lat="46.207440000000005" lon="-86.51809">
    <ele>242.96</ele>
   </trkpt>
   <trkpt lat="46.207040000000006" lon="-86.51773">
    <ele>241.20000000000002</ele>
   </trkpt>
   <trkpt lat="46.206480000000006" lon="-86.51687000000001">
    <ele>240.20000000000002</ele>
   </trkpt>
   <trkpt lat="46.206340000000004" lon="-86.51667">
    <ele>239.58</ele>
   </trkpt>
   <trkpt lat="46.206070000000004" lon="-86.51626">
    <ele>239.22</ele>
   </trkpt>
   <trkpt lat="46.20552000000001" lon="-86.5155">
    <ele>242.68</ele>
   </trkpt>
   <trkpt lat="46.20485500264189" lon="-86.51471499044492">
    <ele>244.52</ele>
   </trkpt>
   <trkpt lat="46.204190000000004" lon="-86.51393">
    <ele>244.94000000000003</ele>
   </trkpt>
   <trkpt lat="46.203525001619724" lon="-86.51328499200444">
    <ele>245.89000000000001</ele>
   </trkpt>
   <trkpt lat="46.20286" lon="-86.51264">
    <ele>245.3</ele>
   </trkpt>
   <trkpt lat="46.20228" lon="-86.51236">
    <ele>244.93</ele>
   </trkpt>
   <trkpt lat="46.20188" lon="-86.51196">
    <ele>244.81000000000003</ele>
   </trkpt>
   <trkpt lat="46.201395000576035" lon="-86.51158999671797">
    <ele>244.29</ele>
   </trkpt>
   <trkpt lat="46.20091" lon="-86.51122000000001">
    <ele>244.06000000000003</ele>
   </trkpt>
   <trkpt lat="46.200515000389196" lon="-86.51089999765311">
    <ele>244.34000000000003</ele>
   </trkpt>
   <trkpt lat="46.200120000000005" lon="-86.51058">
    <ele>243.77</ele>
   </trkpt>
   <trkpt lat="46.19964500062104" lon="-86.5102499972488">
    <ele>243.14000000000001</ele>
   </trkpt>
   <trkpt lat="46.19917" lon="-86.50992000000001">
    <ele>242.52</ele>
   </trkpt>
   <trkpt lat="46.19863" lon="-86.50941">
    <ele>242.54000000000002</ele>
   </trkpt>
   <trkpt lat="46.198130000000006" lon="-86.50882">
    <ele>241.64000000000001</ele>
   </trkpt>
   <trkpt lat="46.197710001574805" lon="-86.50823999571631">
    <ele>240.59000000000003</ele>
   </trkpt>
   <trkpt lat="46.19729" lon="-86.50766">
    <ele>239.66</ele>
   </trkpt>
   <trkpt lat="46.19684" lon="-86.50699">
    <ele>238.69</ele>
   </trkpt>
   <trkpt lat="46.19645000103495" lon="-86.5064949964447">
    <ele>238.6</ele>
   </trkpt>
   <trkpt lat="46.19606" lon="-86.506">
    <ele>239.32000000000002</ele>
   </trkpt>
   <trkpt lat="46.19566500193809" lon="-86.50533999532124">
    <ele>241.40000000000003</ele>
   </trkpt>
   <trkpt lat="46.19527" lon="-86.50468000000001">
    <ele>244.50000000000003</ele>
   </trkpt>
   <trkpt lat="46.19497500149282" lon="-86.50411499716077">
    <ele>245.37000000000003</ele>
   </trkpt>
   <trkpt lat="46.194680000000005" lon="-86.50355">
    <ele>244.96</ele>
   </trkpt>
   <trkpt lat="46.19462" lon="-86.50332">
    <ele>244.87000000000003</ele>
   </trkpt>
   <trkpt lat="46.194590000000005" lon="-86.50309">
    <ele>244.8</ele>
   </trkpt>
   <trkpt lat="46.194575051375146" lon="-86.50179249752547">
    <ele>243.19000000000003</ele>
   </trkpt>
   <trkpt lat="46.194560088071675" lon="-86.50049499575718">
    <ele>244.86</ele>
   </trkpt>
   <trkpt lat="46.194545110089564" lon="-86.49919749469582">
    <ele>244.93</ele>
   </trkpt>
   <trkpt lat="46.19453011742885" lon="-86.49789999434206">
    <ele>244.41000000000003</ele>
   </trkpt>
   <trkpt lat="46.19451511008953" lon="-86.49660249469659">
    <ele>248.78000000000003</ele>
   </trkpt>
   <trkpt lat="46.19450008807165" lon="-86.49530499576012">
    <ele>246.09000000000003</ele>
   </trkpt>
   <trkpt lat="46.1944850513752" lon="-86.49400749753336">
    <ele>248.72000000000003</ele>
   </trkpt>
   <trkpt lat="46.19447" lon="-86.49271">
    <ele>251.31000000000003</ele>
   </trkpt>
   <trkpt lat="46.19444000000001" lon="-86.49244">
    <ele>252.08</ele>
   </trkpt>
   <trkpt lat="46.19433" lon="-86.49205">
    <ele>251.70000000000002</ele>
   </trkpt>
   <trkpt lat="46.194160000000004" lon="-86.49168">
    <ele>249.76</ele>
   </trkpt>
   <trkpt lat="46.193740000000005" lon="-86.49106">
    <ele>245.8</ele>
   </trkpt>
   <trkpt lat="46.19305000000001" lon="-86.49042">
    <ele>245.55</ele>
   </trkpt>
   <trkpt lat="46.1925" lon="-86.49002">
    <ele>246.03000000000003</ele>
   </trkpt>
   <trkpt lat="46.19204500012303" lon="-86.48997499963876">
    <ele>246.44000000000003</ele>
   </trkpt>
   <trkpt lat="46.191590000000005" lon="-86.48993">
    <ele>247.12000000000003</ele>
   </trkpt>
   <trkpt lat="46.191390000000006" lon="-86.48984">
    <ele>246.98000000000002</ele>
   </trkpt>
   <trkpt lat="46.19113" lon="-86.48959">
    <ele>246.15</ele>
   </trkpt>
   <trkpt lat="46.19074500067948" lon="-86.48915499678859">
    <ele>244.72000000000003</ele>
   </trkpt>
   <trkpt lat="46.190360000000005" lon="-86.48872">
    <ele>244.56000000000003</ele>
   </trkpt>
   <trkpt lat="46.189870000000006" lon="-86.4885">
    <ele>242.82</ele>
   </trkpt>
   <trkpt lat="46.1894300002553" lon="-86.48819499745429">
    <ele>239.03</ele>
   </trkpt>
   <trkpt lat="46.188990000000004" lon="-86.48789000000001">
    <ele>235.85000000000002</ele>
   </trkpt>
   <trkpt lat="46.18852000030517" lon="-86.4875999974824">
    <ele>232.41</ele>
   </trkpt>
   <trkpt lat="46.188050000000004" lon="-86.48731000000001">
    <ele>230.55000000000004</ele>
   </trkpt>
   <trkpt lat="46.187810000000006" lon="-86.48707">
    <ele>230.07000000000002</ele>
   </trkpt>
   <trkpt lat="46.187400001271556" lon="-86.48655999636723">
    <ele>227.69000000000003</ele>
   </trkpt>
   <trkpt lat="46.18699" lon="-86.48605">
    <ele>226.95000000000002</ele>
   </trkpt>
   <trkpt lat="46.18679" lon="-86.48577">
    <ele>227.15</ele>
   </trkpt>
   <trkpt lat="46.18656000000001" lon="-86.48553000000001">
    <ele>226.93</ele>
   </trkpt>
   <trkpt lat="46.186545006072414" lon="-86.48434999984471">
    <ele>225.58</ele>
   </trkpt>
   <trkpt lat="46.186530000000005" lon="-86.48317">
    <ele>223.97000000000003</ele>
   </trkpt>
   <trkpt lat="46.186550000000004" lon="-86.48299">
    <ele>224.0</ele>
   </trkpt>
   <trkpt lat="46.186800000000005" lon="-86.48202">
    <ele>224.89000000000001</ele>
   </trkpt>
   <trkpt lat="46.186890000000005" lon="-86.48158000000001">
    <ele>225.14000000000001</ele>
   </trkpt>
   <trkpt lat="46.186930000000004" lon="-86.48111">
    <ele>225.22000000000003</ele>
   </trkpt>
   <trkpt lat="46.1869" lon="-86.48066">
    <ele>225.35000000000002</ele>
   </trkpt>
   <trkpt lat="46.18677" lon="-86.48013">
    <ele>226.36</ele>
   </trkpt>
   <trkpt lat="46.18666" lon="-86.47981">
    <ele>227.35000000000002</ele>
   </trkpt>
   <trkpt lat="46.186600000000006" lon="-86.47928">
    <ele>228.44000000000003</ele>
   </trkpt>
   <trkpt lat="46.18656000000001" lon="-86.47825">
    <ele>228.07000000000002</ele>
   </trkpt>
   <trkpt lat="46.186490000000006" lon="-86.47785">
    <ele>227.77</ele>
   </trkpt>
   <trkpt lat="46.18623" lon="-86.47679000000001">
    <ele>226.81</ele>
   </trkpt>
   <trkpt lat="46.1861" lon="-86.4761">
    <ele>226.56</ele>
   </trkpt>
   <trkpt lat="46.18600000300515" lon="-86.47526999850531">
    <ele>226.52</ele>
   </trkpt>
   <trkpt lat="46.185900000000004" lon="-86.47444">
    <ele>227.05</ele>
   </trkpt>
   <trkpt lat="46.1858" lon="-86.47408">
    <ele>226.86</ele>
   </trkpt>
   <trkpt lat="46.185610000000004" lon="-86.47364">
    <ele>226.33</ele>
   </trkpt>
   <trkpt lat="46.185430000000004" lon="-86.47315">
    <ele>225.61</ele>
   </trkpt>
   <trkpt lat="46.185370000000006" lon="-86.47269">
    <ele>225.37</ele>
   </trkpt>
   <trkpt lat="46.18538" lon="-86.47198">
    <ele>225.08</ele>
   </trkpt>
   <trkpt lat="46.18554" lon="-86.47083">
    <ele>224.72000000000003</ele>
   </trkpt>
   <trkpt lat="46.18561500350656" lon="-86.46993500104891">
    <ele>224.56</ele>
   </trkpt>
   <trkpt lat="46.18569" lon="-86.46904">
    <ele>224.66000000000003</ele>
   </trkpt>
   <trkpt lat="46.185750000000006" lon="-86.46851000000001">
    <ele>224.64000000000001</ele>
   </trkpt>
   <trkpt lat="46.18585" lon="-86.46817">
    <ele>224.68</ele>
   </trkpt>
   <trkpt lat="46.18621500439221" lon="-86.46716500670355">
    <ele>224.76000000000002</ele>
   </trkpt>
   <trkpt lat="46.186580000000006" lon="-86.46616">
    <ele>224.61</ele>
   </trkpt>
   <trkpt lat="46.18683" lon="-86.46534000000001">
    <ele>224.37</ele>
   </trkpt>
   <trkpt lat="46.18695" lon="-86.46495">
    <ele>223.72000000000003</ele>
   </trkpt>
   <trkpt lat="46.18712000000001" lon="-86.46399000000001">
    <ele>223.01000000000002</ele>
   </trkpt>
   <trkpt lat="46.18724500674729" lon="-86.46274500293246">
    <ele>222.84</ele>
   </trkpt>
   <trkpt lat="46.18737" lon="-86.4615">
    <ele>222.78</ele>
   </trkpt>
   <trkpt lat="46.187445004021264" lon="-86.46054000126529">
    <ele>222.06</ele>
   </trkpt>
   <trkpt lat="46.187520000000006" lon="-86.45958">
    <ele>222.20000000000002</ele>
   </trkpt>
   <trkpt lat="46.18753" lon="-86.45917">
    <ele>222.76000000000002</ele>
   </trkpt>
   <trkpt lat="46.18738500335386" lon="-86.45829999802962">
    <ele>223.88000000000002</ele>
   </trkpt>
   <trkpt lat="46.18724" lon="-86.45743">
    <ele>224.38000000000002</ele>
   </trkpt>
   <trkpt lat="46.18724" lon="-86.45744">
    <ele>224.38000000000002</ele>
   </trkpt>
   <trkpt lat="46.18663" lon="-86.45745000000001">
    <ele>220.16000000000003</ele>
   </trkpt>
   <trkpt lat="46.18621" lon="-86.45741000000001">
    <ele>219.10000000000002</ele>
   </trkpt>
   <trkpt lat="46.18578" lon="-86.45738">
    <ele>221.97000000000003</ele>
   </trkpt>
   <trkpt lat="46.185460000000006" lon="-86.45734">
    <ele>224.13000000000002</ele>
   </trkpt>
   <trkpt lat="46.18471999987172" lon="-86.45730499952256">
    <ele>224.25</ele>
   </trkpt>
   <trkpt lat="46.183980000000005" lon="-86.45727000000001">
    <ele>223.69000000000003</ele>
   </trkpt>
   <trkpt lat="46.18372" lon="-86.45712">
    <ele>223.26000000000002</ele>
   </trkpt>
   <trkpt lat="46.183420000000005" lon="-86.4568">
    <ele>223.07000000000002</ele>
   </trkpt>
   <trkpt lat="46.18298" lon="-86.45605">
    <ele>222.33</ele>
   </trkpt>
   <trkpt lat="46.182305001293344" lon="-86.45547499281433">
    <ele>222.01000000000002</ele>
   </trkpt>
   <trkpt lat="46.181630000000006" lon="-86.45490000000001">
    <ele>221.70000000000002</ele>
   </trkpt>
   <trkpt lat="46.18106000241087" lon="-86.4543699889751">
    <ele>222.14000000000001</ele>
   </trkpt>
   <trkpt lat="46.18049000237243" lon="-86.45383998893954">
    <ele>222.83</ele>
   </trkpt>
   <trkpt lat="46.17992" lon="-86.45331">
    <ele>222.29000000000002</ele>
   </trkpt>
   <trkpt lat="46.17926000177645" lon="-86.4526799924819">
    <ele>221.86</ele>
   </trkpt>
   <trkpt lat="46.1786" lon="-86.45205000000001">
    <ele>221.59</ele>
   </trkpt>
   <trkpt lat="46.177923763393466" lon="-86.45138744296656">
    <ele>221.67</ele>
   </trkpt>
   <trkpt lat="46.17724752295942" lon="-86.45072490222934">
    <ele>222.71</ele>
   </trkpt>
   <trkpt lat="46.176571278698034" lon="-86.45006237778766">
    <ele>223.11</ele>
   </trkpt>
   <trkpt lat="46.17589503060953" lon="-86.44939986964083">
    <ele>223.21</ele>
   </trkpt>
   <trkpt lat="46.175218778694074" lon="-86.44873737778813">
    <ele>222.89</ele>
   </trkpt>
   <trkpt lat="46.17454252295184" lon="-86.4480749022289">
    <ele>223.01000000000002</ele>
   </trkpt>
   <trkpt lat="46.17386626338302" lon="-86.44741244296243">
    <ele>226.16000000000003</ele>
   </trkpt>
   <trkpt lat="46.173190000000005" lon="-86.44675000000001">
    <ele>231.42000000000002</ele>
   </trkpt>
   <trkpt lat="46.17273500064204" lon="-86.44633499646741">
    <ele>234.37</ele>
   </trkpt>
   <trkpt lat="46.17228" lon="-86.44592">
    <ele>235.98000000000002</ele>
   </trkpt>
   <trkpt lat="46.172140000000006" lon="-86.44584">
    <ele>236.14000000000001</ele>
   </trkpt>
   <trkpt lat="46.171960000000006" lon="-86.44584">
    <ele>235.99000000000004</ele>
   </trkpt>
   <trkpt lat="46.171800000000005" lon="-86.44588">
    <ele>235.29000000000002</ele>
   </trkpt>
   <trkpt lat="46.17157" lon="-86.44603000000001">
    <ele>233.89000000000001</ele>
   </trkpt>
   <trkpt lat="46.17094333656844" lon="-86.446636680466">
    <ele>231.15</ele>
   </trkpt>
   <trkpt lat="46.1703166699277" lon="-86.44724334710736">
    <ele>233.27000000000004</ele>
   </trkpt>
   <trkpt lat="46.16969" lon="-86.44785">
    <ele>234.68000000000004</ele>
   </trkpt>
   <trkpt lat="46.16942" lon="-86.44814000000001">
    <ele>233.49000000000004</ele>
   </trkpt>
   <trkpt lat="46.16913" lon="-86.44835">
    <ele>231.79000000000002</ele>
   </trkpt>
   <trkpt lat="46.168980000000005" lon="-86.4484">
    <ele>231.46</ele>
   </trkpt>
   <trkpt lat="46.16854000000001" lon="-86.44838">
    <ele>229.70000000000002</ele>
   </trkpt>
   <trkpt lat="46.16803000006854" lon="-86.44824999879337">
    <ele>229.21</ele>
   </trkpt>
   <trkpt lat="46.16752" lon="-86.44812">
    <ele>229.33</ele>
   </trkpt>
   <trkpt lat="46.167280000000005" lon="-86.44800000000001">
    <ele>229.26000000000002</ele>
   </trkpt>
   <trkpt lat="46.167080000000006" lon="-86.44785">
    <ele>229.08</ele>
   </trkpt>
   <trkpt lat="46.16691" lon="-86.44758">
    <ele>229.71</ele>
   </trkpt>
   <trkpt lat="46.166760000000004" lon="-86.44726">
    <ele>231.20000000000002</ele>
   </trkpt>
   <trkpt lat="46.1666" lon="-86.44682">
    <ele>231.76000000000002</ele>
   </trkpt>
   <trkpt lat="46.16617251440747" lon="-86.44576997548997">
    <ele>228.84</ele>
   </trkpt>
   <trkpt lat="46.165745019201474" lon="-86.44471996729969">
    <ele>225.83</ele>
   </trkpt>
   <trkpt lat="46.165317514382316" lon="-86.44366997542902">
    <ele>221.97000000000003</ele>
   </trkpt>
   <trkpt lat="46.16489000000001" lon="-86.44262">
    <ele>222.39</ele>
   </trkpt>
   <trkpt lat="46.16479" lon="-86.44252">
    <ele>222.62</ele>
   </trkpt>
   <trkpt lat="46.164640000000006" lon="-86.44238">
    <ele>222.79000000000002</ele>
   </trkpt>
   <trkpt lat="46.163990000000005" lon="-86.44221">
    <ele>223.03</ele>
   </trkpt>
   <trkpt lat="46.163375000087186" lon="-86.44208499860655">
    <ele>223.36</ele>
   </trkpt>
   <trkpt lat="46.162760000000006" lon="-86.44196000000001">
    <ele>224.88000000000002</ele>
   </trkpt>
   <trkpt lat="46.162440000000004" lon="-86.44194">
    <ele>224.73000000000002</ele>
   </trkpt>
   <trkpt lat="46.161737500196956" lon="-86.44181499521054">
    <ele>224.55</ele>
   </trkpt>
   <trkpt lat="46.16103500025767" lon="-86.44168999361327">
    <ele>224.42000000000002</ele>
   </trkpt>
   <trkpt lat="46.160332500182136" lon="-86.44156499520805">
    <ele>224.37</ele>
   </trkpt>
   <trkpt lat="46.15963000000001" lon="-86.44144">
    <ele>223.85000000000002</ele>
   </trkpt>
   <trkpt lat="46.15903" lon="-86.44131">
    <ele>223.53</ele>
   </trkpt>
   <trkpt lat="46.158910000000006" lon="-86.44127">
    <ele>223.78</ele>
   </trkpt>
   <trkpt lat="46.15826500410429" lon="-86.44070998030948">
    <ele>223.78</ele>
   </trkpt>
   <trkpt lat="46.15762000547402" lon="-86.44014997374781">
    <ele>224.34</ele>
   </trkpt>
   <trkpt lat="46.1569750041093" lon="-86.43958998031448">
    <ele>223.08</ele>
   </trkpt>
   <trkpt lat="46.156330000000004" lon="-86.43903">
    <ele>228.19000000000003</ele>
   </trkpt>
   <trkpt lat="46.1554850001326" lon="-86.43885499731267">
    <ele>234.22</ele>
   </trkpt>
   <trkpt lat="46.15464" lon="-86.43868">
    <ele>234.60000000000002</ele>
   </trkpt>
   <trkpt lat="46.1542" lon="-86.43863">
    <ele>233.33</ele>
   </trkpt>
   <trkpt lat="46.15386" lon="-86.43858">
    <ele>234.34</ele>
   </trkpt>
   <trkpt lat="46.1532250001995" lon="-86.43845999864125">
    <ele>235.32000000000002</ele>
   </trkpt>
   <trkpt lat="46.152590000000004" lon="-86.43834000000001">
    <ele>234.34</ele>
   </trkpt>
   <trkpt lat="46.1518700001251" lon="-86.43819499810984">
    <ele>236.63</ele>
   </trkpt>
   <trkpt lat="46.15115" lon="-86.43805">
    <ele>239.12000000000003</ele>
   </trkpt>
   <trkpt lat="46.15095" lon="-86.43806000000001">
    <ele>239.53000000000003</ele>
   </trkpt>
   <trkpt lat="46.15061" lon="-86.43819">
    <ele>239.84000000000003</ele>
   </trkpt>
   <trkpt lat="46.15007500027248" lon="-86.4384950030405">
    <ele>239.31000000000003</ele>
   </trkpt>
   <trkpt lat="46.14954" lon="-86.4388">
    <ele>239.85</ele>
   </trkpt>
   <trkpt lat="46.14923" lon="-86.43894">
    <ele>239.40000000000003</ele>
   </trkpt>
   <trkpt lat="46.14867" lon="-86.43912">
    <ele>237.28</ele>
   </trkpt>
   <trkpt lat="46.147848334814334" lon="-86.43938001940269">
    <ele>234.60000000000002</ele>
   </trkpt>
   <trkpt lat="46.14702666903916" lon="-86.43964003104279">
    <ele>233.58</ele>
   </trkpt>
   <trkpt lat="46.146205002674485" lon="-86.43990003492073">
    <ele>232.59</ele>
   </trkpt>
   <trkpt lat="46.14538333572038" lon="-86.44016003103697">
    <ele>232.22</ele>
   </trkpt>
   <trkpt lat="46.14456166817685" lon="-86.44042001939194">
    <ele>233.59</ele>
   </trkpt>
   <trkpt lat="46.14374" lon="-86.44068">
    <ele>237.13</ele>
   </trkpt>
   <trkpt lat="46.143" lon="-86.44088">
    <ele>236.03</ele>
   </trkpt>
   <trkpt lat="46.14269" lon="-86.44087">
    <ele>235.17000000000002</ele>
   </trkpt>
   <trkpt lat="46.14249" lon="-86.44082">
    <ele>234.8</ele>
   </trkpt>
   <trkpt lat="46.142250000000004" lon="-86.44061">
    <ele>235.02</ele>
   </trkpt>
   <trkpt lat="46.14183500236312" lon="-86.43986499428262">
    <ele>236.63</ele>
   </trkpt>
   <trkpt lat="46.141420000000004" lon="-86.43912">
    <ele>236.86</ele>
   </trkpt>
   <trkpt lat="46.141015002580765" lon="-86.43833499402042">
    <ele>236.08</ele>
   </trkpt>
   <trkpt lat="46.14061" lon="-86.43755">
    <ele>234.54000000000002</ele>
   </trkpt>
   <trkpt lat="46.14012" lon="-86.43679">
    <ele>234.28</ele>
   </trkpt>
   <trkpt lat="46.139720000000004" lon="-86.43632000000001">
    <ele>231.22</ele>
   </trkpt>
   <trkpt lat="46.1394" lon="-86.43607">
    <ele>230.18</ele>
   </trkpt>
   <trkpt lat="46.139160000000004" lon="-86.43603">
    <ele>229.73000000000002</ele>
   </trkpt>
   <trkpt lat="46.13888" lon="-86.43605000000001">
    <ele>229.83</ele>
   </trkpt>
   <trkpt lat="46.13827000024255" lon="-86.4362550022511">
    <ele>227.27</ele>
   </trkpt>
   <trkpt lat="46.137660000000004" lon="-86.43646000000001">
    <ele>223.20000000000002</ele>
   </trkpt>
   <trkpt lat="46.136876667177155" lon="-86.43670334025813">
    <ele>220.57000000000002</ele>
   </trkpt>
   <trkpt lat="46.13609333383799" lon="-86.43694667359314">
    <ele>220.49</ele>
   </trkpt>
   <trkpt lat="46.135310000000004" lon="-86.43719">
    <ele>218.71</ele>
   </trkpt>
   <trkpt lat="46.1346400003809" lon="-86.43694499706285">
    <ele>218.31</ele>
   </trkpt>
   <trkpt lat="46.133970000000005" lon="-86.4367">
    <ele>218.55</ele>
   </trkpt>
   <trkpt lat="46.133230000000005" lon="-86.43699000000001">
    <ele>219.28000000000003</ele>
   </trkpt>
   <trkpt lat="46.13298" lon="-86.43701">
    <ele>218.72000000000003</ele>
   </trkpt>
   <trkpt lat="46.13252000024296" lon="-86.43674499775021">
    <ele>217.97000000000003</ele>
   </trkpt>
   <trkpt lat="46.13206" lon="-86.43648">
    <ele>216.54</ele>
   </trkpt>
   <trkpt lat="46.131870000000006" lon="-86.43644">
    <ele>216.08</ele>
   </trkpt>
   <trkpt lat="46.131710000000005" lon="-86.43649">
    <ele>215.86</ele>
   </trkpt>
   <trkpt lat="46.1310950009596" lon="-86.43695500517951">
    <ele>214.73</ele>
   </trkpt>
   <trkpt lat="46.130480000000006" lon="-86.43742">
    <ele>218.07000000000002</ele>
   </trkpt>
   <trkpt lat="46.13036" lon="-86.43746">
    <ele>218.9</ele>
   </trkpt>
   <trkpt lat="46.130250000000004" lon="-86.43747">
    <ele>219.60000000000002</ele>
   </trkpt>
   <trkpt lat="46.12937" lon="-86.43721000000001">
    <ele>222.79000000000002</ele>
   </trkpt>
   <trkpt lat="46.12857400029204" lon="-86.43708199260209">
    <ele>218.18</ele>
   </trkpt>
   <trkpt lat="46.12777800044118" lon="-86.43695398890387">
    <ele>219.23</ele>
   </trkpt>
   <trkpt lat="46.126982000447455" lon="-86.43682598890507">
    <ele>226.43</ele>
   </trkpt>
   <trkpt lat="46.12618600031086" lon="-86.43669799260554">
    <ele>226.85000000000002</ele>
   </trkpt>
   <trkpt lat="46.12539" lon="-86.43657">
    <ele>226.71</ele>
   </trkpt>
   <trkpt lat="46.124662500121815" lon="-86.43646249573683">
    <ele>226.64000000000001</ele>
   </trkpt>
   <trkpt lat="46.123935000142836" lon="-86.43635499431298">
    <ele>227.16000000000003</ele>
   </trkpt>
   <trkpt lat="46.1232075000631" lon="-86.43624749572831">
    <ele>226.27</ele>
   </trkpt>
   <trkpt lat="46.12248" lon="-86.43614000000001">
    <ele>224.3</ele>
   </trkpt>
   <trkpt lat="46.1221" lon="-86.43604">
    <ele>223.39000000000001</ele>
   </trkpt>
   <trkpt lat="46.121280000000006" lon="-86.43555">
    <ele>223.88000000000002</ele>
   </trkpt>
   <trkpt lat="46.12069666830764" lon="-86.4351133240708">
    <ele>224.29000000000002</ele>
   </trkpt>
   <trkpt lat="46.120113334952535" lon="-86.43467665738795">
    <ele>223.13000000000002</ele>
   </trkpt>
   <trkpt lat="46.119530000000005" lon="-86.43424">
    <ele>221.28</ele>
   </trkpt>
   <trkpt lat="46.118758348374364" lon="-86.43367991373525">
    <ele>216.64000000000001</ele>
   </trkpt>
   <trkpt lat="46.117986694013354" lon="-86.43311984315758">
    <ele>212.05</ele>
   </trkpt>
   <trkpt lat="46.117215036917145" lon="-86.43255978826623">
    <ele>209.73000000000002</ele>
   </trkpt>
   <trkpt lat="46.11644337708588" lon="-86.43199974906037">
    <ele>208.61</ele>
   </trkpt>
   <trkpt lat="46.11567171451972" lon="-86.43143972553915">
    <ele>208.09000000000003</ele>
   </trkpt>
   <trkpt lat="46.11490004921879" lon="-86.43087971770184">
    <ele>207.56000000000003</ele>
   </trkpt>
   <trkpt lat="46.114128381183264" lon="-86.43031972554759">
    <ele>207.31000000000003</ele>
   </trkpt>
   <trkpt lat="46.113356710413285" lon="-86.42975974907559">
    <ele>206.62000000000003</ele>
   </trkpt>
   <trkpt lat="46.112585036908996" lon="-86.42919978828505">
    <ele>206.25</ele>
   </trkpt>
   <trkpt lat="46.11181336067056" lon="-86.42863984317516">
    <ele>206.17000000000002</ele>
   </trkpt>
   <trkpt lat="46.11104168169813" lon="-86.4280799137451">
    <ele>205.76000000000002</ele>
   </trkpt>
   <trkpt lat="46.11027000000001" lon="-86.42752">
    <ele>207.19</ele>
   </trkpt>
   <trkpt lat="46.109790000000004" lon="-86.42721">
    <ele>208.71</ele>
   </trkpt>
   <trkpt lat="46.109480000000005" lon="-86.42703">
    <ele>207.68</ele>
   </trkpt>
   <trkpt lat="46.10877800128995" lon="-86.42675798614343">
    <ele>203.90000000000003</ele>
   </trkpt>
   <trkpt lat="46.10807600193471" lon="-86.42648597921541">
    <ele>203.16</ele>
   </trkpt>
   <trkpt lat="46.10737400193429" lon="-86.4262139792156">
    <ele>202.38</ele>
   </trkpt>
   <trkpt lat="46.10667200128874" lon="-86.42594198614367">
    <ele>202.05</ele>
   </trkpt>
   <trkpt lat="46.105970000000006" lon="-86.42567000000001">
    <ele>201.48000000000002</ele>
   </trkpt>
   <trkpt lat="46.10567" lon="-86.4256">
    <ele>200.59</ele>
   </trkpt>
   <trkpt lat="46.10535" lon="-86.42555">
    <ele>198.79000000000002</ele>
   </trkpt>
   <trkpt lat="46.104710000000004" lon="-86.42551">
    <ele>200.21000000000004</ele>
   </trkpt>
   <trkpt lat="46.10416" lon="-86.42553000000001">
    <ele>202.37</ele>
   </trkpt>
   <trkpt lat="46.1039" lon="-86.42546">
    <ele>202.49</ele>
   </trkpt>
   <trkpt lat="46.1037" lon="-86.42538">
    <ele>202.25</ele>
   </trkpt>
   <trkpt lat="46.103530000000006" lon="-86.42524">
    <ele>202.19</ele>
   </trkpt>
   <trkpt lat="46.10284000487475" lon="-86.42449331465774">
    <ele>201.8</ele>
   </trkpt>
   <trkpt lat="46.10215000488777" lon="-86.4237466480055">
    <ele>201.77</ele>
   </trkpt>
   <trkpt lat="46.10146" lon="-86.423">
    <ele>201.32000000000002</ele>
   </trkpt>
   <trkpt lat="46.10092000136778" lon="-86.4224699949495">
    <ele>201.07000000000002</ele>
   </trkpt>
   <trkpt lat="46.10038" lon="-86.42194">
    <ele>201.42000000000002</ele>
   </trkpt>
   <trkpt lat="46.099930000911826" lon="-86.42153999692583">
    <ele>201.07000000000002</ele>
   </trkpt>
   <trkpt lat="46.09948000000001" lon="-86.42114000000001">
    <ele>201.03</ele>
   </trkpt>
   <trkpt lat="46.09875" lon="-86.42045">
    <ele>200.92000000000002</ele>
   </trkpt>
   <trkpt lat="46.09807000000001" lon="-86.41974">
    <ele>200.60000000000002</ele>
   </trkpt>
   <trkpt lat="46.097500000000004" lon="-86.4192">
    <ele>200.51000000000002</ele>
   </trkpt>
   <trkpt lat="46.09680500173449" lon="-86.41856999206334">
    <ele>200.16</ele>
   </trkpt>
   <trkpt lat="46.09611" lon="-86.41794">
    <ele>200.33</ele>
   </trkpt>
   <trkpt lat="46.09537834356185" lon="-86.41725495455735">
    <ele>200.20000000000002</ele>
   </trkpt>
   <trkpt lat="46.094646683031485" lon="-86.4165699272924">
    <ele>199.39000000000001</ele>
   </trkpt>
   <trkpt lat="46.093915018409135" lon="-86.41588491820433">
    <ele>199.21</ele>
   </trkpt>
   <trkpt lat="46.093183349695" lon="-86.41519992729225">
    <ele>199.26000000000002</ele>
   </trkpt>
   <trkpt lat="46.09245167688932" lon="-86.41451495455534">
    <ele>199.18</ele>
   </trkpt>
   <trkpt lat="46.09172" lon="-86.41383">
    <ele>199.01000000000002</ele>
   </trkpt>
   <trkpt lat="46.09145" lon="-86.41364">
    <ele>198.8</ele>
   </trkpt>
   <trkpt lat="46.090970000000006" lon="-86.41337">
    <ele>198.47</ele>
   </trkpt>
   <trkpt lat="46.09046500007442" lon="-86.41315999802823">
    <ele>198.55</ele>
   </trkpt>
   <trkpt lat="46.089960000000005" lon="-86.41295000000001">
    <ele>198.13000000000002</ele>
   </trkpt>
   <trkpt lat="46.08944" lon="-86.41268000000001">
    <ele>198.17000000000002</ele>
   </trkpt>
   <trkpt lat="46.08875500112507" lon="-86.41238498900378">
    <ele>197.59</ele>
   </trkpt>
   <trkpt lat="46.0880700014912" lon="-86.41208998533482">
    <ele>197.29000000000002</ele>
   </trkpt>
   <trkpt lat="46.08738500109845" lon="-86.4117949889927">
    <ele>197.04000000000002</ele>
   </trkpt>
   <trkpt lat="46.0867" lon="-86.4115">
    <ele>196.71</ele>
   </trkpt>
   <trkpt lat="46.08599000080226" lon="-86.41119999228496">
    <ele>196.74</ele>
   </trkpt>
   <trkpt lat="46.08528000081969" lon="-86.41089999229244">
    <ele>196.71</ele>
   </trkpt>
   <trkpt lat="46.08457000000001" lon="-86.4106">
    <ele>196.55</ele>
   </trkpt>
   <trkpt lat="46.08428000000001" lon="-86.41051">
    <ele>196.58</ele>
   </trkpt>
   <trkpt lat="46.083890000000004" lon="-86.41047">
    <ele>196.73000000000002</ele>
   </trkpt>
   <trkpt lat="46.08368" lon="-86.41053000000001">
    <ele>196.75</ele>
   </trkpt>
   <trkpt lat="46.08299" lon="-86.41087">
    <ele>196.51000000000002</ele>
   </trkpt>
   <trkpt lat="46.082255000699234" lon="-86.41125500510131">
    <ele>196.03</ele>
   </trkpt>
   <trkpt lat="46.081520000000005" lon="-86.41164">
    <ele>195.28</ele>
   </trkpt>
   <trkpt lat="46.08129" lon="-86.41181">
    <ele>195.28</ele>
   </trkpt>
   <trkpt lat="46.08115" lon="-86.41194">
    <ele>195.4</ele>
   </trkpt>
   <trkpt lat="46.08083000099914" lon="-86.41240000255792">
    <ele>195.95000000000002</ele>
   </trkpt>
   <trkpt lat="46.080510000000004" lon="-86.41286000000001">
    <ele>195.68</ele>
   </trkpt>
   <trkpt lat="46.08032" lon="-86.41303">
    <ele>195.29000000000002</ele>
   </trkpt>
   <trkpt lat="46.08012" lon="-86.41315">
    <ele>194.84</ele>
   </trkpt>
   <trkpt lat="46.07992" lon="-86.41321">
    <ele>194.63000000000002</ele>
   </trkpt>
   <trkpt lat="46.07965" lon="-86.41326000000001">
    <ele>194.59</ele>
   </trkpt>
   <trkpt lat="46.078993333354596" lon="-86.41326666682515">
    <ele>195.09</ele>
   </trkpt>
   <trkpt lat="46.07833666670881" lon="-86.41327333349159">
    <ele>195.76000000000002</ele>
   </trkpt>
   <trkpt lat="46.07768" lon="-86.41328">
    <ele>195.63000000000002</ele>
   </trkpt>
   <trkpt lat="46.07744" lon="-86.41335000000001">
    <ele>195.47</ele>
   </trkpt>
   <trkpt lat="46.077090000000005" lon="-86.4136">
    <ele>195.54000000000002</ele>
   </trkpt>
   <trkpt lat="46.076930000000004" lon="-86.41378">
    <ele>195.48000000000002</ele>
   </trkpt>
   <trkpt lat="46.07677" lon="-86.41402000000001">
    <ele>195.41000000000003</ele>
   </trkpt>
   <trkpt lat="46.076640000000005" lon="-86.41429000000001">
    <ele>195.34</ele>
   </trkpt>
   <trkpt lat="46.076530000000005" lon="-86.41473">
    <ele>195.55</ele>
   </trkpt>
   <trkpt lat="46.07641000231852" lon="-86.41546000161831">
    <ele>195.83</ele>
   </trkpt>
   <trkpt lat="46.07629000000001" lon="-86.41619">
    <ele>195.96</ele>
   </trkpt>
   <trkpt lat="46.07620000000001" lon="-86.41664">
    <ele>196.02</ele>
   </trkpt>
   <trkpt lat="46.07607" lon="-86.41704">
    <ele>196.26000000000002</ele>
   </trkpt>
   <trkpt lat="46.075950000000006" lon="-86.41733">
    <ele>196.4</ele>
   </trkpt>
   <trkpt lat="46.075790000000005" lon="-86.41755">
    <ele>196.39000000000001</ele>
   </trkpt>
   <trkpt lat="46.075570000000006" lon="-86.41772">
    <ele>196.45000000000002</ele>
   </trkpt>
   <trkpt lat="46.07477" lon="-86.41821">
    <ele>197.01000000000002</ele>
   </trkpt>
   <trkpt lat="46.07453" lon="-86.41839">
    <ele>197.11</ele>
   </trkpt>
   <trkpt lat="46.07432000000001" lon="-86.41862">
    <ele>197.13000000000002</ele>
   </trkpt>
   <trkpt lat="46.07419" lon="-86.41884">
    <ele>197.16000000000003</ele>
   </trkpt>
   <trkpt lat="46.07408" lon="-86.41912">
    <ele>197.23000000000002</ele>
   </trkpt>
   <trkpt lat="46.07397" lon="-86.41948000000001">
    <ele>197.35000000000002</ele>
   </trkpt>
   <trkpt lat="46.073790006829206" lon="-86.42073000396387">
    <ele>197.49</ele>
   </trkpt>
   <trkpt lat="46.07361" lon="-86.42198">
    <ele>197.61</ele>
   </trkpt>
   <trkpt lat="46.073530000000005" lon="-86.42266000000001">
    <ele>197.54000000000002</ele>
   </trkpt>
   <trkpt lat="46.073330000000006" lon="-86.42389">
    <ele>197.76000000000002</ele>
   </trkpt>
   <trkpt lat="46.07323" lon="-86.42439">
    <ele>197.98000000000002</ele>
   </trkpt>
   <trkpt lat="46.072950000000006" lon="-86.42513000000001">
    <ele>198.27000000000004</ele>
   </trkpt>
   <trkpt lat="46.07247000482999" lon="-86.42618000908224">
    <ele>198.48000000000002</ele>
   </trkpt>
   <trkpt lat="46.07199000000001" lon="-86.42723000000001">
    <ele>198.71</ele>
   </trkpt>
   <trkpt lat="46.07155751033604" lon="-86.42812002097502">
    <ele>198.91</ele>
   </trkpt>
   <trkpt lat="46.0711250137643" lon="-86.4290100280014">
    <ele>198.9</ele>
   </trkpt>
   <trkpt lat="46.07069251028502" lon="-86.42990002107935">
    <ele>199.68</ele>
   </trkpt>
   <trkpt lat="46.070260000000005" lon="-86.43079">
    <ele>199.83</ele>
   </trkpt>
   <trkpt lat="46.069920001464396" lon="-86.43137000357693">
    <ele>200.03</ele>
   </trkpt>
   <trkpt lat="46.06958" lon="-86.43195">
    <ele>201.08</ele>
   </trkpt>
   <trkpt lat="46.069140000000004" lon="-86.43262">
    <ele>202.28</ele>
   </trkpt>
   <trkpt lat="46.068900000000006" lon="-86.43308">
    <ele>202.42000000000002</ele>
   </trkpt>
   <trkpt lat="46.068720000000006" lon="-86.43352">
    <ele>202.73000000000002</ele>
   </trkpt>
   <trkpt lat="46.06859" lon="-86.43393">
    <ele>202.98000000000002</ele>
   </trkpt>
   <trkpt lat="46.06851" lon="-86.43437">
    <ele>203.22</ele>
   </trkpt>
   <trkpt lat="46.06848" lon="-86.43468">
    <ele>203.20000000000002</ele>
   </trkpt>
   <trkpt lat="46.06848" lon="-86.43528">
    <ele>202.93000000000004</ele>
   </trkpt>
   <trkpt lat="46.068580000000004" lon="-86.43585">
    <ele>202.96000000000004</ele>
   </trkpt>
   <trkpt lat="46.06883000195192" lon="-86.43651999695095">
    <ele>203.14000000000001</ele>
   </trkpt>
   <trkpt lat="46.06908000000001" lon="-86.43719">
    <ele>203.47</ele>
   </trkpt>
   <trkpt lat="46.06933" lon="-86.43778">
    <ele>203.94</ele>
   </trkpt>
   <trkpt lat="46.06955000000001" lon="-86.43824000000001">
    <ele>204.46</ele>
   </trkpt>
   <trkpt lat="46.069770000000005" lon="-86.43864">
    <ele>204.72</ele>
   </trkpt>
   <trkpt lat="46.06998" lon="-86.43897000000001">
    <ele>204.89000000000001</ele>
   </trkpt>
   <trkpt lat="46.070280000000004" lon="-86.43936000000001">
    <ele>205.39000000000001</ele>
   </trkpt>
   <trkpt lat="46.07074500115569" lon="-86.43987499566033">
    <ele>206.5</ele>
   </trkpt>
   <trkpt lat="46.07121" lon="-86.44039000000001">
    <ele>208.05</ele>
   </trkpt>
   <trkpt lat="46.071630000000006" lon="-86.44091">
    <ele>208.90000000000003</ele>
   </trkpt>
   <trkpt lat="46.071810000000006" lon="-86.44122">
    <ele>209.04</ele>
   </trkpt>
   <trkpt lat="46.07197" lon="-86.44158">
    <ele>209.18</ele>
   </trkpt>
   <trkpt lat="46.072303339734226" lon="-86.44243665632145">
    <ele>209.06000000000003</ele>
   </trkpt>
   <trkpt lat="46.072636673068715" lon="-86.44329332299094">
    <ele>209.65000000000003</ele>
   </trkpt>
   <trkpt lat="46.072970000000005" lon="-86.44415000000001">
    <ele>210.65</ele>
   </trkpt>
   <trkpt lat="46.07311000000001" lon="-86.44477">
    <ele>211.26000000000002</ele>
   </trkpt>
   <trkpt lat="46.07331000588028" lon="-86.44592999587226">
    <ele>212.3</ele>
   </trkpt>
   <trkpt lat="46.073510000000006" lon="-86.44709">
    <ele>214.9</ele>
   </trkpt>
   <trkpt lat="46.07369002967525" lon="-86.44825664764966">
    <ele>216.74</ele>
   </trkpt>
   <trkpt lat="46.07387004748121" lon="-86.4494233029106">
    <ele>217.29000000000002</ele>
   </trkpt>
   <trkpt lat="46.07405005341773" lon="-86.45058996578244">
    <ele>217.48</ele>
   </trkpt>
   <trkpt lat="46.074230047484654" lon="-86.45175663626479">
    <ele>217.58</ele>
   </trkpt>
   <trkpt lat="46.074410029681836" lon="-86.45292331435721">
    <ele>217.48</ele>
   </trkpt>
   <trkpt lat="46.07459" lon="-86.45409000000001">
    <ele>217.12</ele>
   </trkpt>
   <trkpt lat="46.074720000000006" lon="-86.45501">
    <ele>217.19000000000003</ele>
   </trkpt>
   <trkpt lat="46.0748" lon="-86.45575000000001">
    <ele>217.53000000000003</ele>
   </trkpt>
   <trkpt lat="46.07488" lon="-86.45674000000001">
    <ele>217.82000000000002</ele>
   </trkpt>
   <trkpt lat="46.07492000230786" lon="-86.45746499976464">
    <ele>217.24</ele>
   </trkpt>
   <trkpt lat="46.074960000000004" lon="-86.45819">
    <ele>216.98</ele>
   </trkpt>
   <trkpt lat="46.07504334427223" lon="-86.45930999661599">
    <ele>216.54</ele>
   </trkpt>
   <trkpt lat="46.075126677605475" lon="-86.46042999661475">
    <ele>216.71</ele>
   </trkpt>
   <trkpt lat="46.075210000000006" lon="-86.46155">
    <ele>218.12</ele>
   </trkpt>
   <trkpt lat="46.07488" lon="-86.46195">
    <ele>217.32000000000002</ele>
   </trkpt>
   <trkpt lat="46.07468" lon="-86.46222">
    <ele>216.72000000000003</ele>
   </trkpt>
   <trkpt lat="46.0743" lon="-86.46294">
    <ele>215.73</ele>
   </trkpt>
   <trkpt lat="46.07399500339652" lon="-86.46381500466887">
    <ele>212.4</ele>
   </trkpt>
   <trkpt lat="46.073690000000006" lon="-86.46469">
    <ele>209.36</ele>
   </trkpt>
   <trkpt lat="46.0735" lon="-86.46509">
    <ele>207.67000000000002</ele>
   </trkpt>
   <trkpt lat="46.073310000000006" lon="-86.46544">
    <ele>206.42000000000002</ele>
   </trkpt>
   <trkpt lat="46.073150000000005" lon="-86.46568">
    <ele>205.85</ele>
   </trkpt>
   <trkpt lat="46.072680000000005" lon="-86.46626">
    <ele>204.53</ele>
   </trkpt>
   <trkpt lat="46.07229" lon="-86.46661">
    <ele>205.53</ele>
   </trkpt>
   <trkpt lat="46.07159" lon="-86.46703000000001">
    <ele>208.46</ele>
   </trkpt>
   <trkpt lat="46.071630000000006" lon="-86.46714">
    <ele>208.27</ele>
   </trkpt>
   <trkpt lat="46.07214000267872" lon="-86.46792499273344">
    <ele>207.61</ele>
   </trkpt>
   <trkpt lat="46.07265" lon="-86.46871">
    <ele>208.99</ele>
   </trkpt>
   <trkpt lat="46.07324401587083" lon="-86.46966395892377">
    <ele>208.70000000000002</ele>
   </trkpt>
   <trkpt lat="46.07383802380548" lon="-86.47061793838331">
    <ele>208.50000000000003</ele>
   </trkpt>
   <trkpt lat="46.07443202380364" lon="-86.47157193837921">
    <ele>209.1</ele>
   </trkpt>
   <trkpt lat="46.07502601586493" lon="-86.47252595891206">
    <ele>209.18</ele>
   </trkpt>
   <trkpt lat="46.07562" lon="-86.47348000000001">
    <ele>208.44</ele>
   </trkpt>
   <trkpt lat="46.0759850018149" lon="-86.47411999581756">
    <ele>210.3</ele>
   </trkpt>
   <trkpt lat="46.076350000000005" lon="-86.47476">
    <ele>211.15</ele>
   </trkpt>
   <trkpt lat="46.076690000000006" lon="-86.47543">
    <ele>211.22000000000003</ele>
   </trkpt>
   <trkpt lat="46.07691500190728" lon="-86.47609999711912">
    <ele>209.36</ele>
   </trkpt>
   <trkpt lat="46.07714000000001" lon="-86.47677">
    <ele>204.89000000000001</ele>
   </trkpt>
   <trkpt lat="46.07726" lon="-86.47701">
    <ele>203.96000000000004</ele>
   </trkpt>
   <trkpt lat="46.07737" lon="-86.47719000000001">
    <ele>203.02</ele>
   </trkpt>
   <trkpt lat="46.07795" lon="-86.47766">
    <ele>202.63</ele>
   </trkpt>
   <trkpt lat="46.07876500133985" lon="-86.47819999206929">
    <ele>203.55</ele>
   </trkpt>
   <trkpt lat="46.07958000000001" lon="-86.47874">
    <ele>204.27</ele>
   </trkpt>
   <trkpt lat="46.07997" lon="-86.47878">
    <ele>204.04000000000002</ele>
   </trkpt>
   <trkpt lat="46.08026" lon="-86.47874">
    <ele>204.20000000000002</ele>
   </trkpt>
   <trkpt lat="46.08080999981844" lon="-86.47869500046417">
    <ele>204.61</ele>
   </trkpt>
   <trkpt lat="46.081360000000004" lon="-86.47865">
    <ele>206.40000000000003</ele>
   </trkpt>
   <trkpt lat="46.08165" lon="-86.4787">
    <ele>206.99</ele>
   </trkpt>
   <trkpt lat="46.0818" lon="-86.47883">
    <ele>207.81000000000003</ele>
   </trkpt>
   <trkpt lat="46.081970000000005" lon="-86.47907000000001">
    <ele>208.09000000000003</ele>
   </trkpt>
   <trkpt lat="46.08212" lon="-86.4795">
    <ele>208.54000000000002</ele>
   </trkpt>
   <trkpt lat="46.0822" lon="-86.47979000000001">
    <ele>208.49</ele>
   </trkpt>
   <trkpt lat="46.08227" lon="-86.48014">
    <ele>208.8</ele>
   </trkpt>
   <trkpt lat="46.082300000000004" lon="-86.48059">
    <ele>209.13</ele>
   </trkpt>
   <trkpt lat="46.0823250044054" lon="-86.48159499960379">
    <ele>211.71</ele>
   </trkpt>
   <trkpt lat="46.082350000000005" lon="-86.4826">
    <ele>214.91000000000003</ele>
   </trkpt>
   <trkpt lat="46.08240000607342" lon="-86.4837799989838">
    <ele>219.10000000000002</ele>
   </trkpt>
   <trkpt lat="46.08245" lon="-86.48496">
    <ele>216.38000000000002</ele>
   </trkpt>
   <trkpt lat="46.0825" lon="-86.48534000000001">
    <ele>214.25000000000003</ele>
   </trkpt>
   <trkpt lat="46.082710000000006" lon="-86.48617">
    <ele>209.14000000000001</ele>
   </trkpt>
   <trkpt lat="46.0828950019036" lon="-86.48682999780218">
    <ele>207.02</ele>
   </trkpt>
   <trkpt lat="46.08308" lon="-86.48749000000001">
    <ele>207.24</ele>
   </trkpt>
   <trkpt lat="46.08334500462847" lon="-86.48851999506313">
    <ele>207.83</ele>
   </trkpt>
   <trkpt lat="46.08361000000001" lon="-86.48955000000001">
    <ele>207.56000000000003</ele>
   </trkpt>
   <trkpt lat="46.08382" lon="-86.49042">
    <ele>207.5</ele>
   </trkpt>
   <trkpt lat="46.083890000000004" lon="-86.49102">
    <ele>207.21</ele>
   </trkpt>
   <trkpt lat="46.08386" lon="-86.49143000000001">
    <ele>207.14000000000001</ele>
   </trkpt>
   <trkpt lat="46.083780000000004" lon="-86.49191">
    <ele>207.83</ele>
   </trkpt>
   <trkpt lat="46.08368" lon="-86.49235">
    <ele>209.15000000000003</ele>
   </trkpt>
   <trkpt lat="46.08352000000001" lon="-86.49289">
    <ele>212.31000000000003</ele>
   </trkpt>
   <trkpt lat="46.08325000000001" lon="-86.49369">
    <ele>219.76000000000002</ele>
   </trkpt>
   <trkpt lat="46.082860000000004" lon="-86.49452000000001">
    <ele>227.63000000000002</ele>
   </trkpt>
   <trkpt lat="46.08241" lon="-86.49522">
    <ele>230.14000000000001</ele>
   </trkpt>
   <trkpt lat="46.08183500332494" lon="-86.49607500870631">
    <ele>229.97</ele>
   </trkpt>
   <trkpt lat="46.08126" lon="-86.49693">
    <ele>228.70000000000002</ele>
   </trkpt>
   <trkpt lat="46.08065801327977" lon="-86.49780203803097">
    <ele>228.65</ele>
   </trkpt>
   <trkpt lat="46.08005601992822" lon="-86.498674057033">
    <ele>228.76000000000002</ele>
   </trkpt>
   <trkpt lat="46.07945401994566" lon="-86.49954605700675">
    <ele>222.50000000000003</ele>
   </trkpt>
   <trkpt lat="46.07885201333234" lon="-86.5004180379528">
    <ele>220.29000000000002</ele>
   </trkpt>
   <trkpt lat="46.078250000000004" lon="-86.50129000000001">
    <ele>227.83000000000004</ele>
   </trkpt>
   <trkpt lat="46.078030000000005" lon="-86.50171">
    <ele>228.81</ele>
   </trkpt>
   <trkpt lat="46.07786" lon="-86.50225">
    <ele>230.34</ele>
   </trkpt>
   <trkpt lat="46.07763501242549" lon="-86.50322501196766">
    <ele>229.32000000000002</ele>
   </trkpt>
   <trkpt lat="46.07741001656092" lon="-86.50420001598428">
    <ele>228.79000000000002</ele>
   </trkpt>
   <trkpt lat="46.07718501240644" lon="-86.50517501204973">
    <ele>229.02</ele>
   </trkpt>
   <trkpt lat="46.07696000000001" lon="-86.50615">
    <ele>226.08</ele>
   </trkpt>
   <trkpt lat="46.076910000000005" lon="-86.50654">
    <ele>224.61</ele>
   </trkpt>
   <trkpt lat="46.07694" lon="-86.50695">
    <ele>224.78</ele>
   </trkpt>
   <trkpt lat="46.07706000444409" lon="-86.50795999777175">
    <ele>224.38000000000002</ele>
   </trkpt>
   <trkpt lat="46.077180000000006" lon="-86.50897">
    <ele>221.35000000000002</ele>
   </trkpt>
   <trkpt lat="46.077323347393104" lon="-86.51023999335379">
    <ele>226.09</ele>
   </trkpt>
   <trkpt lat="46.07746668072101" lon="-86.51150999330557">
    <ele>225.72000000000003</ele>
   </trkpt>
   <trkpt lat="46.07761000000001" lon="-86.51278">
    <ele>222.20000000000002</ele>
   </trkpt>
   <trkpt lat="46.077775001626236" lon="-86.51338999818996">
    <ele>221.29000000000002</ele>
   </trkpt>
   <trkpt lat="46.077940000000005" lon="-86.51400000000001">
    <ele>221.81</ele>
   </trkpt>
   <trkpt lat="46.07820251859556" lon="-86.5151924829542">
    <ele>230.92000000000002</ele>
   </trkpt>
   <trkpt lat="46.078465024790354" lon="-86.51638497725487">
    <ele>234.85000000000002</ele>
   </trkpt>
   <trkpt lat="46.07872751858414" lon="-86.51757748290167">
    <ele>236.86</ele>
   </trkpt>
   <trkpt lat="46.078990000000005" lon="-86.51877">
    <ele>237.11</ele>
   </trkpt>
   <trkpt lat="46.07919333952506" lon="-86.51961332707484">
    <ele>237.14000000000001</ele>
   </trkpt>
   <trkpt lat="46.07939667284809" lon="-86.52045666036528">
    <ele>237.15000000000003</ele>
   </trkpt>
   <trkpt lat="46.079600000000006" lon="-86.52130000000001">
    <ele>236.82000000000002</ele>
   </trkpt>
   <trkpt lat="46.07991751791422" lon="-86.5224699798322">
    <ele>236.63</ele>
   </trkpt>
   <trkpt lat="46.08023502389127" lon="-86.5236399731299">
    <ele>236.73000000000002</ele>
   </trkpt>
   <trkpt lat="46.08055251793091" lon="-86.52480997989294">
    <ele>236.16</ele>
   </trkpt>
   <trkpt lat="46.080870000000004" lon="-86.52598">
    <ele>235.41</ele>
   </trkpt>
   <trkpt lat="46.08108000000001" lon="-86.52665">
    <ele>234.45000000000002</ele>
   </trkpt>
   <trkpt lat="46.08129" lon="-86.5271">
    <ele>234.07000000000002</ele>
   </trkpt>
   <trkpt lat="46.08155000000001" lon="-86.52754">
    <ele>233.31</ele>
   </trkpt>
   <trkpt lat="46.081970000000005" lon="-86.52816000000001">
    <ele>232.67000000000002</ele>
   </trkpt>
   <trkpt lat="46.08255000341891" lon="-86.52904499070206">
    <ele>232.95000000000002</ele>
   </trkpt>
   <trkpt lat="46.083130000000004" lon="-86.52993000000001">
    <ele>233.47</ele>
   </trkpt>
   <trkpt lat="46.08326" lon="-86.53023">
    <ele>233.54000000000002</ele>
   </trkpt>
   <trkpt lat="46.083360000000006" lon="-86.53056000000001">
    <ele>233.67000000000002</ele>
   </trkpt>
   <trkpt lat="46.08341" lon="-86.53092000000001">
    <ele>233.61</ele>
   </trkpt>
   <trkpt lat="46.08343000000001" lon="-86.53139">
    <ele>234.09</ele>
   </trkpt>
   <trkpt lat="46.083440008206026" lon="-86.53235999974424">
    <ele>234.23000000000002</ele>
   </trkpt>
   <trkpt lat="46.083450008207" lon="-86.53332999984029">
    <ele>235.25</ele>
   </trkpt>
   <trkpt lat="46.08346" lon="-86.5343">
    <ele>236.25</ele>
   </trkpt>
   <trkpt lat="46.08352000000001" lon="-86.53467">
    <ele>236.73000000000002</ele>
   </trkpt>
   <trkpt lat="46.08364" lon="-86.53502">
    <ele>236.77</ele>
   </trkpt>
   <trkpt lat="46.08371" lon="-86.53519">
    <ele>236.92000000000002</ele>
   </trkpt>
   <trkpt lat="46.08399500118009" lon="-86.53570999731565">
    <ele>237.0</ele>
   </trkpt>
   <trkpt lat="46.08428000000001" lon="-86.53623">
    <ele>237.21000000000004</ele>
   </trkpt>
   <trkpt lat="46.08479225089796" lon="-86.53713659932156">
    <ele>236.94</ele>
   </trkpt>
   <trkpt lat="46.08530449462828" lon="-86.53804321547973">
    <ele>237.35000000000002</ele>
   </trkpt>
   <trkpt lat="46.08581673119073" lon="-86.53894984847494">
    <ele>237.82000000000002</ele>
   </trkpt>
   <trkpt lat="46.08632896058505" lon="-86.53985649830757">
    <ele>238.27</ele>
   </trkpt>
   <trkpt lat="46.086841182810964" lon="-86.54076316497796">
    <ele>238.86</ele>
   </trkpt>
   <trkpt lat="46.08735339786821" lon="-86.54166984848653">
    <ele>238.44</ele>
   </trkpt>
   <trkpt lat="46.08786560575655" lon="-86.54257654883362">
    <ele>238.21000000000004</ele>
   </trkpt>
   <trkpt lat="46.0883778064757" lon="-86.54348326601963">
    <ele>238.83</ele>
   </trkpt>
   <trkpt lat="46.088890000000006" lon="-86.54439">
    <ele>238.42000000000002</ele>
   </trkpt>
   <trkpt lat="46.089360000000006" lon="-86.54518">
    <ele>237.87000000000003</ele>
   </trkpt>
   <trkpt lat="46.089580000000005" lon="-86.54549">
    <ele>237.47</ele>
   </trkpt>
   <trkpt lat="46.08981000000001" lon="-86.54576">
    <ele>237.36</ele>
   </trkpt>
   <trkpt lat="46.090180000000004" lon="-86.54613">
    <ele>237.20000000000002</ele>
   </trkpt>
   <trkpt lat="46.09069666840673" lon="-86.54657999154671">
    <ele>236.06</ele>
   </trkpt>
   <trkpt lat="46.0912133350476" lon="-86.54702999152414">
    <ele>237.64000000000001</ele>
   </trkpt>
   <trkpt lat="46.091730000000005" lon="-86.54748000000001">
    <ele>237.6</ele>
   </trkpt>
   <trkpt lat="46.09246" lon="-86.54806">
    <ele>237.76000000000002</ele>
   </trkpt>
   <trkpt lat="46.09299000181978" lon="-86.54851665789047">
    <ele>237.84000000000003</ele>
   </trkpt>
   <trkpt lat="46.093520001821" lon="-86.54897332455809">
    <ele>238.07000000000002</ele>
   </trkpt>
   <trkpt lat="46.09405" lon="-86.54943">
    <ele>238.79000000000002</ele>
   </trkpt>
   <trkpt lat="46.09416" lon="-86.54966">
    <ele>238.91</ele>
   </trkpt>
   <trkpt lat="46.094190000000005" lon="-86.54981000000001">
    <ele>238.91</ele>
   </trkpt>
   <trkpt lat="46.09405" lon="-86.5498">
    <ele>238.73000000000002</ele>
   </trkpt>
   <trkpt lat="46.093790000000006" lon="-86.54983">
    <ele>238.46000000000004</ele>
   </trkpt>
   <trkpt lat="46.093055000501664" lon="-86.55016500445899">
    <ele>238.28</ele>
   </trkpt>
   <trkpt lat="46.09232" lon="-86.55050000000001">
    <ele>237.85</ele>
   </trkpt>
   <trkpt lat="46.09156" lon="-86.55087">
    <ele>237.33</ele>
   </trkpt>
   <trkpt lat="46.09138" lon="-86.55093000000001">
    <ele>237.06</ele>
   </trkpt>
   <trkpt lat="46.091080000000005" lon="-86.551">
    <ele>236.47</ele>
   </trkpt>
   <trkpt lat="46.09094" lon="-86.551">
    <ele>236.40000000000003</ele>
   </trkpt>
   <trkpt lat="46.09073" lon="-86.55095">
    <ele>236.43000000000004</ele>
   </trkpt>
   <trkpt lat="46.0901650000712" lon="-86.55077499818803">
    <ele>237.04000000000002</ele>
   </trkpt>
   <trkpt lat="46.089600000000004" lon="-86.5506">
    <ele>237.61</ele>
   </trkpt>
   <trkpt lat="46.08875857388767" lon="-86.55029282902802">
    <ele>237.68000000000004</ele>
   </trkpt>
   <trkpt lat="46.08791714695254" lon="-86.54998566742748">
    <ele>238.23000000000002</ele>
   </trkpt>
   <trkpt lat="46.087075719194715" lon="-86.54967851519783">
    <ele>238.14000000000001</ele>
   </trkpt>
   <trkpt lat="46.08623429061419" lon="-86.54937137233848">
    <ele>238.05</ele>
   </trkpt>
   <trkpt lat="46.085392861211055" lon="-86.54906423884897">
    <ele>238.14000000000001</ele>
   </trkpt>
   <trkpt lat="46.084551430985336" lon="-86.54875711472866">
    <ele>237.94</ele>
   </trkpt>
   <trkpt lat="46.08371" lon="-86.54845">
    <ele>237.83</ele>
   </trkpt>
   <trkpt lat="46.08303666714442" lon="-86.54820999413297">
    <ele>237.27</ele>
   </trkpt>
   <trkpt lat="46.08236333378653" lon="-86.54796999412433">
    <ele>237.32000000000002</ele>
   </trkpt>
   <trkpt lat="46.08169" lon="-86.54773">
    <ele>237.45000000000002</ele>
   </trkpt>
   <trkpt lat="46.08092800134966" lon="-86.54745198464309">
    <ele>237.56</ele>
   </trkpt>
   <trkpt lat="46.080166002025294" lon="-86.54717397696534">
    <ele>236.89000000000001</ele>
   </trkpt>
   <trkpt lat="46.07940400202697" lon="-86.54689597696637">
    <ele>236.98000000000002</ele>
   </trkpt>
   <trkpt lat="46.07864200135472" lon="-86.54661798464578">
    <ele>237.33</ele>
   </trkpt>
   <trkpt lat="46.07788" lon="-86.54634">
    <ele>236.96000000000004</ele>
   </trkpt>
   <trkpt lat="46.07706200144678" lon="-86.54605198292316">
    <ele>236.68000000000004</ele>
   </trkpt>
   <trkpt lat="46.07624400217018" lon="-86.54576397438524">
    <ele>235.31</ele>
   </trkpt>
   <trkpt lat="46.075426002170246" lon="-86.54547597438577">
    <ele>235.47</ele>
   </trkpt>
   <trkpt lat="46.07460800144704" lon="-86.54518798292426">
    <ele>236.19</ele>
   </trkpt>
   <trkpt lat="46.07379" lon="-86.54490000000001">
    <ele>236.42000000000002</ele>
   </trkpt>
   <trkpt lat="46.07352" lon="-86.54478">
    <ele>236.24</ele>
   </trkpt>
   <trkpt lat="46.0733" lon="-86.5446">
    <ele>236.19</ele>
   </trkpt>
   <trkpt lat="46.07318" lon="-86.54444000000001">
    <ele>236.11</ele>
   </trkpt>
   <trkpt lat="46.072860000000006" lon="-86.54396000000001">
    <ele>236.23000000000002</ele>
   </trkpt>
   <trkpt lat="46.07232000409596" lon="-86.54298999049733">
    <ele>236.0</ele>
   </trkpt>
   <trkpt lat="46.071780000000004" lon="-86.54202000000001">
    <ele>236.37000000000003</ele>
   </trkpt>
   <trkpt lat="46.07141000000001" lon="-86.54142">
    <ele>236.35000000000002</ele>
   </trkpt>
   <trkpt lat="46.07128" lon="-86.54125">
    <ele>236.27</ele>
   </trkpt>
   <trkpt lat="46.071160000000006" lon="-86.54115">
    <ele>236.05</ele>
   </trkpt>
   <trkpt lat="46.07077" lon="-86.54106">
    <ele>236.29000000000002</ele>
   </trkpt>
   <trkpt lat="46.07012" lon="-86.54101">
    <ele>236.40000000000003</ele>
   </trkpt>
   <trkpt lat="46.06952000008492" lon="-86.54093999924649">
    <ele>236.81</ele>
   </trkpt>
   <trkpt lat="46.068920000000006" lon="-86.54087000000001">
    <ele>236.79000000000002</ele>
   </trkpt>
   <trkpt lat="46.068220000000004" lon="-86.54084">
    <ele>236.95000000000002</ele>
   </trkpt>
   <trkpt lat="46.06763" lon="-86.54076">
    <ele>236.68000000000004</ele>
   </trkpt>
   <trkpt lat="46.06725" lon="-86.54079">
    <ele>236.67000000000002</ele>
   </trkpt>
   <trkpt lat="46.066680000000005" lon="-86.5411">
    <ele>236.66</ele>
   </trkpt>
   <trkpt lat="46.06598" lon="-86.54159000000001">
    <ele>236.33</ele>
   </trkpt>
   <trkpt lat="46.0658" lon="-86.54175000000001">
    <ele>236.31</ele>
   </trkpt>
   <trkpt lat="46.065540000000006" lon="-86.54191">
    <ele>236.23000000000002</ele>
   </trkpt>
   <trkpt lat="46.0648966687896" lon="-86.54240001139836">
    <ele>235.62000000000003</ele>
   </trkpt>
   <trkpt lat="46.06425333548532" lon="-86.54289001137603">
    <ele>235.28</ele>
   </trkpt>
   <trkpt lat="46.063610000000004" lon="-86.54338000000001">
    <ele>234.62</ele>
   </trkpt>
   <trkpt lat="46.063075000602716" lon="-86.54376500376226">
    <ele>234.86</ele>
   </trkpt>
   <trkpt lat="46.062540000000006" lon="-86.54415">
    <ele>234.91</ele>
   </trkpt>
   <trkpt lat="46.062090000000005" lon="-86.54439">
    <ele>235.21000000000004</ele>
   </trkpt>
   <trkpt lat="46.06188" lon="-86.54429">
    <ele>234.58</ele>
   </trkpt>
   <trkpt lat="46.06154" lon="-86.54419">
    <ele>234.46000000000004</ele>
   </trkpt>
   <trkpt lat="46.06083000064315" lon="-86.54384499562384">
    <ele>234.11</ele>
   </trkpt>
   <trkpt lat="46.060120000000005" lon="-86.54350000000001">
    <ele>233.86</ele>
   </trkpt>
   <trkpt lat="46.05955" lon="-86.54334">
    <ele>234.23000000000002</ele>
   </trkpt>
   <trkpt lat="46.05888" lon="-86.54339">
    <ele>234.25</ele>
   </trkpt>
   <trkpt lat="46.05827000021811" lon="-86.54363500272409">
    <ele>234.0</ele>
   </trkpt>
   <trkpt lat="46.057660000000006" lon="-86.54388">
    <ele>235.04000000000002</ele>
   </trkpt>
   <trkpt lat="46.05714500023231" lon="-86.54404000145473">
    <ele>234.92000000000002</ele>
   </trkpt>
   <trkpt lat="46.056630000000006" lon="-86.5442">
    <ele>234.20000000000002</ele>
   </trkpt>
   <trkpt lat="46.0563" lon="-86.54428">
    <ele>233.95000000000002</ele>
   </trkpt>
   <trkpt lat="46.05554666664984" lon="-86.54425333260497">
    <ele>233.56</ele>
   </trkpt>
   <trkpt lat="46.05479333329348" lon="-86.5442266659375">
    <ele>233.5</ele>
   </trkpt>
   <trkpt lat="46.05404" lon="-86.5442">
    <ele>232.73000000000002</ele>
   </trkpt>
   <trkpt lat="46.053340000551586" lon="-86.54444667291224">
    <ele>232.44</ele>
   </trkpt>
   <trkpt lat="46.052640000572545" lon="-86.54469333957142">
    <ele>233.45000000000002</ele>
   </trkpt>
   <trkpt lat="46.05194" lon="-86.54494000000001">
    <ele>233.88000000000002</ele>
   </trkpt>
   <trkpt lat="46.05209000000001" lon="-86.54596000000001">
    <ele>233.65</ele>
   </trkpt>
   <trkpt lat="46.052220000000005" lon="-86.54724">
    <ele>233.91</ele>
   </trkpt>
   <trkpt lat="46.052200000000006" lon="-86.54801">
    <ele>233.91</ele>
   </trkpt>
   <trkpt lat="46.052150000000005" lon="-86.54877">
    <ele>233.73000000000002</ele>
   </trkpt>
   <trkpt lat="46.052080000000004" lon="-86.54944">
    <ele>233.85000000000002</ele>
   </trkpt>
   <trkpt lat="46.051950000000005" lon="-86.55025">
    <ele>233.71000000000004</ele>
   </trkpt>
   <trkpt lat="46.052150000000005" lon="-86.55035000000001">
    <ele>233.47</ele>
   </trkpt>
   <trkpt lat="46.052600000000005" lon="-86.55051">
    <ele>233.24000000000004</ele>
   </trkpt>
   <trkpt lat="46.052780000000006" lon="-86.5506">
    <ele>233.21000000000004</ele>
   </trkpt>
   <trkpt lat="46.0529" lon="-86.55061">
    <ele>233.17000000000002</ele>
   </trkpt>
   <trkpt lat="46.05301" lon="-86.55055">
    <ele>233.20000000000002</ele>
   </trkpt>
   <trkpt lat="46.053450000000005" lon="-86.55003">
    <ele>233.07000000000002</ele>
   </trkpt>
   <trkpt lat="46.05388000090833" lon="-86.54960000324598">
    <ele>233.11</ele>
   </trkpt>
   <trkpt lat="46.05431" lon="-86.54917">
    <ele>233.01000000000002</ele>
   </trkpt>
   <trkpt lat="46.05500000000001" lon="-86.54862000000001">
    <ele>232.18</ele>
   </trkpt>
   <trkpt lat="46.05505" lon="-86.54877">
    <ele>232.02000000000004</ele>
   </trkpt>
   <trkpt lat="46.055170000000004" lon="-86.54885">
    <ele>232.01000000000002</ele>
   </trkpt>
   <trkpt lat="46.055330000000005" lon="-86.54901000000001">
    <ele>232.01000000000002</ele>
   </trkpt>
   <trkpt lat="46.05539" lon="-86.54914000000001">
    <ele>231.93</ele>
   </trkpt>
   <trkpt lat="46.05541" lon="-86.54929000000001">
    <ele>231.8</ele>
   </trkpt>
   <trkpt lat="46.05545" lon="-86.54945000000001">
    <ele>231.56</ele>
   </trkpt>
   <trkpt lat="46.055510000000005" lon="-86.54958">
    <ele>231.4</ele>
   </trkpt>
   <trkpt lat="46.055580000000006" lon="-86.54967">
    <ele>231.4</ele>
   </trkpt>
   <trkpt lat="46.055670000000006" lon="-86.54971">
    <ele>231.36</ele>
   </trkpt>
   <trkpt lat="46.05577" lon="-86.54979">
    <ele>231.31</ele>
   </trkpt>
   <trkpt lat="46.055820000000004" lon="-86.54992">
    <ele>231.31</ele>
   </trkpt>
   <trkpt lat="46.05579" lon="-86.55006">
    <ele>231.23000000000002</ele>
   </trkpt>
   <trkpt lat="46.055780000000006" lon="-86.54991000000001">
    <ele>231.31</ele>
   </trkpt>
   <trkpt lat="46.055580000000006" lon="-86.54953">
    <ele>231.5</ele>
   </trkpt>
   <trkpt lat="46.05561" lon="-86.54911000000001">
    <ele>231.84</ele>
   </trkpt>
   <trkpt lat="46.05543" lon="-86.54878000000001">
    <ele>232.03</ele>
   </trkpt>
   <trkpt lat="46.055170000000004" lon="-86.54851000000001">
    <ele>232.17000000000002</ele>
   </trkpt>
   <trkpt lat="46.054930000000006" lon="-86.54867">
    <ele>232.18</ele>
   </trkpt>
   <trkpt lat="46.05431" lon="-86.54917">
    <ele>233.01000000000002</ele>
   </trkpt>
   <trkpt lat="46.053880000704154" lon="-86.54960000345017">
    <ele>233.11</ele>
   </trkpt>
   <trkpt lat="46.053450000000005" lon="-86.55003">
    <ele>233.07000000000002</ele>
   </trkpt>
   <trkpt lat="46.05301" lon="-86.55055">
    <ele>233.20000000000002</ele>
   </trkpt>
   <trkpt lat="46.0529" lon="-86.55061">
    <ele>233.17000000000002</ele>
   </trkpt>
   <trkpt lat="46.052780000000006" lon="-86.5506">
    <ele>233.21000000000004</ele>
   </trkpt>
   <trkpt lat="46.052600000000005" lon="-86.55051">
    <ele>233.24000000000004</ele>
   </trkpt>
   <trkpt lat="46.052150000000005" lon="-86.55035000000001">
    <ele>233.47</ele>
   </trkpt>
   <trkpt lat="46.051950000000005" lon="-86.55025">
    <ele>233.71000000000004</ele>
   </trkpt>
   <trkpt lat="46.051780001671865" lon="-86.55087500203928">
    <ele>233.41</ele>
   </trkpt>
   <trkpt lat="46.051610000000004" lon="-86.5515">
    <ele>233.32000000000002</ele>
   </trkpt>
   <trkpt lat="46.051300000000005" lon="-86.55235">
    <ele>233.71000000000004</ele>
   </trkpt>
   <trkpt lat="46.05097000000001" lon="-86.55303">
    <ele>233.64000000000001</ele>
   </trkpt>
   <trkpt lat="46.05055" lon="-86.55374">
    <ele>233.88000000000002</ele>
   </trkpt>
   <trkpt lat="46.050230001168735" lon="-86.55423500271264">
    <ele>233.52</ele>
   </trkpt>
   <trkpt lat="46.049910000000004" lon="-86.55473">
    <ele>233.27000000000004</ele>
   </trkpt>
   <trkpt lat="46.049320013210036" lon="-86.55560003715964">
    <ele>233.14000000000001</ele>
   </trkpt>
   <trkpt lat="46.04873001981888" lon="-86.55647005573283">
    <ele>233.10000000000002</ele>
   </trkpt>
   <trkpt lat="46.04814001982682" lon="-86.55734005572016">
    <ele>233.18000000000004</ele>
   </trkpt>
   <trkpt lat="46.04755001323411" lon="-86.5582100371222">
    <ele>233.77</ele>
   </trkpt>
   <trkpt lat="46.046960000000006" lon="-86.55908000000001">
    <ele>234.19</ele>
   </trkpt>
   <trkpt lat="46.04656000000001" lon="-86.55951">
    <ele>234.13000000000002</ele>
   </trkpt>
   <trkpt lat="46.046310000000005" lon="-86.55968">
    <ele>233.95000000000002</ele>
   </trkpt>
   <trkpt lat="46.04600000000001" lon="-86.55983">
    <ele>233.87</ele>
   </trkpt>
   <trkpt lat="46.045163334018746" lon="-86.56011667536066">
    <ele>233.69</ele>
   </trkpt>
   <trkpt lat="46.04432666732079" lon="-86.56040334203787">
    <ele>234.08</ele>
   </trkpt>
   <trkpt lat="46.043490000000006" lon="-86.56069000000001">
    <ele>234.36</ele>
   </trkpt>
   <trkpt lat="46.04319" lon="-86.56086">
    <ele>234.55</ele>
   </trkpt>
   <trkpt lat="46.0429" lon="-86.56112">
    <ele>234.63000000000002</ele>
   </trkpt>
   <trkpt lat="46.042680000000004" lon="-86.56134">
    <ele>234.67000000000002</ele>
   </trkpt>
   <trkpt lat="46.04245" lon="-86.56167">
    <ele>234.47</ele>
   </trkpt>
   <trkpt lat="46.04218" lon="-86.56221000000001">
    <ele>234.16</ele>
   </trkpt>
   <trkpt lat="46.042" lon="-86.56275000000001">
    <ele>233.73000000000002</ele>
   </trkpt>
   <trkpt lat="46.04191" lon="-86.56329000000001">
    <ele>233.57000000000002</ele>
   </trkpt>
   <trkpt lat="46.04187671820981" lon="-86.56450556142035">
    <ele>233.24000000000004</ele>
   </trkpt>
   <trkpt lat="46.04184342353376" lon="-86.56572112137592">
    <ele>233.51000000000002</ele>
   </trkpt>
   <trkpt lat="46.041810115971884" lon="-86.56693667986613">
    <ele>233.85000000000002</ele>
   </trkpt>
   <trkpt lat="46.04177679552421" lon="-86.56815223689046">
    <ele>234.07000000000002</ele>
   </trkpt>
   <trkpt lat="46.04174346219076" lon="-86.56936779244829">
    <ele>234.24000000000004</ele>
   </trkpt>
   <trkpt lat="46.041710115971576" lon="-86.5705833465391">
    <ele>234.45000000000002</ele>
   </trkpt>
   <trkpt lat="46.041676756866686" lon="-86.57179889916229">
    <ele>234.51000000000002</ele>
   </trkpt>
   <trkpt lat="46.04164338487611" lon="-86.57301445031734">
    <ele>234.14000000000001</ele>
   </trkpt>
   <trkpt lat="46.041610000000006" lon="-86.57423">
    <ele>233.68000000000004</ele>
   </trkpt>
   <trkpt lat="46.04157602133483" lon="-86.57533600274141">
    <ele>233.82000000000002</ele>
   </trkpt>
   <trkpt lat="46.0415420320019" lon="-86.5764420041222">
    <ele>233.98000000000002</ele>
   </trkpt>
   <trkpt lat="46.041508032001275" lon="-86.57754800414199">
    <ele>233.69</ele>
   </trkpt>
   <trkpt lat="46.04147402133298" lon="-86.57865400280029">
    <ele>231.36</ele>
   </trkpt>
   <trkpt lat="46.04144" lon="-86.57976000000001">
    <ele>228.4</ele>
   </trkpt>
   <trkpt lat="46.041410000000006" lon="-86.5801">
    <ele>228.13000000000002</ele>
   </trkpt>
   <trkpt lat="46.04135" lon="-86.58042">
    <ele>228.13000000000002</ele>
   </trkpt>
   <trkpt lat="46.04121000000001" lon="-86.58095">
    <ele>228.94000000000003</ele>
   </trkpt>
   <trkpt lat="46.04097" lon="-86.58151000000001">
    <ele>231.70000000000002</ele>
   </trkpt>
   <trkpt lat="46.040780000000005" lon="-86.58181">
    <ele>231.70000000000002</ele>
   </trkpt>
   <trkpt lat="46.04029000340213" lon="-86.58243667781076">
    <ele>233.15</ele>
   </trkpt>
   <trkpt lat="46.03980000337939" lon="-86.58306334450636">
    <ele>233.8</ele>
   </trkpt>
   <trkpt lat="46.03931" lon="-86.58369">
    <ele>234.31</ele>
   </trkpt>
   <trkpt lat="46.038850000000004" lon="-86.58435">
    <ele>234.40000000000003</ele>
   </trkpt>
   <trkpt lat="46.03864" lon="-86.58468">
    <ele>234.25</ele>
   </trkpt>
   <trkpt lat="46.03848000000001" lon="-86.58502">
    <ele>234.20000000000002</ele>
   </trkpt>
   <trkpt lat="46.03835" lon="-86.58543">
    <ele>233.93000000000004</ele>
   </trkpt>
   <trkpt lat="46.038250000000005" lon="-86.58581000000001">
    <ele>233.85000000000002</ele>
   </trkpt>
   <trkpt lat="46.038140000000006" lon="-86.58656">
    <ele>233.44</ele>
   </trkpt>
   <trkpt lat="46.038140000000006" lon="-86.58699">
    <ele>233.34</ele>
   </trkpt>
   <trkpt lat="46.03817" lon="-86.58744">
    <ele>233.3</ele>
   </trkpt>
   <trkpt lat="46.038230000000006" lon="-86.5879">
    <ele>233.27000000000004</ele>
   </trkpt>
   <trkpt lat="46.0384466771552" lon="-86.58899665806665">
    <ele>233.05</ele>
   </trkpt>
   <trkpt lat="46.038663343822016" lon="-86.59009332473391">
    <ele>232.65</ele>
   </trkpt>
   <trkpt lat="46.038880000000006" lon="-86.59119000000001">
    <ele>232.3</ele>
   </trkpt>
   <trkpt lat="46.03896" lon="-86.59165">
    <ele>232.73000000000002</ele>
   </trkpt>
   <trkpt lat="46.039063342414366" lon="-86.592669996262">
    <ele>233.55</ele>
   </trkpt>
   <trkpt lat="46.03916667575553" lon="-86.59368999633924">
    <ele>234.29000000000002</ele>
   </trkpt>
   <trkpt lat="46.03927" lon="-86.59471">
    <ele>234.86</ele>
   </trkpt>
   <trkpt lat="46.03929" lon="-86.59581">
    <ele>234.95000000000002</ele>
   </trkpt>
   <trkpt lat="46.03918" lon="-86.59703">
    <ele>233.03</ele>
   </trkpt>
   <trkpt lat="46.039060000000006" lon="-86.5977">
    <ele>232.41</ele>
   </trkpt>
   <trkpt lat="46.039060000000006" lon="-86.59771">
    <ele>232.41</ele>
   </trkpt>
   <trkpt lat="46.03905" lon="-86.59775">
    <ele>232.41</ele>
   </trkpt>
   <trkpt lat="46.03949" lon="-86.59794000000001">
    <ele>231.16000000000003</ele>
   </trkpt>
   <trkpt lat="46.04005" lon="-86.59815">
    <ele>230.10000000000002</ele>
   </trkpt>
   <trkpt lat="46.040470000000006" lon="-86.59821000000001">
    <ele>230.18</ele>
   </trkpt>
   <trkpt lat="46.04129749999239" lon="-86.59819250078657">
    <ele>233.51000000000002</ele>
   </trkpt>
   <trkpt lat="46.04212499998209" lon="-86.59817500104894">
    <ele>233.82000000000002</ele>
   </trkpt>
   <trkpt lat="46.04295249996913" lon="-86.59815750078708">
    <ele>233.9</ele>
   </trkpt>
   <trkpt lat="46.043780000000005" lon="-86.59814">
    <ele>233.9</ele>
   </trkpt>
   <trkpt lat="46.043980000000005" lon="-86.59807">
    <ele>234.07000000000002</ele>
   </trkpt>
   <trkpt lat="46.044180000000004" lon="-86.59794000000001">
    <ele>234.17000000000002</ele>
   </trkpt>
   <trkpt lat="46.04484667105507" lon="-86.59723335035382">
    <ele>234.45000000000002</ele>
   </trkpt>
   <trkpt lat="46.04551333775526" lon="-86.59652668365194">
    <ele>233.16</ele>
   </trkpt>
   <trkpt lat="46.04618000000001" lon="-86.59582">
    <ele>231.36</ele>
   </trkpt>
   <trkpt lat="46.04654" lon="-86.59548000000001">
    <ele>232.10000000000002</ele>
   </trkpt>
   <trkpt lat="46.0471100006682" lon="-86.59519333927385">
    <ele>232.01000000000002</ele>
   </trkpt>
   <trkpt lat="46.04768000061974" lon="-86.59490667263164">
    <ele>231.28</ele>
   </trkpt>
   <trkpt lat="46.04825" lon="-86.59462">
    <ele>234.22</ele>
   </trkpt>
   <trkpt lat="46.04898500052603" lon="-86.59427500458752">
    <ele>234.97</ele>
   </trkpt>
   <trkpt lat="46.04972" lon="-86.59393">
    <ele>234.92000000000002</ele>
   </trkpt>
   <trkpt lat="46.05054556144734" lon="-86.59351893805125">
    <ele>235.12</ele>
   </trkpt>
   <trkpt lat="46.05137112142106" lon="-86.59310786381397">
    <ele>235.20000000000002</ele>
   </trkpt>
   <trkpt lat="46.0521966799211" lon="-86.59269677728747">
    <ele>235.46000000000004</ele>
   </trkpt>
   <trkpt lat="46.05302223694734" lon="-86.59228567847104">
    <ele>234.8</ele>
   </trkpt>
   <trkpt lat="46.05384779249971" lon="-86.59187456736399">
    <ele>235.18000000000004</ele>
   </trkpt>
   <trkpt lat="46.05467334657814" lon="-86.59146344396562">
    <ele>235.19</ele>
   </trkpt>
   <trkpt lat="46.05549889918251" lon="-86.59105230827522">
    <ele>235.11</ele>
   </trkpt>
   <trkpt lat="46.05632445031275" lon="-86.59064116029211">
    <ele>235.18000000000004</ele>
   </trkpt>
   <trkpt lat="46.05715000000001" lon="-86.59023">
    <ele>236.05</ele>
   </trkpt>
   <trkpt lat="46.057480000000005" lon="-86.58996">
    <ele>235.79000000000002</ele>
   </trkpt>
   <trkpt lat="46.05794000152161" lon="-86.58936000506112">
    <ele>235.96000000000004</ele>
   </trkpt>
   <trkpt lat="46.058400000000006" lon="-86.58876000000001">
    <ele>235.87000000000003</ele>
   </trkpt>
   <trkpt lat="46.058730000000004" lon="-86.58829">
    <ele>236.18000000000004</ele>
   </trkpt>
   <trkpt lat="46.05895" lon="-86.58785">
    <ele>236.66</ele>
   </trkpt>
   <trkpt lat="46.059090000000005" lon="-86.5874">
    <ele>236.79000000000002</ele>
   </trkpt>
   <trkpt lat="46.059290000000004" lon="-86.58657000000001">
    <ele>236.68000000000004</ele>
   </trkpt>
   <trkpt lat="46.05958002088607" lon="-86.58547602293953">
    <ele>236.54000000000002</ele>
   </trkpt>
   <trkpt lat="46.05987003133522" lon="-86.58438203438678">
    <ele>236.62000000000003</ele>
   </trkpt>
   <trkpt lat="46.06016003134729" lon="-86.58328803434192">
    <ele>236.38</ele>
   </trkpt>
   <trkpt lat="46.060450020922005" lon="-86.58219402280517">
    <ele>237.24</ele>
   </trkpt>
   <trkpt lat="46.06074" lon="-86.5811">
    <ele>235.17000000000002</ele>
   </trkpt>
   <trkpt lat="46.060950002359064" lon="-86.58036500278334">
    <ele>234.15000000000003</ele>
   </trkpt>
   <trkpt lat="46.06116" lon="-86.57963000000001">
    <ele>234.25</ele>
   </trkpt>
   <trkpt lat="46.06136000155758" lon="-86.57902500230777">
    <ele>234.97</ele>
   </trkpt>
   <trkpt lat="46.06156000000001" lon="-86.57842000000001">
    <ele>235.82000000000002</ele>
   </trkpt>
   <trkpt lat="46.061910000000005" lon="-86.57790000000001">
    <ele>235.37</ele>
   </trkpt>
   <trkpt lat="46.06247251040108" lon="-86.57700752730939">
    <ele>234.32000000000002</ele>
   </trkpt>
   <trkpt lat="46.063035013855924" lon="-86.57611503643241">
    <ele>234.61</ele>
   </trkpt>
   <trkpt lat="46.06359751036433" lon="-86.57522252736862">
    <ele>235.98000000000002</ele>
   </trkpt>
   <trkpt lat="46.06416" lon="-86.57433">
    <ele>236.93000000000004</ele>
   </trkpt>
   <trkpt lat="46.06443" lon="-86.57403000000001">
    <ele>236.49</ele>
   </trkpt>
   <trkpt lat="46.06465" lon="-86.57386000000001">
    <ele>236.52</ele>
   </trkpt>
   <trkpt lat="46.06539333467925" lon="-86.57347667695687">
    <ele>235.59</ele>
   </trkpt>
   <trkpt lat="46.066136668077085" lon="-86.57309334359047">
    <ele>237.16</ele>
   </trkpt>
   <trkpt lat="46.066880000000005" lon="-86.57271">
    <ele>237.94</ele>
   </trkpt>
   <trkpt lat="46.067510000000006" lon="-86.5724">
    <ele>237.8</ele>
   </trkpt>
   <trkpt lat="46.067750000000004" lon="-86.57231">
    <ele>237.65000000000003</ele>
   </trkpt>
   <trkpt lat="46.068000000000005" lon="-86.57227">
    <ele>237.65000000000003</ele>
   </trkpt>
   <trkpt lat="46.06878249999796" lon="-86.57230749840416">
    <ele>237.12000000000003</ele>
   </trkpt>
   <trkpt lat="46.069564999983655" lon="-86.57234499787151">
    <ele>236.60000000000002</ele>
   </trkpt>
   <trkpt lat="46.070347499957094" lon="-86.57238249840213">
    <ele>237.8</ele>
   </trkpt>
   <trkpt lat="46.071130000000004" lon="-86.57242000000001">
    <ele>239.1</ele>
   </trkpt>
   <trkpt lat="46.07141000000001" lon="-86.57253">
    <ele>239.23000000000002</ele>
   </trkpt>
   <trkpt lat="46.071720000000006" lon="-86.57272">
    <ele>239.12000000000003</ele>
   </trkpt>
   <trkpt lat="46.072376668530524" lon="-86.57318665553653">
    <ele>238.75</ele>
   </trkpt>
   <trkpt lat="46.07303333516195" lon="-86.57365332217798">
    <ele>239.15000000000003</ele>
   </trkpt>
   <trkpt lat="46.073690000000006" lon="-86.57412000000001">
    <ele>238.62000000000003</ele>
   </trkpt>
   <trkpt lat="46.07406" lon="-86.57441">
    <ele>238.94</ele>
   </trkpt>
   <trkpt lat="46.07433" lon="-86.57468">
    <ele>238.67000000000002</ele>
   </trkpt>
   <trkpt lat="46.07489667120236" lon="-86.57540331844386">
    <ele>238.59000000000003</ele>
   </trkpt>
   <trkpt lat="46.07546333784212" lon="-86.57612665174264">
    <ele>237.28</ele>
   </trkpt>
   <trkpt lat="46.07603" lon="-86.57685000000001">
    <ele>238.18000000000004</ele>
   </trkpt>
   <trkpt lat="46.07660000260061" lon="-86.57763499177256">
    <ele>237.14000000000001</ele>
   </trkpt>
   <trkpt lat="46.07717" lon="-86.57842000000001">
    <ele>237.68000000000004</ele>
   </trkpt>
   <trkpt lat="46.0778" lon="-86.57924000000001">
    <ele>237.29000000000002</ele>
   </trkpt>
   <trkpt lat="46.07797" lon="-86.57956">
    <ele>237.26000000000002</ele>
   </trkpt>
   <trkpt lat="46.07821000169114" lon="-86.5801699975214">
    <ele>236.75</ele>
   </trkpt>
   <trkpt lat="46.078450000000004" lon="-86.58078">
    <ele>238.0</ele>
   </trkpt>
   <trkpt lat="46.078806675289925" lon="-86.58177332054368">
    <ele>239.28000000000003</ele>
   </trkpt>
   <trkpt lat="46.07916334197538" lon="-86.58276665392914">
    <ele>238.27</ele>
   </trkpt>
   <trkpt lat="46.07952" lon="-86.58376000000001">
    <ele>239.84000000000003</ele>
   </trkpt>
   <trkpt lat="46.079890000000006" lon="-86.58453">
    <ele>239.71</ele>
   </trkpt>
   <trkpt lat="46.08046250513813" lon="-86.58515748045315">
    <ele>238.96</ele>
   </trkpt>
   <trkpt lat="46.081035006842676" lon="-86.58578497392818">
    <ele>238.85</ele>
   </trkpt>
   <trkpt lat="46.08160750511351" lon="-86.58641248042555">
    <ele>238.67000000000002</ele>
   </trkpt>
   <trkpt lat="46.08218" lon="-86.58704">
    <ele>236.81</ele>
   </trkpt>
   <trkpt lat="46.08259" lon="-86.58755000000001">
    <ele>236.90000000000003</ele>
   </trkpt>
   <trkpt lat="46.08278000000001" lon="-86.58782000000001">
    <ele>237.23000000000002</ele>
   </trkpt>
   <trkpt lat="46.08325000390815" lon="-86.58876999185225">
    <ele>238.3</ele>
   </trkpt>
   <trkpt lat="46.08372000000001" lon="-86.58972000000001">
    <ele>240.04000000000002</ele>
   </trkpt>
   <trkpt lat="46.08408000000001" lon="-86.59046000000001">
    <ele>240.39000000000001</ele>
   </trkpt>
   <trkpt lat="46.08422" lon="-86.59071">
    <ele>240.59000000000003</ele>
   </trkpt>
   <trkpt lat="46.08462" lon="-86.5912">
    <ele>240.87000000000003</ele>
   </trkpt>
   <trkpt lat="46.08485" lon="-86.59134">
    <ele>240.89000000000001</ele>
   </trkpt>
   <trkpt lat="46.085210000000004" lon="-86.59152">
    <ele>241.05</ele>
   </trkpt>
   <trkpt lat="46.085755000260875" lon="-86.59185499654993">
    <ele>241.16</ele>
   </trkpt>
   <trkpt lat="46.0863" lon="-86.59219">
    <ele>241.32</ele>
   </trkpt>
   <trkpt lat="46.087060000784355" lon="-86.59263499382266">
    <ele>241.63</ele>
   </trkpt>
   <trkpt lat="46.08782" lon="-86.59308">
    <ele>241.89000000000001</ele>
   </trkpt>
   <trkpt lat="46.08805" lon="-86.59315000000001">
    <ele>241.94</ele>
   </trkpt>
   <trkpt lat="46.08829" lon="-86.59317">
    <ele>242.06000000000003</ele>
   </trkpt>
   <trkpt lat="46.08898000004999" lon="-86.59310750234565">
    <ele>242.20000000000002</ele>
   </trkpt>
   <trkpt lat="46.089670000065915" lon="-86.59304500312764">
    <ele>242.48000000000002</ele>
   </trkpt>
   <trkpt lat="46.09036000004779" lon="-86.59298250234592">
    <ele>242.97000000000003</ele>
   </trkpt>
   <trkpt lat="46.09105" lon="-86.59292">
    <ele>243.02</ele>
   </trkpt>
   <trkpt lat="46.09187333354947" lon="-86.59282000746451">
    <ele>242.77</ele>
   </trkpt>
   <trkpt lat="46.09269666701175" lon="-86.59272001194354">
    <ele>243.45000000000002</ele>
   </trkpt>
   <trkpt lat="46.09352000038683" lon="-86.5926200134369">
    <ele>243.75000000000003</ele>
   </trkpt>
   <trkpt lat="46.09434333367469" lon="-86.59252001194444">
    <ele>244.18</ele>
   </trkpt>
   <trkpt lat="46.09516666687536" lon="-86.59242000746599">
    <ele>244.47000000000003</ele>
   </trkpt>
   <trkpt lat="46.09599" lon="-86.59232">
    <ele>244.54</ele>
   </trkpt>
   <trkpt lat="46.09686714327632" lon="-86.59219286927825">
    <ele>245.50000000000003</ele>
   </trkpt>
   <trkpt lat="46.09774428641169" lon="-86.59206573451195">
    <ele>245.25000000000003</ele>
   </trkpt>
   <trkpt lat="46.098621429406116" lon="-86.59193859570087">
    <ele>245.46</ele>
   </trkpt>
   <trkpt lat="46.099498572259584" lon="-86.59181145284478">
    <ele>245.79</ele>
   </trkpt>
   <trkpt lat="46.10037571497207" lon="-86.59168430594339">
    <ele>246.69000000000003</ele>
   </trkpt>
   <trkpt lat="46.10125285754358" lon="-86.59155715499647">
    <ele>247.08</ele>
   </trkpt>
   <trkpt lat="46.10213" lon="-86.59143">
    <ele>247.43</ele>
   </trkpt>
   <trkpt lat="46.10291999998254" lon="-86.59134000129566">
    <ele>247.48000000000002</ele>
   </trkpt>
   <trkpt lat="46.10371000000001" lon="-86.59125">
    <ele>248.04</ele>
   </trkpt>
   <trkpt lat="46.10394" lon="-86.59125">
    <ele>248.12</ele>
   </trkpt>
   <trkpt lat="46.104060000000004" lon="-86.59126">
    <ele>248.14000000000001</ele>
   </trkpt>
   <trkpt lat="46.10439" lon="-86.59144">
    <ele>248.33</ele>
   </trkpt>
   <trkpt lat="46.10463" lon="-86.59174">
    <ele>248.36</ele>
   </trkpt>
   <trkpt lat="46.10510667151132" lon="-86.59248665372778">
    <ele>248.72000000000003</ele>
   </trkpt>
   <trkpt lat="46.105583338161146" lon="-86.59323332036787">
    <ele>249.14000000000001</ele>
   </trkpt>
   <trkpt lat="46.10606000000001" lon="-86.59398">
    <ele>249.28000000000003</ele>
   </trkpt>
   <trkpt lat="46.106657509215495" lon="-86.59481997266566">
    <ele>249.83</ele>
   </trkpt>
   <trkpt lat="46.107255012278316" lon="-86.59565996354091">
    <ele>250.02</ele>
   </trkpt>
   <trkpt lat="46.10785250918822" lon="-86.59649997262636">
    <ele>250.36</ele>
   </trkpt>
   <trkpt lat="46.108450000000005" lon="-86.59734">
    <ele>251.18</ele>
   </trkpt>
   <trkpt lat="46.10896000505855" lon="-86.59810331917406">
    <ele>251.54000000000005</ele>
   </trkpt>
   <trkpt lat="46.10947000503619" lon="-86.5988666524737">
    <ele>251.79000000000002</ele>
   </trkpt>
   <trkpt lat="46.10998000000001" lon="-86.59963">
    <ele>252.25000000000003</ele>
   </trkpt>
   <trkpt lat="46.110505002462524" lon="-86.60038999267998">
    <ele>252.58</ele>
   </trkpt>
   <trkpt lat="46.11103000000001" lon="-86.60115">
    <ele>252.69000000000003</ele>
   </trkpt>
   <trkpt lat="46.11137500134229" lon="-86.60168999673077">
    <ele>252.94</ele>
   </trkpt>
   <trkpt lat="46.111720000000005" lon="-86.60223">
    <ele>253.20000000000002</ele>
   </trkpt>
   <trkpt lat="46.11195000000001" lon="-86.60233000000001">
    <ele>253.67</ele>
   </trkpt>
   <trkpt lat="46.112790000328445" lon="-86.60260999572789">
    <ele>254.08</ele>
   </trkpt>
   <trkpt lat="46.11363" lon="-86.60289">
    <ele>254.53000000000003</ele>
   </trkpt>
   <trkpt lat="46.114270000000005" lon="-86.60309000000001">
    <ele>254.93000000000004</ele>
   </trkpt>
   <trkpt lat="46.11504333392174" lon="-86.60334999270243">
    <ele>254.60000000000005</ele>
   </trkpt>
   <trkpt lat="46.11581666725404" lon="-86.60360999270193">
    <ele>254.51000000000002</ele>
   </trkpt>
   <trkpt lat="46.11659" lon="-86.60387">
    <ele>255.29000000000002</ele>
   </trkpt>
   <trkpt lat="46.11709000015663" lon="-86.6040549983241">
    <ele>255.48000000000005</ele>
   </trkpt>
   <trkpt lat="46.11759000000001" lon="-86.60424">
    <ele>254.81000000000003</ele>
   </trkpt>
   <trkpt lat="46.11840500025705" lon="-86.60448499637484">
    <ele>254.29000000000002</ele>
   </trkpt>
   <trkpt lat="46.119220000000006" lon="-86.60473">
    <ele>253.18</ele>
   </trkpt>
   <trkpt lat="46.119530000000005" lon="-86.60477">
    <ele>252.54999999999998</ele>
   </trkpt>
   <trkpt lat="46.11984" lon="-86.60474">
    <ele>252.47000000000003</ele>
   </trkpt>
   <trkpt lat="46.120270000000005" lon="-86.60468">
    <ele>252.99000000000004</ele>
   </trkpt>
   <trkpt lat="46.12108333399529" lon="-86.60440000827423">
    <ele>254.06</ele>
   </trkpt>
   <trkpt lat="46.12189666730697" lon="-86.60412000828185">
    <ele>253.60000000000005</ele>
   </trkpt>
   <trkpt lat="46.122710000000005" lon="-86.60384">
    <ele>253.24</ele>
   </trkpt>
   <trkpt lat="46.12352333389738" lon="-86.60358334091514">
    <ele>254.56</ele>
   </trkpt>
   <trkpt lat="46.12433666722032" lon="-86.60332667425189">
    <ele>257.09000000000003</ele>
   </trkpt>
   <trkpt lat="46.125150000000005" lon="-86.60307">
    <ele>256.78000000000003</ele>
   </trkpt>
   <trkpt lat="46.1257" lon="-86.60293">
    <ele>257.20000000000005</ele>
   </trkpt>
   <trkpt lat="46.12608" lon="-86.60291000000001">
    <ele>257.52000000000004</ele>
   </trkpt>
   <trkpt lat="46.126673333451265" lon="-86.6030366639333">
    <ele>258.05</ele>
   </trkpt>
   <trkpt lat="46.12726666676264" lon="-86.60316333059522">
    <ele>258.20000000000005</ele>
   </trkpt>
   <trkpt lat="46.127860000000005" lon="-86.60329">
    <ele>258.38</ele>
   </trkpt>
   <trkpt lat="46.128620000000005" lon="-86.60347">
    <ele>258.45</ele>
   </trkpt>
   <trkpt lat="46.128820000000005" lon="-86.60358000000001">
    <ele>258.49</ele>
   </trkpt>
   <trkpt lat="46.128960000000006" lon="-86.6037">
    <ele>258.5</ele>
   </trkpt>
   <trkpt lat="46.12930000103126" lon="-86.60418999695293">
    <ele>258.41</ele>
   </trkpt>
   <trkpt lat="46.12964" lon="-86.60468">
    <ele>258.42</ele>
   </trkpt>
   <trkpt lat="46.130030000000005" lon="-86.60510000000001">
    <ele>258.03000000000003</ele>
   </trkpt>
   <trkpt lat="46.130190000000006" lon="-86.60522">
    <ele>257.94</ele>
   </trkpt>
   <trkpt lat="46.130340000000004" lon="-86.60528000000001">
    <ele>257.86</ele>
   </trkpt>
   <trkpt lat="46.130590000000005" lon="-86.60535">
    <ele>258.06</ele>
   </trkpt>
   <trkpt lat="46.1311600000841" lon="-86.60543999907628">
    <ele>258.68</ele>
   </trkpt>
   <trkpt lat="46.131730000000005" lon="-86.60553">
    <ele>257.01</ele>
   </trkpt>
   <trkpt lat="46.13253750013005" lon="-86.60561999604393">
    <ele>255.48000000000005</ele>
   </trkpt>
   <trkpt lat="46.13334500018946" lon="-86.60570999472691">
    <ele>255.9</ele>
   </trkpt>
   <trkpt lat="46.13415250017823" lon="-86.60579999604914">
    <ele>255.86</ele>
   </trkpt>
   <trkpt lat="46.13496000000001" lon="-86.60589">
    <ele>256.03000000000003</ele>
   </trkpt>
   <trkpt lat="46.13567666674408" lon="-86.60597666441232">
    <ele>256.39</ele>
   </trkpt>
   <trkpt lat="46.13639333342266" lon="-86.60606333108039">
    <ele>256.59000000000003</ele>
   </trkpt>
   <trkpt lat="46.13711000000001" lon="-86.60615000000001">
    <ele>256.97</ele>
   </trkpt>
   <trkpt lat="46.137060000000005" lon="-86.60575">
    <ele>257.15000000000003</ele>
   </trkpt>
   <trkpt lat="46.137060000000005" lon="-86.60553">
    <ele>257.58000000000004</ele>
   </trkpt>
   <trkpt lat="46.137240000000006" lon="-86.60442">
    <ele>261.18</ele>
   </trkpt>
   <trkpt lat="46.137285002731915" lon="-86.60363000045388">
    <ele>262.08000000000004</ele>
   </trkpt>
   <trkpt lat="46.137330000000006" lon="-86.60284">
    <ele>263.17</ele>
   </trkpt>
   <trkpt lat="46.13738" lon="-86.60268">
    <ele>263.17</ele>
   </trkpt>
   <trkpt lat="46.137800000000006" lon="-86.60195">
    <ele>265.02000000000004</ele>
   </trkpt>
   <trkpt lat="46.13786" lon="-86.60159">
    <ele>265.73</ele>
   </trkpt>
   <trkpt lat="46.13785" lon="-86.60040000000001">
    <ele>266.04</ele>
   </trkpt>
   <trkpt lat="46.13782667573595" lon="-86.59937999901497">
    <ele>265.99</ele>
   </trkpt>
   <trkpt lat="46.13780334239985" lon="-86.59835999889421">
    <ele>265.44</ele>
   </trkpt>
   <trkpt lat="46.13778000000001" lon="-86.59734">
    <ele>266.37</ele>
   </trkpt>
   <trkpt lat="46.137750000000004" lon="-86.59708">
    <ele>267.89</ele>
   </trkpt>
   <trkpt lat="46.137570000000004" lon="-86.59618">
    <ele>268.07000000000005</ele>
   </trkpt>
   <trkpt lat="46.13756" lon="-86.59527000000001">
    <ele>266.85</ele>
   </trkpt>
   <trkpt lat="46.13747" lon="-86.59465">
    <ele>265.94</ele>
   </trkpt>
   <trkpt lat="46.13729500303132" lon="-86.59381999749404">
    <ele>265.6</ele>
   </trkpt>
   <trkpt lat="46.13712" lon="-86.59299">
    <ele>264.91</ele>
   </trkpt>
   <trkpt lat="46.13709" lon="-86.5926">
    <ele>264.48</ele>
   </trkpt>
   <trkpt lat="46.13712" lon="-86.59216">
    <ele>262.59000000000003</ele>
   </trkpt>
   <trkpt lat="46.137150000000005" lon="-86.59091000000001">
    <ele>259.97</ele>
   </trkpt>
   <trkpt lat="46.13720000000001" lon="-86.59018">
    <ele>260.23</ele>
   </trkpt>
   <trkpt lat="46.137190000000004" lon="-86.58938">
    <ele>259.73</ele>
   </trkpt>
   <trkpt lat="46.137150000000005" lon="-86.5891">
    <ele>259.55</ele>
   </trkpt>
   <trkpt lat="46.13698" lon="-86.58867000000001">
    <ele>259.12</ele>
   </trkpt>
   <trkpt lat="46.13666500125279" lon="-86.58814499708195">
    <ele>258.93</ele>
   </trkpt>
   <trkpt lat="46.13635000000001" lon="-86.58762">
    <ele>259.11</ele>
   </trkpt>
   <trkpt lat="46.136030000000005" lon="-86.58718">
    <ele>258.68</ele>
   </trkpt>
   <trkpt lat="46.13562" lon="-86.58675000000001">
    <ele>258.27</ele>
   </trkpt>
   <trkpt lat="46.13539" lon="-86.58643000000001">
    <ele>258.12</ele>
   </trkpt>
   <trkpt lat="46.13526" lon="-86.58615">
    <ele>257.73</ele>
   </trkpt>
   <trkpt lat="46.13526" lon="-86.58614">
    <ele>257.19</ele>
   </trkpt>
   <trkpt lat="46.13546" lon="-86.58595000000001">
    <ele>257.42</ele>
   </trkpt>
   <trkpt lat="46.135400000000004" lon="-86.58574">
    <ele>257.24</ele>
   </trkpt>
   <trkpt lat="46.13534000000001" lon="-86.5852">
    <ele>257.04</ele>
   </trkpt>
   <trkpt lat="46.13535" lon="-86.58506000000001">
    <ele>257.01</ele>
   </trkpt>
   <trkpt lat="46.135380000000005" lon="-86.58492000000001">
    <ele>257.01</ele>
   </trkpt>
   <trkpt lat="46.13557" lon="-86.58445">
    <ele>257.26000000000005</ele>
   </trkpt>
   <trkpt lat="46.13570000000001" lon="-86.58418">
    <ele>257.53000000000003</ele>
   </trkpt>
   <trkpt lat="46.135850000000005" lon="-86.58367000000001">
    <ele>257.49</ele>
   </trkpt>
   <trkpt lat="46.13562" lon="-86.58342">
    <ele>259.06</ele>
   </trkpt>
   <trkpt lat="46.13590000000001" lon="-86.58279">
    <ele>258.92</ele>
   </trkpt>
   <trkpt lat="46.135960000000004" lon="-86.58256">
    <ele>258.93</ele>
   </trkpt>
   <trkpt lat="46.136070000000004" lon="-86.58151000000001">
    <ele>259.09999999999997</ele>
   </trkpt>
   <trkpt lat="46.136210000000005" lon="-86.58041">
    <ele>259.13</ele>
   </trkpt>
   <trkpt lat="46.13624" lon="-86.57949">
    <ele>258.65999999999997</ele>
   </trkpt>
   <trkpt lat="46.13636" lon="-86.5788">
    <ele>257.28000000000003</ele>
   </trkpt>
   <trkpt lat="46.13647" lon="-86.5784">
    <ele>256.32000000000005</ele>
   </trkpt>
   <trkpt lat="46.13676" lon="-86.57766000000001">
    <ele>253.38</ele>
   </trkpt>
   <trkpt lat="46.13716" lon="-86.57679">
    <ele>250.63000000000002</ele>
   </trkpt>
   <trkpt lat="46.13736" lon="-86.57612">
    <ele>249.93</ele>
   </trkpt>
   <trkpt lat="46.13745" lon="-86.57488000000001">
    <ele>251.60000000000005</ele>
   </trkpt>
   <trkpt lat="46.13754" lon="-86.57447">
    <ele>253.14000000000001</ele>
   </trkpt>
   <trkpt lat="46.13774" lon="-86.5738">
    <ele>254.5</ele>
   </trkpt>
   <trkpt lat="46.137930000000004" lon="-86.57331">
    <ele>255.69000000000003</ele>
   </trkpt>
   <trkpt lat="46.1381" lon="-86.57298">
    <ele>255.8</ele>
   </trkpt>
   <trkpt lat="46.13842" lon="-86.57245">
    <ele>255.69000000000003</ele>
   </trkpt>
   <trkpt lat="46.138540000000006" lon="-86.57215000000001">
    <ele>256.04</ele>
   </trkpt>
   <trkpt lat="46.13855" lon="-86.57191">
    <ele>256.08000000000004</ele>
   </trkpt>
   <trkpt lat="46.1385" lon="-86.5716">
    <ele>255.87000000000003</ele>
   </trkpt>
   <trkpt lat="46.138200000000005" lon="-86.57084">
    <ele>255.34</ele>
   </trkpt>
   <trkpt lat="46.13814000000001" lon="-86.57061">
    <ele>255.22</ele>
   </trkpt>
   <trkpt lat="46.13812" lon="-86.57034">
    <ele>255.32000000000005</ele>
   </trkpt>
   <trkpt lat="46.13817" lon="-86.56949">
    <ele>255.04000000000005</ele>
   </trkpt>
   <trkpt lat="46.13821" lon="-86.56915000000001">
    <ele>254.08</ele>
   </trkpt>
   <trkpt lat="46.13839" lon="-86.56838">
    <ele>253.22</ele>
   </trkpt>
   <trkpt lat="46.13857" lon="-86.5673">
    <ele>252.31000000000003</ele>
   </trkpt>
   <trkpt lat="46.138700001943384" lon="-86.56662500181739">
    <ele>252.65000000000003</ele>
   </trkpt>
   <trkpt lat="46.138830000000006" lon="-86.56595">
    <ele>253.01000000000002</ele>
   </trkpt>
   <trkpt lat="46.13886" lon="-86.56561">
    <ele>252.84</ele>
   </trkpt>
   <trkpt lat="46.138870000000004" lon="-86.56501">
    <ele>252.68</ele>
   </trkpt>
   <trkpt lat="46.138850002759014" lon="-86.56421499984889">
    <ele>252.8</ele>
   </trkpt>
   <trkpt lat="46.138830000000006" lon="-86.56342000000001">
    <ele>252.35000000000002</ele>
   </trkpt>
   <trkpt lat="46.138850000000005" lon="-86.56314">
    <ele>252.35000000000002</ele>
   </trkpt>
   <trkpt lat="46.1390850026807" lon="-86.56235000350716">
    <ele>252.22</ele>
   </trkpt>
   <trkpt lat="46.139320000000005" lon="-86.56156">
    <ele>251.60000000000005</ele>
   </trkpt>
   <trkpt lat="46.139790000000005" lon="-86.56067">
    <ele>250.70000000000002</ele>
   </trkpt>
   <trkpt lat="46.14009" lon="-86.56">
    <ele>250.22</ele>
   </trkpt>
   <trkpt lat="46.14029" lon="-86.55925">
    <ele>250.42000000000002</ele>
   </trkpt>
   <trkpt lat="46.140390000000004" lon="-86.55881000000001">
    <ele>250.41000000000003</ele>
   </trkpt>
   <trkpt lat="46.14045" lon="-86.55839">
    <ele>249.9</ele>
   </trkpt>
   <trkpt lat="46.14047" lon="-86.558">
    <ele>249.53000000000003</ele>
   </trkpt>
   <trkpt lat="46.14067000000001" lon="-86.55785">
    <ele>249.36</ele>
   </trkpt>
   <trkpt lat="46.140930000000004" lon="-86.55751000000001">
    <ele>249.13000000000002</ele>
   </trkpt>
   <trkpt lat="46.14108" lon="-86.55727">
    <ele>249.48</ele>
   </trkpt>
   <trkpt lat="46.141506673199764" lon="-86.55640334679913">
    <ele>249.98</ele>
   </trkpt>
   <trkpt lat="46.14193333985015" lon="-86.55553668016573">
    <ele>250.09000000000003</ele>
   </trkpt>
   <trkpt lat="46.142360000000004" lon="-86.55467">
    <ele>250.8</ele>
   </trkpt>
   <trkpt lat="46.142693339434395" lon="-86.55383334347175">
    <ele>252.51000000000002</ele>
   </trkpt>
   <trkpt lat="46.14302667276499" lon="-86.55299667681213">
    <ele>253.09000000000003</ele>
   </trkpt>
   <trkpt lat="46.14336" lon="-86.55216">
    <ele>254.71000000000004</ele>
   </trkpt>
   <trkpt lat="46.1435" lon="-86.55163">
    <ele>255.39000000000001</ele>
   </trkpt>
   <trkpt lat="46.14361" lon="-86.55109">
    <ele>255.58</ele>
   </trkpt>
   <trkpt lat="46.14376" lon="-86.54984">
    <ele>255.28</ele>
   </trkpt>
   <trkpt lat="46.14380500461007" lon="-86.54881000119185">
    <ele>254.85000000000002</ele>
   </trkpt>
   <trkpt lat="46.14385" lon="-86.54778">
    <ele>254.34</ele>
   </trkpt>
   <trkpt lat="46.14386500318232" lon="-86.54692500050862">
    <ele>254.25000000000003</ele>
   </trkpt>
   <trkpt lat="46.14388" lon="-86.54607">
    <ele>254.62</ele>
   </trkpt>
   <trkpt lat="46.14396000000001" lon="-86.54531">
    <ele>254.48999999999998</ele>
   </trkpt>
   <trkpt lat="46.14403" lon="-86.54509">
    <ele>254.58</ele>
   </trkpt>
   <trkpt lat="46.14441" lon="-86.54429">
    <ele>255.07000000000002</ele>
   </trkpt>
   <trkpt lat="46.144600000000004" lon="-86.5441">
    <ele>255.1</ele>
   </trkpt>
   <trkpt lat="46.14475" lon="-86.54403">
    <ele>254.75000000000003</ele>
   </trkpt>
   <trkpt lat="46.145309999925836" lon="-86.54395500077617">
    <ele>253.58</ele>
   </trkpt>
   <trkpt lat="46.14587" lon="-86.54388">
    <ele>252.26999999999998</ele>
   </trkpt>
   <trkpt lat="46.14627" lon="-86.54366">
    <ele>250.64000000000001</ele>
   </trkpt>
   <trkpt lat="46.14658000000001" lon="-86.54336">
    <ele>250.62</ele>
   </trkpt>
   <trkpt lat="46.14678000000001" lon="-86.54323000000001">
    <ele>250.13000000000002</ele>
   </trkpt>
   <trkpt lat="46.14729500013168" lon="-86.54308500134533">
    <ele>249.42000000000002</ele>
   </trkpt>
   <trkpt lat="46.14781000000001" lon="-86.54294">
    <ele>248.72000000000003</ele>
   </trkpt>
   <trkpt lat="46.14810000000001" lon="-86.54281">
    <ele>248.70000000000002</ele>
   </trkpt>
   <trkpt lat="46.148340000000005" lon="-86.54260000000001">
    <ele>248.34000000000003</ele>
   </trkpt>
   <trkpt lat="46.148500000000006" lon="-86.54254">
    <ele>248.22000000000003</ele>
   </trkpt>
   <trkpt lat="46.148720000000004" lon="-86.54246">
    <ele>247.95000000000002</ele>
   </trkpt>
   <trkpt lat="46.149010000000004" lon="-86.54245">
    <ele>247.26</ele>
   </trkpt>
   <trkpt lat="46.149440000000006" lon="-86.54254">
    <ele>246.57</ele>
   </trkpt>
   <trkpt lat="46.14987000000001" lon="-86.54245">
    <ele>247.00000000000003</ele>
   </trkpt>
   <trkpt lat="46.15007000000001" lon="-86.54254">
    <ele>246.47000000000003</ele>
   </trkpt>
   <trkpt lat="46.15034000000001" lon="-86.54273">
    <ele>245.68</ele>
   </trkpt>
   <trkpt lat="46.150600000000004" lon="-86.54305000000001">
    <ele>245.04</ele>
   </trkpt>
   <trkpt lat="46.150780000000005" lon="-86.5434">
    <ele>245.32</ele>
   </trkpt>
   <trkpt lat="46.15093" lon="-86.54361">
    <ele>245.9</ele>
   </trkpt>
   <trkpt lat="46.15104" lon="-86.54372000000001">
    <ele>245.9</ele>
   </trkpt>
   <trkpt lat="46.15117" lon="-86.54379">
    <ele>247.07</ele>
   </trkpt>
   <trkpt lat="46.15133" lon="-86.5438">
    <ele>247.43</ele>
   </trkpt>
   <trkpt lat="46.15147" lon="-86.54379">
    <ele>248.03000000000003</ele>
   </trkpt>
   <trkpt lat="46.15187" lon="-86.54357">
    <ele>248.41000000000003</ele>
   </trkpt>
   <trkpt lat="46.1522" lon="-86.54334">
    <ele>246.68</ele>
   </trkpt>
   <trkpt lat="46.152390000000004" lon="-86.54317">
    <ele>245.69000000000003</ele>
   </trkpt>
   <trkpt lat="46.15249" lon="-86.54299">
    <ele>245.54</ele>
   </trkpt>
   <trkpt lat="46.15260000000001" lon="-86.54254">
    <ele>245.92000000000002</ele>
   </trkpt>
   <trkpt lat="46.152620000000006" lon="-86.54231">
    <ele>245.92000000000002</ele>
   </trkpt>
   <trkpt lat="46.15251000000001" lon="-86.54173">
    <ele>244.89000000000001</ele>
   </trkpt>
   <trkpt lat="46.15252" lon="-86.54124">
    <ele>244.39000000000001</ele>
   </trkpt>
   <trkpt lat="46.15258" lon="-86.54086000000001">
    <ele>244.29</ele>
   </trkpt>
   <trkpt lat="46.152710000000006" lon="-86.54062">
    <ele>244.58</ele>
   </trkpt>
   <trkpt lat="46.15285" lon="-86.54052">
    <ele>244.67000000000002</ele>
   </trkpt>
   <trkpt lat="46.15281" lon="-86.54023000000001">
    <ele>243.88</ele>
   </trkpt>
   <trkpt lat="46.1527833399827" lon="-86.5393566657822">
    <ele>243.56000000000003</ele>
   </trkpt>
   <trkpt lat="46.15275667331486" lon="-86.53848333241058">
    <ele>244.8</ele>
   </trkpt>
   <trkpt lat="46.152730000000005" lon="-86.53761">
    <ele>245.62000000000003</ele>
   </trkpt>
   <trkpt lat="46.15267" lon="-86.53714000000001">
    <ele>246.49</ele>
   </trkpt>
   <trkpt lat="46.15237500310122" lon="-86.53629999556853">
    <ele>249.78000000000003</ele>
   </trkpt>
   <trkpt lat="46.152080000000005" lon="-86.53546">
    <ele>253.78</ele>
   </trkpt>
   <trkpt lat="46.15202" lon="-86.53524">
    <ele>254.37000000000003</ele>
   </trkpt>
   <trkpt lat="46.15196500267834" lon="-86.53445499909742">
    <ele>254.85000000000002</ele>
   </trkpt>
   <trkpt lat="46.15191" lon="-86.53367">
    <ele>254.36</ele>
   </trkpt>
   <trkpt lat="46.151830000000004" lon="-86.53322">
    <ele>252.42000000000002</ele>
   </trkpt>
   <trkpt lat="46.151415002923194" lon="-86.53239999380051">
    <ele>250.60999999999999</ele>
   </trkpt>
   <trkpt lat="46.151" lon="-86.53158">
    <ele>248.79</ele>
   </trkpt>
   <trkpt lat="46.150920000000006" lon="-86.53135">
    <ele>248.79</ele>
   </trkpt>
   <trkpt lat="46.150830000000006" lon="-86.53087000000001">
    <ele>248.37</ele>
   </trkpt>
   <trkpt lat="46.15084" lon="-86.53038000000001">
    <ele>248.27</ele>
   </trkpt>
   <trkpt lat="46.15088" lon="-86.53004000000001">
    <ele>248.41000000000003</ele>
   </trkpt>
   <trkpt lat="46.151070002873205" lon="-86.52922000308241">
    <ele>247.51</ele>
   </trkpt>
   <trkpt lat="46.15126" lon="-86.5284">
    <ele>246.62000000000003</ele>
   </trkpt>
   <trkpt lat="46.15138" lon="-86.52809">
    <ele>246.43</ele>
   </trkpt>
   <trkpt lat="46.151790000000005" lon="-86.52736">
    <ele>246.67000000000002</ele>
   </trkpt>
   <trkpt lat="46.15227" lon="-86.52664">
    <ele>246.38000000000002</ele>
   </trkpt>
   <trkpt lat="46.1525" lon="-86.52642">
    <ele>244.82</ele>
   </trkpt>
   <trkpt lat="46.15294500070647" lon="-86.52606000279647">
    <ele>244.82</ele>
   </trkpt>
   <trkpt lat="46.15339" lon="-86.5257">
    <ele>244.20000000000002</ele>
   </trkpt>
   <trkpt lat="46.153510000000004" lon="-86.52558">
    <ele>244.05</ele>
   </trkpt>
   <trkpt lat="46.153650000000006" lon="-86.52539">
    <ele>244.05</ele>
   </trkpt>
   <trkpt lat="46.153960000000005" lon="-86.52485">
    <ele>243.75000000000003</ele>
   </trkpt>
   <trkpt lat="46.15431001959578" lon="-86.5237900269621">
    <ele>243.58</ele>
   </trkpt>
   <trkpt lat="46.15466002939462" lon="-86.52273004044095">
    <ele>243.44000000000003</ele>
   </trkpt>
   <trkpt lat="46.15501002939631" lon="-86.52167004043658">
    <ele>243.94000000000003</ele>
   </trkpt>
   <trkpt lat="46.155360019600586" lon="-86.520610026949">
    <ele>243.61</ele>
   </trkpt>
   <trkpt lat="46.155710000000006" lon="-86.51955000000001">
    <ele>242.83</ele>
   </trkpt>
   <trkpt lat="46.15599" lon="-86.51859">
    <ele>242.73000000000002</ele>
   </trkpt>
   <trkpt lat="46.15612" lon="-86.51789000000001">
    <ele>242.52</ele>
   </trkpt>
   <trkpt lat="46.15616000000001" lon="-86.51738">
    <ele>242.52</ele>
   </trkpt>
   <trkpt lat="46.1561809780071" lon="-86.5161227320577">
    <ele>243.09000000000003</ele>
   </trkpt>
   <trkpt lat="46.15620194223101" lon="-86.51486546315712">
    <ele>243.43</ele>
   </trkpt>
   <trkpt lat="46.15622289267171" lon="-86.5136081932989">
    <ele>243.46</ele>
   </trkpt>
   <trkpt lat="46.156243829329185" lon="-86.51235092248365">
    <ele>243.67000000000002</ele>
   </trkpt>
   <trkpt lat="46.15626475220342" lon="-86.51109365071204">
    <ele>242.52</ele>
   </trkpt>
   <trkpt lat="46.156285661294376" lon="-86.50983637798464">
    <ele>242.47000000000003</ele>
   </trkpt>
   <trkpt lat="46.15630655660205" lon="-86.50857910430211">
    <ele>242.6</ele>
   </trkpt>
   <trkpt lat="46.15632743812642" lon="-86.50732182966512">
    <ele>241.87000000000003</ele>
   </trkpt>
   <trkpt lat="46.156348305867446" lon="-86.50606455407423">
    <ele>243.20000000000002</ele>
   </trkpt>
   <trkpt lat="46.15636915982514" lon="-86.50480727753009">
    <ele>244.27</ele>
   </trkpt>
   <trkpt lat="46.15639" lon="-86.50355">
    <ele>244.81000000000003</ele>
   </trkpt>
   <trkpt lat="46.15635" lon="-86.50296">
    <ele>244.66000000000003</ele>
   </trkpt>
   <trkpt lat="46.156270000000006" lon="-86.50256">
    <ele>242.94000000000003</ele>
   </trkpt>
   <trkpt lat="46.15594000236348" lon="-86.5018199955087">
    <ele>239.26000000000002</ele>
   </trkpt>
   <trkpt lat="46.15561" lon="-86.50108">
    <ele>238.35</ele>
   </trkpt>
   <trkpt lat="46.15549" lon="-86.50063">
    <ele>236.27</ele>
   </trkpt>
   <trkpt lat="46.15545" lon="-86.50024">
    <ele>235.52</ele>
   </trkpt>
   <trkpt lat="46.15549" lon="-86.49984">
    <ele>234.95000000000002</ele>
   </trkpt>
   <trkpt lat="46.15569000000001" lon="-86.49929">
    <ele>234.68000000000004</ele>
   </trkpt>
   <trkpt lat="46.15592" lon="-86.49898">
    <ele>235.60000000000002</ele>
   </trkpt>
   <trkpt lat="46.156580000000005" lon="-86.49822">
    <ele>238.27</ele>
   </trkpt>
   <trkpt lat="46.157000003814275" lon="-86.49756334327255">
    <ele>235.64000000000001</ele>
   </trkpt>
   <trkpt lat="46.15742000386865" lon="-86.49690667652101">
    <ele>234.84</ele>
   </trkpt>
   <trkpt lat="46.15784000000001" lon="-86.49625">
    <ele>237.88</ele>
   </trkpt>
   <trkpt lat="46.15804000000001" lon="-86.49589">
    <ele>238.3</ele>
   </trkpt>
   <trkpt lat="46.158210000000004" lon="-86.49535">
    <ele>238.01000000000002</ele>
   </trkpt>
   <trkpt lat="46.15823" lon="-86.49508">
    <ele>237.49</ele>
   </trkpt>
   <trkpt lat="46.15825000591977" lon="-86.49391500027224">
    <ele>233.77</ele>
   </trkpt>
   <trkpt lat="46.15827" lon="-86.49275">
    <ele>231.13000000000002</ele>
   </trkpt>
   <trkpt lat="46.15822000000001" lon="-86.49164">
    <ele>233.53</ele>
   </trkpt>
   <trkpt lat="46.15816" lon="-86.49066">
    <ele>232.77000000000004</ele>
   </trkpt>
   <trkpt lat="46.15818" lon="-86.48948">
    <ele>233.63000000000002</ele>
   </trkpt>
   <trkpt lat="46.1582" lon="-86.48907000000001">
    <ele>234.75</ele>
   </trkpt>
   <trkpt lat="46.158640000000005" lon="-86.48915000000001">
    <ele>232.44</ele>
   </trkpt>
   <trkpt lat="46.15901" lon="-86.48932">
    <ele>231.42000000000002</ele>
   </trkpt>
   <trkpt lat="46.1597" lon="-86.49004000000001">
    <ele>233.75</ele>
   </trkpt>
   <trkpt lat="46.15982" lon="-86.49011">
    <ele>234.47</ele>
   </trkpt>
   <trkpt lat="46.16004" lon="-86.49016">
    <ele>237.09000000000003</ele>
   </trkpt>
   <trkpt lat="46.160630000000005" lon="-86.49017">
    <ele>241.54000000000002</ele>
   </trkpt>
   <trkpt lat="46.161030000000004" lon="-86.49013000000001">
    <ele>243.21</ele>
   </trkpt>
   <trkpt lat="46.16131" lon="-86.49007">
    <ele>243.43</ele>
   </trkpt>
   <trkpt lat="46.161875000268516" lon="-86.4898100026821">
    <ele>242.37000000000003</ele>
   </trkpt>
   <trkpt lat="46.162440000000004" lon="-86.48955000000001">
    <ele>239.36</ele>
   </trkpt>
   <trkpt lat="46.16275" lon="-86.48948">
    <ele>237.67000000000002</ele>
   </trkpt>
   <trkpt lat="46.16313" lon="-86.48962">
    <ele>235.47</ele>
   </trkpt>
   <trkpt lat="46.16363000021757" lon="-86.48987499764883">
    <ele>234.18000000000004</ele>
   </trkpt>
   <trkpt lat="46.16413000000001" lon="-86.49013000000001">
    <ele>233.88000000000002</ele>
   </trkpt>
   <trkpt lat="46.16445" lon="-86.4902">
    <ele>234.20000000000002</ele>
   </trkpt>
   <trkpt lat="46.16519400001131" lon="-86.49018000108185">
    <ele>237.44</ele>
   </trkpt>
   <trkpt lat="46.16593800001914" lon="-86.49016000162277">
    <ele>242.68</ele>
   </trkpt>
   <trkpt lat="46.16668200002348" lon="-86.49014000162269">
    <ele>244.33</ele>
   </trkpt>
   <trkpt lat="46.167426000024314" lon="-86.49012000108156">
    <ele>242.49</ele>
   </trkpt>
   <trkpt lat="46.16817" lon="-86.49010000000001">
    <ele>240.16</ele>
   </trkpt>
   <trkpt lat="46.16890999999778" lon="-86.49010333324364">
    <ele>240.53000000000003</ele>
   </trkpt>
   <trkpt lat="46.169649999995464" lon="-86.49010666657695">
    <ele>242.67000000000002</ele>
   </trkpt>
   <trkpt lat="46.170390000000005" lon="-86.49011">
    <ele>242.94000000000003</ele>
   </trkpt>
   <trkpt lat="46.17056" lon="-86.49013000000001">
    <ele>243.05</ele>
   </trkpt>
   <trkpt lat="46.17069" lon="-86.4902">
    <ele>243.47000000000003</ele>
   </trkpt>
   <trkpt lat="46.170840000000005" lon="-86.49034">
    <ele>243.69000000000003</ele>
   </trkpt>
   <trkpt lat="46.17122500111625" lon="-86.49082999665843">
    <ele>244.59000000000003</ele>
   </trkpt>
   <trkpt lat="46.17161" lon="-86.49132">
    <ele>244.4</ele>
   </trkpt>
   <trkpt lat="46.17177" lon="-86.49145">
    <ele>243.51000000000002</ele>
   </trkpt>
   <trkpt lat="46.17193" lon="-86.49152000000001">
    <ele>242.19</ele>
   </trkpt>
   <trkpt lat="46.172540000000005" lon="-86.49154">
    <ele>237.3</ele>
   </trkpt>
   <trkpt lat="46.172720000000005" lon="-86.49146">
    <ele>235.07000000000002</ele>
   </trkpt>
   <trkpt lat="46.17289" lon="-86.49134000000001">
    <ele>235.07000000000002</ele>
   </trkpt>
   <trkpt lat="46.17343" lon="-86.49084">
    <ele>233.27000000000004</ele>
   </trkpt>
   <trkpt lat="46.173610000000004" lon="-86.49071">
    <ele>233.54000000000002</ele>
   </trkpt>
   <trkpt lat="46.173790000000004" lon="-86.49065">
    <ele>234.02</ele>
   </trkpt>
   <trkpt lat="46.17403" lon="-86.4906">
    <ele>234.44</ele>
   </trkpt>
   <trkpt lat="46.17443" lon="-86.49058000000001">
    <ele>235.58</ele>
   </trkpt>
   <trkpt lat="46.17465000000001" lon="-86.4906">
    <ele>235.47</ele>
   </trkpt>
   <trkpt lat="46.17504" lon="-86.49074">
    <ele>234.28</ele>
   </trkpt>
   <trkpt lat="46.1755350006686" lon="-86.49104999736592">
    <ele>234.0</ele>
   </trkpt>
   <trkpt lat="46.176030000000004" lon="-86.49136">
    <ele>233.58</ele>
   </trkpt>
   <trkpt lat="46.17656" lon="-86.49164">
    <ele>232.10000000000002</ele>
   </trkpt>
   <trkpt lat="46.176700000000004" lon="-86.49168">
    <ele>231.79000000000002</ele>
   </trkpt>
   <trkpt lat="46.176950000000005" lon="-86.49172">
    <ele>231.39000000000001</ele>
   </trkpt>
   <trkpt lat="46.17738999988844" lon="-86.49156500131647">
    <ele>230.96</ele>
   </trkpt>
   <trkpt lat="46.17783000000001" lon="-86.49141">
    <ele>229.65</ele>
   </trkpt>
   <trkpt lat="46.17799" lon="-86.49129">
    <ele>229.51000000000002</ele>
   </trkpt>
   <trkpt lat="46.178180000000005" lon="-86.4911">
    <ele>229.33</ele>
   </trkpt>
   <trkpt lat="46.17832000000001" lon="-86.49092">
    <ele>229.0</ele>
   </trkpt>
   <trkpt lat="46.17869" lon="-86.49022000000001">
    <ele>228.65</ele>
   </trkpt>
   <trkpt lat="46.178850000000004" lon="-86.49008">
    <ele>228.60000000000002</ele>
   </trkpt>
   <trkpt lat="46.17897000000001" lon="-86.49002">
    <ele>228.54000000000002</ele>
   </trkpt>
   <trkpt lat="46.179120000000005" lon="-86.48998">
    <ele>228.4</ele>
   </trkpt>
   <trkpt lat="46.179480000000005" lon="-86.49002">
    <ele>227.81</ele>
   </trkpt>
   <trkpt lat="46.18016333331798" lon="-86.49002">
    <ele>226.91000000000003</ele>
   </trkpt>
   <trkpt lat="46.18084666663595" lon="-86.49002">
    <ele>226.56</ele>
   </trkpt>
   <trkpt lat="46.18153" lon="-86.49002">
    <ele>226.44000000000003</ele>
   </trkpt>
   <trkpt lat="46.18238500009035" lon="-86.49002499992278">
    <ele>226.25</ele>
   </trkpt>
   <trkpt lat="46.183240000000005" lon="-86.49003">
    <ele>225.09</ele>
   </trkpt>
   <trkpt lat="46.18385333334791" lon="-86.49004333303613">
    <ele>224.13000000000002</ele>
   </trkpt>
   <trkpt lat="46.18446666669426" lon="-86.49005666636971">
    <ele>220.45</ele>
   </trkpt>
   <trkpt lat="46.185080000000006" lon="-86.49007">
    <ele>224.28</ele>
   </trkpt>
   <trkpt lat="46.185210000000005" lon="-86.49006000000001">
    <ele>225.69000000000003</ele>
   </trkpt>
   <trkpt lat="46.185410000000005" lon="-86.48989">
    <ele>226.65</ele>
   </trkpt>
   <trkpt lat="46.185590000000005" lon="-86.48962">
    <ele>227.47</ele>
   </trkpt>
   <trkpt lat="46.185750000000006" lon="-86.4893">
    <ele>227.98000000000002</ele>
   </trkpt>
   <trkpt lat="46.185750000000006" lon="-86.48929000000001">
    <ele>227.98000000000002</ele>
   </trkpt>
   <trkpt lat="46.185810000000004" lon="-86.48964000000001">
    <ele>228.02</ele>
   </trkpt>
   <trkpt lat="46.18587000274294" lon="-86.49043499896757">
    <ele>230.77000000000004</ele>
   </trkpt>
   <trkpt lat="46.185930000000006" lon="-86.49123">
    <ele>235.44</ele>
   </trkpt>
   <trkpt lat="46.18594" lon="-86.49168">
    <ele>235.31</ele>
   </trkpt>
   <trkpt lat="46.185750000000006" lon="-86.49258">
    <ele>232.9</ele>
   </trkpt>
   <trkpt lat="46.185480000000005" lon="-86.49342">
    <ele>231.28</ele>
   </trkpt>
   <trkpt lat="46.18547000226066" lon="-86.49414000008365">
    <ele>228.79000000000002</ele>
   </trkpt>
   <trkpt lat="46.185460000000006" lon="-86.49486">
    <ele>227.97</ele>
   </trkpt>
   <trkpt lat="46.185500000000005" lon="-86.4958">
    <ele>229.39000000000001</ele>
   </trkpt>
   <trkpt lat="46.185480000000005" lon="-86.49598">
    <ele>229.39000000000001</ele>
   </trkpt>
   <trkpt lat="46.18545" lon="-86.49607">
    <ele>229.44</ele>
   </trkpt>
   <trkpt lat="46.18525" lon="-86.49631000000001">
    <ele>229.77000000000004</ele>
   </trkpt>
   <trkpt lat="46.1852" lon="-86.49647">
    <ele>230.03</ele>
   </trkpt>
   <trkpt lat="46.18518" lon="-86.49665">
    <ele>230.33</ele>
   </trkpt>
   <trkpt lat="46.185230000000004" lon="-86.49725000000001">
    <ele>230.95000000000002</ele>
   </trkpt>
   <trkpt lat="46.18538" lon="-86.49835">
    <ele>234.12</ele>
   </trkpt>
   <trkpt lat="46.18528000575959" lon="-86.49950000216076">
    <ele>235.87000000000003</ele>
   </trkpt>
   <trkpt lat="46.18518" lon="-86.50065000000001">
    <ele>239.11</ele>
   </trkpt>
   <trkpt lat="46.185210000000005" lon="-86.50086">
    <ele>238.98000000000002</ele>
   </trkpt>
   <trkpt lat="46.185320000000004" lon="-86.50105">
    <ele>239.06000000000003</ele>
   </trkpt>
   <trkpt lat="46.18569" lon="-86.50145">
    <ele>240.76000000000002</ele>
   </trkpt>
   <trkpt lat="46.185770000000005" lon="-86.50162">
    <ele>240.85</ele>
   </trkpt>
   <trkpt lat="46.185810000000004" lon="-86.5018">
    <ele>240.90000000000003</ele>
   </trkpt>
   <trkpt lat="46.185840000000006" lon="-86.50223000000001">
    <ele>241.13</ele>
   </trkpt>
   <trkpt lat="46.185895004544605" lon="-86.50324999914432">
    <ele>241.07</ele>
   </trkpt>
   <trkpt lat="46.185950000000005" lon="-86.50427">
    <ele>240.74</ele>
   </trkpt>
   <trkpt lat="46.18594" lon="-86.50484">
    <ele>241.04000000000002</ele>
   </trkpt>
   <trkpt lat="46.18605" lon="-86.50524">
    <ele>239.58</ele>
   </trkpt>
   <trkpt lat="46.186420000000005" lon="-86.50596">
    <ele>239.24</ele>
   </trkpt>
   <trkpt lat="46.18656000000001" lon="-86.50643000000001">
    <ele>239.36</ele>
   </trkpt>
   <trkpt lat="46.186710000000005" lon="-86.50682">
    <ele>239.03</ele>
   </trkpt>
   <trkpt lat="46.18713" lon="-86.50753">
    <ele>237.99</ele>
   </trkpt>
   <trkpt lat="46.187380000000005" lon="-86.50822000000001">
    <ele>240.15000000000003</ele>
   </trkpt>
   <trkpt lat="46.187650000000005" lon="-86.50851">
    <ele>241.53000000000003</ele>
   </trkpt>
   <trkpt lat="46.18830333480709" lon="-86.50891332377952">
    <ele>243.6</ele>
   </trkpt>
   <trkpt lat="46.18895666819582" lon="-86.50931665714688">
    <ele>242.83</ele>
   </trkpt>
   <trkpt lat="46.18961" lon="-86.50972">
    <ele>241.91</ele>
   </trkpt>
   <trkpt lat="46.189870000000006" lon="-86.51009">
    <ele>239.71</ele>
   </trkpt>
   <trkpt lat="46.19001" lon="-86.51057">
    <ele>236.82000000000002</ele>
   </trkpt>
   <trkpt lat="46.19026" lon="-86.51111">
    <ele>234.96000000000004</ele>
   </trkpt>
   <trkpt lat="46.190430000000006" lon="-86.51161">
    <ele>233.89000000000001</ele>
   </trkpt>
   <trkpt lat="46.19064" lon="-86.51264">
    <ele>236.58</ele>
   </trkpt>
   <trkpt lat="46.190720000000006" lon="-86.51353">
    <ele>233.72</ele>
   </trkpt>
   <trkpt lat="46.190830000000005" lon="-86.51431000000001">
    <ele>230.30000000000004</ele>
   </trkpt>
   <trkpt lat="46.191030000000005" lon="-86.51473">
    <ele>229.42000000000002</ele>
   </trkpt>
   <trkpt lat="46.191610000000004" lon="-86.5155">
    <ele>229.76000000000002</ele>
   </trkpt>
   <trkpt lat="46.19218" lon="-86.51644">
    <ele>230.06</ele>
   </trkpt>
   <trkpt lat="46.19272" lon="-86.51706">
    <ele>230.12</ele>
   </trkpt>
   <trkpt lat="46.193350001518105" lon="-86.51764499331819">
    <ele>230.4</ele>
   </trkpt>
   <trkpt lat="46.19398" lon="-86.51823">
    <ele>230.98000000000002</ele>
   </trkpt>
   <trkpt lat="46.19447" lon="-86.51854">
    <ele>230.94</ele>
   </trkpt>
   <trkpt lat="46.194910000493465" lon="-86.51889999705908">
    <ele>231.12</ele>
   </trkpt>
   <trkpt lat="46.195350000000005" lon="-86.51926">
    <ele>231.15</ele>
   </trkpt>
   <trkpt lat="46.195600000000006" lon="-86.51959000000001">
    <ele>230.97</ele>
   </trkpt>
   <trkpt lat="46.195800000000006" lon="-86.52011">
    <ele>230.23000000000002</ele>
   </trkpt>
   <trkpt lat="46.19596000000001" lon="-86.52072000000001">
    <ele>230.13000000000002</ele>
   </trkpt>
   <trkpt lat="46.19615" lon="-86.52123">
    <ele>230.75</ele>
   </trkpt>
   <trkpt lat="46.19649500164931" lon="-86.52183499629567">
    <ele>231.04000000000002</ele>
   </trkpt>
   <trkpt lat="46.19684" lon="-86.52244">
    <ele>231.48000000000002</ele>
   </trkpt>
   <trkpt lat="46.19731" lon="-86.52342">
    <ele>229.99</ele>
   </trkpt>
   <trkpt lat="46.19736" lon="-86.52373">
    <ele>229.98000000000002</ele>
   </trkpt>
   <trkpt lat="46.19735000000001" lon="-86.52389000000001">
    <ele>230.11</ele>
   </trkpt>
   <trkpt lat="46.197143343064496" lon="-86.52494667463557">
    <ele>229.39000000000001</ele>
   </trkpt>
   <trkpt lat="46.19693667639372" lon="-86.52600334132306">
    <ele>229.79000000000002</ele>
   </trkpt>
   <trkpt lat="46.19673" lon="-86.52706">
    <ele>231.45000000000002</ele>
   </trkpt>
   <trkpt lat="46.19663000176219" lon="-86.52770000131487">
    <ele>230.20000000000002</ele>
   </trkpt>
   <trkpt lat="46.19653" lon="-86.52834">
    <ele>229.97</ele>
   </trkpt>
   <trkpt lat="46.19637" lon="-86.52908000000001">
    <ele>230.25</ele>
   </trkpt>
   <trkpt lat="46.196220000000004" lon="-86.52957">
    <ele>230.44</ele>
   </trkpt>
   <trkpt lat="46.19592333958278" lon="-86.5304166758105">
    <ele>231.3</ele>
   </trkpt>
   <trkpt lat="46.195626672915274" lon="-86.53126334247942">
    <ele>230.82000000000002</ele>
   </trkpt>
   <trkpt lat="46.195330000000006" lon="-86.53211">
    <ele>230.26000000000002</ele>
   </trkpt>
   <trkpt lat="46.19502000000001" lon="-86.53292">
    <ele>229.03</ele>
   </trkpt>
   <trkpt lat="46.19493000000001" lon="-86.53337">
    <ele>228.53</ele>
   </trkpt>
   <trkpt lat="46.195080000000004" lon="-86.53412">
    <ele>228.73000000000002</ele>
   </trkpt>
   <trkpt lat="46.19520000000001" lon="-86.53494">
    <ele>230.33</ele>
   </trkpt>
   <trkpt lat="46.19514" lon="-86.53595000000001">
    <ele>231.03</ele>
   </trkpt>
   <trkpt lat="46.19504000320151" lon="-86.53680500143119">
    <ele>230.96</ele>
   </trkpt>
   <trkpt lat="46.19494" lon="-86.53766">
    <ele>231.48000000000002</ele>
   </trkpt>
   <trkpt lat="46.19483" lon="-86.5383">
    <ele>231.91000000000003</ele>
   </trkpt>
   <trkpt lat="46.19464000000001" lon="-86.53851">
    <ele>232.14000000000001</ele>
   </trkpt>
   <trkpt lat="46.1939950007168" lon="-86.53896500547117">
    <ele>230.85000000000002</ele>
   </trkpt>
   <trkpt lat="46.19335" lon="-86.53942">
    <ele>229.65</ele>
   </trkpt>
   <trkpt lat="46.19314000000001" lon="-86.53968">
    <ele>229.89000000000001</ele>
   </trkpt>
   <trkpt lat="46.193000000000005" lon="-86.54003">
    <ele>230.0</ele>
   </trkpt>
   <trkpt lat="46.192840000000004" lon="-86.54057">
    <ele>230.87</ele>
   </trkpt>
   <trkpt lat="46.19268" lon="-86.54133">
    <ele>230.79000000000002</ele>
   </trkpt>
   <trkpt lat="46.19251500211422" lon="-86.54203500234127">
    <ele>231.07000000000002</ele>
   </trkpt>
   <trkpt lat="46.192350000000005" lon="-86.54274000000001">
    <ele>230.48000000000002</ele>
   </trkpt>
   <trkpt lat="46.192280000000004" lon="-86.54339">
    <ele>230.13000000000002</ele>
   </trkpt>
   <trkpt lat="46.192310000000006" lon="-86.54381000000001">
    <ele>229.95000000000002</ele>
   </trkpt>
   <trkpt lat="46.192640000000004" lon="-86.54484000000001">
    <ele>231.21</ele>
   </trkpt>
   <trkpt lat="46.19304" lon="-86.54574000000001">
    <ele>232.09</ele>
   </trkpt>
   <trkpt lat="46.19329500180876" lon="-86.54635999744649">
    <ele>232.22</ele>
   </trkpt>
   <trkpt lat="46.19355" lon="-86.54698">
    <ele>232.67000000000002</ele>
   </trkpt>
   <trkpt lat="46.19383500308275" lon="-86.54782499552876">
    <ele>232.48000000000002</ele>
   </trkpt>
   <trkpt lat="46.194120000000005" lon="-86.54867">
    <ele>230.36</ele>
   </trkpt>
   <trkpt lat="46.19426000000001" lon="-86.54926">
    <ele>229.21</ele>
   </trkpt>
   <trkpt lat="46.19441334181766" lon="-86.55024666113643">
    <ele>229.07000000000002</ele>
   </trkpt>
   <trkpt lat="46.194566675147236" lon="-86.55123332777885">
    <ele>232.48000000000002</ele>
   </trkpt>
   <trkpt lat="46.194720000000004" lon="-86.55222">
    <ele>233.02000000000004</ele>
   </trkpt>
   <trkpt lat="46.194810007381186" lon="-86.5531399970007">
    <ele>234.01000000000002</ele>
   </trkpt>
   <trkpt lat="46.19490000738259" lon="-86.55405999701493">
    <ele>233.91</ele>
   </trkpt>
   <trkpt lat="46.194990000000004" lon="-86.55498">
    <ele>233.89000000000001</ele>
   </trkpt>
   <trkpt lat="46.19501" lon="-86.5554">
    <ele>233.95000000000002</ele>
   </trkpt>
   <trkpt lat="46.19486501938755" lon="-86.55661750962855">
    <ele>233.34</ele>
   </trkpt>
   <trkpt lat="46.194720025850636" lon="-86.5578350128328">
    <ele>233.42000000000002</ele>
   </trkpt>
   <trkpt lat="46.194575019389426" lon="-86.55905250961221">
    <ele>233.72</ele>
   </trkpt>
   <trkpt lat="46.194430000000004" lon="-86.56027">
    <ele>234.5</ele>
   </trkpt>
   <trkpt lat="46.19433" lon="-86.56076">
    <ele>234.40000000000003</ele>
   </trkpt>
   <trkpt lat="46.19409500317907" lon="-86.56161500368471">
    <ele>233.88000000000002</ele>
   </trkpt>
   <trkpt lat="46.19386" lon="-86.56247">
    <ele>233.97</ele>
   </trkpt>
   <trkpt lat="46.193630000000006" lon="-86.56309">
    <ele>233.43000000000004</ele>
   </trkpt>
   <trkpt lat="46.19334500408155" lon="-86.56406000509948">
    <ele>232.75</ele>
   </trkpt>
   <trkpt lat="46.19306" lon="-86.56503000000001">
    <ele>233.62</ele>
   </trkpt>
   <trkpt lat="46.19297" lon="-86.56538">
    <ele>233.66</ele>
   </trkpt>
   <trkpt lat="46.192800000000005" lon="-86.56568">
    <ele>233.67000000000002</ele>
   </trkpt>
   <trkpt lat="46.19254" lon="-86.56601">
    <ele>233.8</ele>
   </trkpt>
   <trkpt lat="46.19191250610158" lon="-86.56669252336663">
    <ele>233.74000000000004</ele>
   </trkpt>
   <trkpt lat="46.19128500814156" lon="-86.56737503114832">
    <ele>233.76000000000002</ele>
   </trkpt>
   <trkpt lat="46.19065750612013" lon="-86.56805752334567">
    <ele>232.95000000000002</ele>
   </trkpt>
   <trkpt lat="46.19003000000001" lon="-86.56874">
    <ele>232.78</ele>
   </trkpt>
   <trkpt lat="46.189780000000006" lon="-86.56909">
    <ele>233.03</ele>
   </trkpt>
   <trkpt lat="46.1897" lon="-86.56932">
    <ele>233.53</ele>
   </trkpt>
   <trkpt lat="46.18966" lon="-86.56960000000001">
    <ele>234.02</ele>
   </trkpt>
   <trkpt lat="46.189780000000006" lon="-86.56998">
    <ele>234.82000000000002</ele>
   </trkpt>
   <trkpt lat="46.189890000000005" lon="-86.57013">
    <ele>235.79000000000002</ele>
   </trkpt>
   <trkpt lat="46.19006" lon="-86.57022">
    <ele>236.71000000000004</ele>
   </trkpt>
   <trkpt lat="46.19054500022697" lon="-86.57041499830392">
    <ele>240.43000000000004</ele>
   </trkpt>
   <trkpt lat="46.191030000000005" lon="-86.57061">
    <ele>242.20000000000002</ele>
   </trkpt>
   <trkpt lat="46.19127" lon="-86.57083">
    <ele>241.83</ele>
   </trkpt>
   <trkpt lat="46.191570000000006" lon="-86.57161">
    <ele>240.18000000000004</ele>
   </trkpt>
   <trkpt lat="46.19169" lon="-86.57228">
    <ele>239.68000000000004</ele>
   </trkpt>
   <trkpt lat="46.191720000000004" lon="-86.57272">
    <ele>238.97</ele>
   </trkpt>
   <trkpt lat="46.1916" lon="-86.57343">
    <ele>236.62000000000003</ele>
   </trkpt>
   <trkpt lat="46.19138000447911" lon="-86.57444000389629">
    <ele>234.70000000000002</ele>
   </trkpt>
   <trkpt lat="46.19116" lon="-86.57545">
    <ele>235.55</ele>
   </trkpt>
   <trkpt lat="46.19088500471595" lon="-86.57648500500588">
    <ele>233.71000000000004</ele>
   </trkpt>
   <trkpt lat="46.19061000000001" lon="-86.57752">
    <ele>233.68000000000004</ele>
   </trkpt>
   <trkpt lat="46.19041500273782" lon="-86.57829500227523">
    <ele>234.13000000000002</ele>
   </trkpt>
   <trkpt lat="46.190220000000004" lon="-86.57907">
    <ele>234.41</ele>
   </trkpt>
   <trkpt lat="46.18998000681109" lon="-86.579953341019">
    <ele>235.11</ele>
   </trkpt>
   <trkpt lat="46.189740006818774" lon="-86.58083667432392">
    <ele>236.08</ele>
   </trkpt>
   <trkpt lat="46.1895" lon="-86.58172">
    <ele>236.04000000000002</ele>
   </trkpt>
   <trkpt lat="46.18936" lon="-86.58209000000001">
    <ele>235.97</ele>
   </trkpt>
   <trkpt lat="46.18901" lon="-86.58275">
    <ele>236.3</ele>
   </trkpt>
   <trkpt lat="46.18860500107329" lon="-86.5832600038341">
    <ele>236.53</ele>
   </trkpt>
   <trkpt lat="46.1882" lon="-86.58377">
    <ele>236.47</ele>
   </trkpt>
   <trkpt lat="46.187670002360925" lon="-86.58448500671562">
    <ele>236.8</ele>
   </trkpt>
   <trkpt lat="46.18714000000001" lon="-86.5852">
    <ele>236.43000000000004</ele>
   </trkpt>
   <trkpt lat="46.186533338813184" lon="-86.5859933508543">
    <ele>236.12000000000003</ele>
   </trkpt>
   <trkpt lat="46.18592667213858" lon="-86.58678668419772">
    <ele>235.95000000000002</ele>
   </trkpt>
   <trkpt lat="46.185320000000004" lon="-86.58758">
    <ele>236.09</ele>
   </trkpt>
   <trkpt lat="46.18465500299344" lon="-86.58840500994721">
    <ele>235.32000000000002</ele>
   </trkpt>
   <trkpt lat="46.18399" lon="-86.58923">
    <ele>234.49000000000004</ele>
   </trkpt>
   <trkpt lat="46.183490000000006" lon="-86.59001">
    <ele>234.62</ele>
   </trkpt>
   <trkpt lat="46.183330000000005" lon="-86.59045">
    <ele>234.90000000000003</ele>
   </trkpt>
   <trkpt lat="46.183080000000004" lon="-86.59042000000001">
    <ele>234.51000000000002</ele>
   </trkpt>
   <trkpt lat="46.18263" lon="-86.59030000000001">
    <ele>234.32000000000002</ele>
   </trkpt>
   <trkpt lat="46.181927500643404" lon="-86.59007749146978">
    <ele>235.40000000000003</ele>
   </trkpt>
   <trkpt lat="46.181225000855115" lon="-86.5898549886257">
    <ele>235.45000000000002</ele>
   </trkpt>
   <trkpt lat="46.180522500635185" lon="-86.58963249146747">
    <ele>235.64000000000001</ele>
   </trkpt>
   <trkpt lat="46.17982000000001" lon="-86.58941">
    <ele>235.53</ele>
   </trkpt>
   <trkpt lat="46.17910800102063" lon="-86.58916798746525">
    <ele>235.76000000000002</ele>
   </trkpt>
   <trkpt lat="46.178396001530565" lon="-86.58892598119807">
    <ele>235.77</ele>
   </trkpt>
   <trkpt lat="46.17768400152986" lon="-86.58868398119816">
    <ele>236.29000000000002</ele>
   </trkpt>
   <trkpt lat="46.176972001018534" lon="-86.58844198746519">
    <ele>236.59</ele>
   </trkpt>
   <trkpt lat="46.176260000000006" lon="-86.5882">
    <ele>236.24</ele>
   </trkpt>
   <trkpt lat="46.17552333392568" lon="-86.58795999359933">
    <ele>236.51000000000002</ele>
   </trkpt>
   <trkpt lat="46.17478666734909" lon="-86.58771999362878">
    <ele>237.67000000000002</ele>
   </trkpt>
   <trkpt lat="46.17405" lon="-86.58748000000001">
    <ele>239.27</ele>
   </trkpt>
   <trkpt lat="46.17383" lon="-86.58745">
    <ele>240.43000000000004</ele>
   </trkpt>
   <trkpt lat="46.173640000000006" lon="-86.58746000000001">
    <ele>241.02</ele>
   </trkpt>
   <trkpt lat="46.17338" lon="-86.58755000000001">
    <ele>243.70000000000002</ele>
   </trkpt>
   <trkpt lat="46.1732" lon="-86.58768">
    <ele>244.58</ele>
   </trkpt>
   <trkpt lat="46.172880000000006" lon="-86.58799">
    <ele>245.34000000000003</ele>
   </trkpt>
   <trkpt lat="46.1725300007066" lon="-86.5884050026935">
    <ele>244.4</ele>
   </trkpt>
   <trkpt lat="46.172180000000004" lon="-86.58882000000001">
    <ele>245.04</ele>
   </trkpt>
   <trkpt lat="46.17157" lon="-86.58959">
    <ele>246.98000000000002</ele>
   </trkpt>
   <trkpt lat="46.17103" lon="-86.59017">
    <ele>247.71</ele>
   </trkpt>
   <trkpt lat="46.170790000000004" lon="-86.59035">
    <ele>247.83</ele>
   </trkpt>
   <trkpt lat="46.17051000000001" lon="-86.59049">
    <ele>247.69000000000003</ele>
   </trkpt>
   <trkpt lat="46.170260000000006" lon="-86.59054">
    <ele>247.69000000000003</ele>
   </trkpt>
   <trkpt lat="46.170010000000005" lon="-86.59054">
    <ele>247.55</ele>
   </trkpt>
   <trkpt lat="46.16975" lon="-86.59049">
    <ele>247.45000000000002</ele>
   </trkpt>
   <trkpt lat="46.16899000040088" lon="-86.59020999615298">
    <ele>240.78000000000003</ele>
   </trkpt>
   <trkpt lat="46.16823" lon="-86.58993000000001">
    <ele>236.22</ele>
   </trkpt>
   <trkpt lat="46.16807000000001" lon="-86.58982">
    <ele>235.89000000000001</ele>
   </trkpt>
   <trkpt lat="46.16787" lon="-86.58951">
    <ele>235.93000000000004</ele>
   </trkpt>
   <trkpt lat="46.16774" lon="-86.58919">
    <ele>236.13</ele>
   </trkpt>
   <trkpt lat="46.16765" lon="-86.58902">
    <ele>236.12000000000003</ele>
   </trkpt>
   <trkpt lat="46.167300000000004" lon="-86.58853">
    <ele>236.19</ele>
   </trkpt>
   <trkpt lat="46.16686000000001" lon="-86.58776">
    <ele>237.02</ele>
   </trkpt>
   <trkpt lat="46.16658" lon="-86.58744">
    <ele>236.77</ele>
   </trkpt>
   <trkpt lat="46.166380000000004" lon="-86.58732">
    <ele>236.69</ele>
   </trkpt>
   <trkpt lat="46.16602" lon="-86.58722">
    <ele>236.84000000000003</ele>
   </trkpt>
   <trkpt lat="46.165620000000004" lon="-86.58722">
    <ele>237.32000000000002</ele>
   </trkpt>
   <trkpt lat="46.16491500032572" lon="-86.58742500258572">
    <ele>237.49</ele>
   </trkpt>
   <trkpt lat="46.164210000000004" lon="-86.58763">
    <ele>238.39000000000001</ele>
   </trkpt>
   <trkpt lat="46.16362" lon="-86.58777">
    <ele>238.95000000000002</ele>
   </trkpt>
   <trkpt lat="46.16299" lon="-86.58800000000001">
    <ele>238.58</ele>
   </trkpt>
   <trkpt lat="46.16259" lon="-86.58812">
    <ele>238.47</ele>
   </trkpt>
   <trkpt lat="46.16232" lon="-86.58816">
    <ele>238.41</ele>
   </trkpt>
   <trkpt lat="46.16192" lon="-86.58812">
    <ele>237.99</ele>
   </trkpt>
   <trkpt lat="46.16133999998566" lon="-86.58802499898974">
    <ele>239.07000000000002</ele>
   </trkpt>
   <trkpt lat="46.16076" lon="-86.58793">
    <ele>239.23000000000002</ele>
   </trkpt>
   <trkpt lat="46.1602" lon="-86.58787000000001">
    <ele>239.20000000000002</ele>
   </trkpt>
   <trkpt lat="46.15975" lon="-86.58784000000001">
    <ele>239.13</ele>
   </trkpt>
   <trkpt lat="46.15898000000001" lon="-86.58772">
    <ele>238.6</ele>
   </trkpt>
   <trkpt lat="46.158440000000006" lon="-86.58753">
    <ele>239.06000000000003</ele>
   </trkpt>
   <trkpt lat="46.15811" lon="-86.58749">
    <ele>238.36</ele>
   </trkpt>
   <trkpt lat="46.157320000000006" lon="-86.58763">
    <ele>238.64000000000001</ele>
   </trkpt>
   <trkpt lat="46.156690000000005" lon="-86.58786">
    <ele>240.03000000000003</ele>
   </trkpt>
   <trkpt lat="46.15668" lon="-86.58786">
    <ele>240.03000000000003</ele>
   </trkpt>
   <trkpt lat="46.1567" lon="-86.58849000000001">
    <ele>239.06000000000003</ele>
   </trkpt>
   <trkpt lat="46.156635003536174" lon="-86.5893900009972">
    <ele>238.77</ele>
   </trkpt>
   <trkpt lat="46.15657" lon="-86.59029000000001">
    <ele>240.48000000000002</ele>
   </trkpt>
   <trkpt lat="46.15648000392659" lon="-86.59124000163935">
    <ele>241.89000000000001</ele>
   </trkpt>
   <trkpt lat="46.15639" lon="-86.59219">
    <ele>240.62000000000003</ele>
   </trkpt>
   <trkpt lat="46.156240000000004" lon="-86.59295">
    <ele>238.92000000000002</ele>
   </trkpt>
   <trkpt lat="46.15603500263173" lon="-86.59372500283743">
    <ele>238.18000000000004</ele>
   </trkpt>
   <trkpt lat="46.15583" lon="-86.59450000000001">
    <ele>238.21000000000004</ele>
   </trkpt>
   <trkpt lat="46.155680000000004" lon="-86.59516">
    <ele>239.76000000000002</ele>
   </trkpt>
   <trkpt lat="46.15540500384386" lon="-86.59610000472628">
    <ele>241.45000000000002</ele>
   </trkpt>
   <trkpt lat="46.15513000000001" lon="-86.59704">
    <ele>243.88</ele>
   </trkpt>
   <trkpt lat="46.15484000000001" lon="-86.59761">
    <ele>246.91000000000003</ele>
   </trkpt>
   <trkpt lat="46.1544" lon="-86.59819">
    <ele>250.24</ele>
   </trkpt>
   <trkpt lat="46.153765001191" lon="-86.59869500576396">
    <ele>252.96</ele>
   </trkpt>
   <trkpt lat="46.153130000000004" lon="-86.59920000000001">
    <ele>254.23000000000002</ele>
   </trkpt>
   <trkpt lat="46.1527" lon="-86.59967">
    <ele>255.29000000000002</ele>
   </trkpt>
   <trkpt lat="46.15240000000001" lon="-86.60021">
    <ele>256.06</ele>
   </trkpt>
   <trkpt lat="46.1522" lon="-86.60075">
    <ele>256.79</ele>
   </trkpt>
   <trkpt lat="46.15199000164218" lon="-86.6013750025659">
    <ele>258.3</ele>
   </trkpt>
   <trkpt lat="46.15178" lon="-86.602">
    <ele>259.96000000000004</ele>
   </trkpt>
   <trkpt lat="46.151680000000006" lon="-86.60235">
    <ele>260.32</ele>
   </trkpt>
   <trkpt lat="46.151630000000004" lon="-86.60262">
    <ele>260.37000000000006</ele>
   </trkpt>
   <trkpt lat="46.1516" lon="-86.60298">
    <ele>260.15000000000003</ele>
   </trkpt>
   <trkpt lat="46.1516" lon="-86.60358000000001">
    <ele>259.96000000000004</ele>
   </trkpt>
   <trkpt lat="46.151720000000005" lon="-86.60425000000001">
    <ele>260.14000000000004</ele>
   </trkpt>
   <trkpt lat="46.151860000000006" lon="-86.60468">
    <ele>260.49</ele>
   </trkpt>
   <trkpt lat="46.152130001703895" lon="-86.605294997108">
    <ele>260.38</ele>
   </trkpt>
   <trkpt lat="46.15240000000001" lon="-86.60591000000001">
    <ele>258.31000000000006</ele>
   </trkpt>
   <trkpt lat="46.15251000000001" lon="-86.60621">
    <ele>257.77</ele>
   </trkpt>
   <trkpt lat="46.15261" lon="-86.60662">
    <ele>255.22</ele>
   </trkpt>
   <trkpt lat="46.15267" lon="-86.60707000000001">
    <ele>253.15000000000003</ele>
   </trkpt>
   <trkpt lat="46.152660000000004" lon="-86.60751">
    <ele>251.26000000000005</ele>
   </trkpt>
   <trkpt lat="46.15261" lon="-86.60792000000001">
    <ele>248.65</ele>
   </trkpt>
   <trkpt lat="46.15249" lon="-86.60839">
    <ele>247.03000000000003</ele>
   </trkpt>
   <trkpt lat="46.152330000000006" lon="-86.60875">
    <ele>244.56000000000003</ele>
   </trkpt>
   <trkpt lat="46.15216" lon="-86.60902">
    <ele>243.95000000000002</ele>
   </trkpt>
   <trkpt lat="46.15193000000001" lon="-86.60929">
    <ele>243.24</ele>
   </trkpt>
   <trkpt lat="46.151590000000006" lon="-86.60958000000001">
    <ele>241.94</ele>
   </trkpt>
   <trkpt lat="46.15155" lon="-86.60961">
    <ele>242.35</ele>
   </trkpt>
   <trkpt lat="46.15111" lon="-86.60976000000001">
    <ele>239.74</ele>
   </trkpt>
   <trkpt lat="46.15062" lon="-86.60989000000001">
    <ele>236.74</ele>
   </trkpt>
   <trkpt lat="46.150330000000004" lon="-86.61001">
    <ele>235.54000000000002</ele>
   </trkpt>
   <trkpt lat="46.14997" lon="-86.61023">
    <ele>235.0</ele>
   </trkpt>
   <trkpt lat="46.14927" lon="-86.61077">
    <ele>239.57000000000002</ele>
   </trkpt>
   <trkpt lat="46.149100000000004" lon="-86.61095">
    <ele>241.65000000000003</ele>
   </trkpt>
   <trkpt lat="46.148880000000005" lon="-86.61127">
    <ele>244.6</ele>
   </trkpt>
   <trkpt lat="46.14875000000001" lon="-86.61159">
    <ele>245.84000000000003</ele>
   </trkpt>
   <trkpt lat="46.14865" lon="-86.61198">
    <ele>247.46</ele>
   </trkpt>
   <trkpt lat="46.148630000000004" lon="-86.6122">
    <ele>247.79</ele>
   </trkpt>
   <trkpt lat="46.148630000000004" lon="-86.61261">
    <ele>248.99</ele>
   </trkpt>
   <trkpt lat="46.14867" lon="-86.61287">
    <ele>249.65</ele>
   </trkpt>
   <trkpt lat="46.14878" lon="-86.61327">
    <ele>250.39</ele>
   </trkpt>
   <trkpt lat="46.14919667460842" lon="-86.61422665209436">
    <ele>252.06</ele>
   </trkpt>
   <trkpt lat="46.149613341236666" lon="-86.61518331867255">
    <ele>252.95000000000002</ele>
   </trkpt>
   <trkpt lat="46.15003" lon="-86.61614">
    <ele>254.51000000000002</ele>
   </trkpt>
   <trkpt lat="46.15032" lon="-86.61701000000001">
    <ele>255.20000000000005</ele>
   </trkpt>
   <trkpt lat="46.15039" lon="-86.61736">
    <ele>255.97000000000003</ele>
   </trkpt>
   <trkpt lat="46.150470000000006" lon="-86.61811">
    <ele>256.53000000000003</ele>
   </trkpt>
   <trkpt lat="46.150470000000006" lon="-86.61853">
    <ele>257.15000000000003</ele>
   </trkpt>
   <trkpt lat="46.15041402179738" lon="-86.61964800455713">
    <ele>261.17</ele>
   </trkpt>
   <trkpt lat="46.150358032695834" lon="-86.6207660068399">
    <ele>265.3</ele>
   </trkpt>
   <trkpt lat="46.15030203269541" lon="-86.62188400684789">
    <ele>268.31000000000006</ele>
   </trkpt>
   <trkpt lat="46.15024602179615" lon="-86.62300200458067">
    <ele>267.3</ele>
   </trkpt>
   <trkpt lat="46.15019" lon="-86.62412">
    <ele>262.36</ele>
   </trkpt>
   <trkpt lat="46.15017000189663" lon="-86.62478000032233">
    <ele>261.43</ele>
   </trkpt>
   <trkpt lat="46.150150000000004" lon="-86.62544000000001">
    <ele>261.38</ele>
   </trkpt>
   <trkpt lat="46.15016000000001" lon="-86.62595">
    <ele>261.26000000000005</ele>
   </trkpt>
   <trkpt lat="46.15021" lon="-86.62635">
    <ele>261.24</ele>
   </trkpt>
   <trkpt lat="46.15032" lon="-86.6268">
    <ele>260.52000000000004</ele>
   </trkpt>
   <trkpt lat="46.150420000000004" lon="-86.62711">
    <ele>260.52000000000004</ele>
   </trkpt>
   <trkpt lat="46.150580000000005" lon="-86.62743">
    <ele>260.40000000000003</ele>
   </trkpt>
   <trkpt lat="46.15079" lon="-86.62774">
    <ele>260.08000000000004</ele>
   </trkpt>
   <trkpt lat="46.15101000000001" lon="-86.62802">
    <ele>259.69000000000005</ele>
   </trkpt>
   <trkpt lat="46.15150500100636" lon="-86.62851499548619">
    <ele>259.34000000000003</ele>
   </trkpt>
   <trkpt lat="46.152" lon="-86.62901000000001">
    <ele>259.59999999999997</ele>
   </trkpt>
   <trkpt lat="46.152260000000005" lon="-86.62935">
    <ele>259.88</ele>
   </trkpt>
   <trkpt lat="46.15240000000001" lon="-86.62962">
    <ele>259.95</ele>
   </trkpt>
   <trkpt lat="46.15252" lon="-86.62993">
    <ele>259.95</ele>
   </trkpt>
   <trkpt lat="46.152660000000004" lon="-86.63042">
    <ele>259.86</ele>
   </trkpt>
   <trkpt lat="46.15274" lon="-86.63080000000001">
    <ele>259.32</ele>
   </trkpt>
   <trkpt lat="46.152860000000004" lon="-86.63208">
    <ele>256.63</ele>
   </trkpt>
   <trkpt lat="46.15294" lon="-86.63250000000001">
    <ele>254.79000000000002</ele>
   </trkpt>
   <trkpt lat="46.153200000000005" lon="-86.63333">
    <ele>252.09000000000003</ele>
   </trkpt>
   <trkpt lat="46.153380000000006" lon="-86.63375">
    <ele>250.44</ele>
   </trkpt>
   <trkpt lat="46.153580000000005" lon="-86.63417000000001">
    <ele>248.78000000000003</ele>
   </trkpt>
   <trkpt lat="46.153580000000005" lon="-86.63416000000001">
    <ele>248.78000000000003</ele>
   </trkpt>
   <trkpt lat="46.15410000000001" lon="-86.6349">
    <ele>245.96</ele>
   </trkpt>
   <trkpt lat="46.15455500137323" lon="-86.63545499544827">
    <ele>245.78000000000003</ele>
   </trkpt>
   <trkpt lat="46.155010000000004" lon="-86.63601000000001">
    <ele>246.67000000000002</ele>
   </trkpt>
   <trkpt lat="46.15569499997068" lon="-86.63599000024988">
    <ele>246.17000000000002</ele>
   </trkpt>
   <trkpt lat="46.156380000000006" lon="-86.63597">
    <ele>245.96</ele>
   </trkpt>
   <trkpt lat="46.157160000000005" lon="-86.63589">
    <ele>246.00000000000003</ele>
   </trkpt>
   <trkpt lat="46.15774000013834" lon="-86.63575000146291">
    <ele>246.19000000000003</ele>
   </trkpt>
   <trkpt lat="46.15832" lon="-86.63561000000001">
    <ele>246.35</ele>
   </trkpt>
   <trkpt lat="46.15885" lon="-86.63539">
    <ele>246.17000000000002</ele>
   </trkpt>
   <trkpt lat="46.159110000000005" lon="-86.63526">
    <ele>245.96</ele>
   </trkpt>
   <trkpt lat="46.15941" lon="-86.63508">
    <ele>245.91000000000003</ele>
   </trkpt>
   <trkpt lat="46.160070000000005" lon="-86.63458000000001">
    <ele>245.84000000000003</ele>
   </trkpt>
   <trkpt lat="46.16053500087513" lon="-86.63414000368924">
    <ele>245.35</ele>
   </trkpt>
   <trkpt lat="46.161" lon="-86.6337">
    <ele>244.65</ele>
   </trkpt>
   <trkpt lat="46.161280000000005" lon="-86.63339">
    <ele>243.87000000000003</ele>
   </trkpt>
   <trkpt lat="46.161840000000005" lon="-86.63266">
    <ele>242.51000000000002</ele>
   </trkpt>
   <trkpt lat="46.16230667094461" lon="-86.631960011867">
    <ele>240.83</ele>
   </trkpt>
   <trkpt lat="46.16277333761676" lon="-86.63126001185896">
    <ele>237.94</ele>
   </trkpt>
   <trkpt lat="46.16324" lon="-86.63056">
    <ele>235.91</ele>
   </trkpt>
   <trkpt lat="46.163810000000005" lon="-86.62976">
    <ele>234.33</ele>
   </trkpt>
   <trkpt lat="46.16427" lon="-86.62902000000001">
    <ele>235.43000000000004</ele>
   </trkpt>
   <trkpt lat="46.164828348471076" lon="-86.62818670895571">
    <ele>235.24000000000004</ele>
   </trkpt>
   <trkpt lat="46.16538669088747" lon="-86.62735340099627">
    <ele>235.02</ele>
   </trkpt>
   <trkpt lat="46.16594502724899" lon="-86.62652007612124">
    <ele>235.01000000000002</ele>
   </trkpt>
   <trkpt lat="46.16650335755533" lon="-86.6256867343301">
    <ele>235.26000000000002</ele>
   </trkpt>
   <trkpt lat="46.16706168180628" lon="-86.62485337562241">
    <ele>235.72</ele>
   </trkpt>
   <trkpt lat="46.16762000000001" lon="-86.62402">
    <ele>236.17000000000002</ele>
   </trkpt>
   <trkpt lat="46.167910000000006" lon="-86.62359000000001">
    <ele>236.3</ele>
   </trkpt>
   <trkpt lat="46.16861" lon="-86.62281">
    <ele>236.55</ele>
   </trkpt>
   <trkpt lat="46.16904" lon="-86.62238">
    <ele>236.63</ele>
   </trkpt>
   <trkpt lat="46.16948000000001" lon="-86.62201">
    <ele>236.8</ele>
   </trkpt>
   <trkpt lat="46.17005" lon="-86.6216">
    <ele>237.06</ele>
   </trkpt>
   <trkpt lat="46.170770000000005" lon="-86.6212">
    <ele>237.13</ele>
   </trkpt>
   <trkpt lat="46.17147000000001" lon="-86.62093">
    <ele>237.47</ele>
   </trkpt>
   <trkpt lat="46.17213" lon="-86.62075">
    <ele>237.29000000000002</ele>
   </trkpt>
   <trkpt lat="46.172700000000006" lon="-86.62066">
    <ele>237.49</ele>
   </trkpt>
   <trkpt lat="46.17353000000001" lon="-86.62062">
    <ele>239.11</ele>
   </trkpt>
   <trkpt lat="46.17417500015676" lon="-86.6207349986689">
    <ele>240.54000000000002</ele>
   </trkpt>
   <trkpt lat="46.174820000000004" lon="-86.62085">
    <ele>242.35</ele>
   </trkpt>
   <trkpt lat="46.1756200005977" lon="-86.62110332597454">
    <ele>244.87000000000003</ele>
   </trkpt>
   <trkpt lat="46.176420000635844" lon="-86.62135665931982">
    <ele>247.99</ele>
   </trkpt>
   <trkpt lat="46.177220000000005" lon="-86.62161">
    <ele>250.64000000000001</ele>
   </trkpt>
   <trkpt lat="46.17785000025408" lon="-86.62182999749446">
    <ele>251.29000000000002</ele>
   </trkpt>
   <trkpt lat="46.17848" lon="-86.62205">
    <ele>251.44</ele>
   </trkpt>
   <trkpt lat="46.1790450001922" lon="-86.6222049984313">
    <ele>251.3</ele>
   </trkpt>
   <trkpt lat="46.179610000000004" lon="-86.62236">
    <ele>250.75000000000003</ele>
   </trkpt>
   <trkpt lat="46.18037750078301" lon="-86.62260748962949">
    <ele>248.93</ele>
   </trkpt>
   <trkpt lat="46.18114500103196" lon="-86.6228549861685">
    <ele>246.96</ele>
   </trkpt>
   <trkpt lat="46.18191250074679" lon="-86.62310248961742">
    <ele>245.92000000000002</ele>
   </trkpt>
   <trkpt lat="46.182680000000005" lon="-86.62335">
    <ele>244.34000000000003</ele>
   </trkpt>
   <trkpt lat="46.183490000000006" lon="-86.62357">
    <ele>242.99</ele>
   </trkpt>
   <trkpt lat="46.184000000000005" lon="-86.62364000000001">
    <ele>242.19</ele>
   </trkpt>
   <trkpt lat="46.18462" lon="-86.62367">
    <ele>241.35</ele>
   </trkpt>
   <trkpt lat="46.18518" lon="-86.62366">
    <ele>240.96</ele>
   </trkpt>
   <trkpt lat="46.18596250013467" lon="-86.62355250459298">
    <ele>240.85</ele>
   </trkpt>
   <trkpt lat="46.18674500016858" lon="-86.62344500612558">
    <ele>240.66</ele>
   </trkpt>
   <trkpt lat="46.18752750010174" lon="-86.62333750459766">
    <ele>240.55</ele>
   </trkpt>
   <trkpt lat="46.18831" lon="-86.62323">
    <ele>240.81000000000003</ele>
   </trkpt>
   <trkpt lat="46.18828500675723" lon="-86.62447500057775">
    <ele>239.78000000000003</ele>
   </trkpt>
   <trkpt lat="46.18826000000001" lon="-86.62572">
    <ele>240.02</ele>
   </trkpt>
   <trkpt lat="46.18826000000001" lon="-86.62617">
    <ele>239.99</ele>
   </trkpt>
   <trkpt lat="46.188240002516544" lon="-86.62693000033565">
    <ele>239.72</ele>
   </trkpt>
   <trkpt lat="46.18822" lon="-86.62769">
    <ele>239.19</ele>
   </trkpt>
   <trkpt lat="46.18817000000001" lon="-86.62796">
    <ele>238.94</ele>
   </trkpt>
   <trkpt lat="46.188010000000006" lon="-86.62841">
    <ele>239.06000000000003</ele>
   </trkpt>
   <trkpt lat="46.18761000000001" lon="-86.62935">
    <ele>240.79000000000002</ele>
   </trkpt>
   <trkpt lat="46.18750000000001" lon="-86.62976">
    <ele>240.97</ele>
   </trkpt>
   <trkpt lat="46.18736500209847" lon="-86.63045000157769">
    <ele>241.78000000000003</ele>
   </trkpt>
   <trkpt lat="46.18723000000001" lon="-86.63114">
    <ele>241.95000000000002</ele>
   </trkpt>
   <trkpt lat="46.187000000000005" lon="-86.63178">
    <ele>240.96</ele>
   </trkpt>
   <trkpt lat="46.18668" lon="-86.63231">
    <ele>237.89000000000001</ele>
   </trkpt>
   <trkpt lat="46.186400000000006" lon="-86.63266">
    <ele>238.41</ele>
   </trkpt>
   <trkpt lat="46.18598" lon="-86.63293">
    <ele>241.68</ele>
   </trkpt>
   <trkpt lat="46.18571" lon="-86.63302">
    <ele>243.76000000000002</ele>
   </trkpt>
   <trkpt lat="46.185390000000005" lon="-86.63311">
    <ele>247.67000000000002</ele>
   </trkpt>
   <trkpt lat="46.18468000000001" lon="-86.6332">
    <ele>252.47000000000003</ele>
   </trkpt>
   <trkpt lat="46.18457" lon="-86.63324">
    <ele>252.78</ele>
   </trkpt>
   <trkpt lat="46.18450000000001" lon="-86.63339">
    <ele>252.20000000000002</ele>
   </trkpt>
   <trkpt lat="46.18437" lon="-86.63427">
    <ele>251.47000000000003</ele>
   </trkpt>
   <trkpt lat="46.1843" lon="-86.63496">
    <ele>252.4</ele>
   </trkpt>
   <trkpt lat="46.184290000000004" lon="-86.63563">
    <ele>251.67</ele>
   </trkpt>
   <trkpt lat="46.18432000000001" lon="-86.6362">
    <ele>251.15000000000003</ele>
   </trkpt>
   <trkpt lat="46.18439" lon="-86.63671000000001">
    <ele>250.57000000000002</ele>
   </trkpt>
   <trkpt lat="46.184450000000005" lon="-86.63772">
    <ele>249.13000000000002</ele>
   </trkpt>
   <trkpt lat="46.184610000000006" lon="-86.63854">
    <ele>245.92000000000002</ele>
   </trkpt>
   <trkpt lat="46.184760000000004" lon="-86.63898">
    <ele>244.49</ele>
   </trkpt>
   <trkpt lat="46.184870000000004" lon="-86.6392">
    <ele>244.42000000000002</ele>
   </trkpt>
   <trkpt lat="46.18533" lon="-86.63978">
    <ele>245.03000000000003</ele>
   </trkpt>
   <trkpt lat="46.185550000000006" lon="-86.63992">
    <ele>245.18</ele>
   </trkpt>
   <trkpt lat="46.18601999998608" lon="-86.64009999840161">
    <ele>246.65</ele>
   </trkpt>
   <trkpt lat="46.186490000000006" lon="-86.64028">
    <ele>247.17000000000002</ele>
   </trkpt>
   <trkpt lat="46.18668" lon="-86.64041">
    <ele>247.42000000000002</ele>
   </trkpt>
   <trkpt lat="46.18706" lon="-86.64072">
    <ele>247.62</ele>
   </trkpt>
   <trkpt lat="46.18757" lon="-86.6413">
    <ele>244.72000000000003</ele>
   </trkpt>
   <trkpt lat="46.187720000000006" lon="-86.64153">
    <ele>244.72000000000003</ele>
   </trkpt>
   <trkpt lat="46.187850000000005" lon="-86.64168000000001">
    <ele>243.6</ele>
   </trkpt>
   <trkpt lat="46.18789" lon="-86.64202">
    <ele>243.58</ele>
   </trkpt>
   <trkpt lat="46.187870000000004" lon="-86.64278">
    <ele>245.69000000000003</ele>
   </trkpt>
   <trkpt lat="46.187876675097975" lon="-86.64376333315003">
    <ele>247.13000000000002</ele>
   </trkpt>
   <trkpt lat="46.187883341765016" lon="-86.64474666653871">
    <ele>247.10000000000002</ele>
   </trkpt>
   <trkpt lat="46.18789" lon="-86.64573">
    <ele>247.01</ele>
   </trkpt>
   <trkpt lat="46.18793" lon="-86.64589000000001">
    <ele>247.03000000000003</ele>
   </trkpt>
   <trkpt lat="46.188030000000005" lon="-86.64605">
    <ele>247.03000000000003</ele>
   </trkpt>
   <trkpt lat="46.188190000000006" lon="-86.64609">
    <ele>247.17000000000002</ele>
   </trkpt>
   <trkpt lat="46.188970000000005" lon="-86.64623">
    <ele>247.87</ele>
   </trkpt>
   <trkpt lat="46.18943499995092" lon="-86.64625499978573">
    <ele>248.71</ele>
   </trkpt>
   <trkpt lat="46.1899" lon="-86.64628">
    <ele>248.95000000000002</ele>
   </trkpt>
   <trkpt lat="46.19017751440984" lon="-86.64732998406083">
    <ele>248.77</ele>
   </trkpt>
   <trkpt lat="46.190455019207036" lon="-86.6483799787244">
    <ele>248.39000000000001</ele>
   </trkpt>
   <trkpt lat="46.19073251439143" lon="-86.64942998399059">
    <ele>247.69000000000003</ele>
   </trkpt>
   <trkpt lat="46.191010000000006" lon="-86.65048">
    <ele>246.94000000000003</ele>
   </trkpt>
   <trkpt lat="46.19125500484433" lon="-86.65153499526288">
    <ele>247.57</ele>
   </trkpt>
   <trkpt lat="46.191500000000005" lon="-86.65259">
    <ele>248.45000000000002</ele>
   </trkpt>
   <trkpt lat="46.19165" lon="-86.65301000000001">
    <ele>248.88000000000002</ele>
   </trkpt>
   <trkpt lat="46.191990000000004" lon="-86.65379">
    <ele>249.01</ele>
   </trkpt>
   <trkpt lat="46.19212" lon="-86.65419000000001">
    <ele>248.8</ele>
   </trkpt>
   <trkpt lat="46.19214" lon="-86.65446">
    <ele>248.68</ele>
   </trkpt>
   <trkpt lat="46.19211000000001" lon="-86.65488">
    <ele>248.84000000000003</ele>
   </trkpt>
   <trkpt lat="46.192060000000005" lon="-86.65509">
    <ele>248.89000000000001</ele>
   </trkpt>
   <trkpt lat="46.19164601527234" lon="-86.65602602821409">
    <ele>248.22000000000003</ele>
   </trkpt>
   <trkpt lat="46.19123202290557" lon="-86.65696204232714">
    <ele>245.98000000000002</ele>
   </trkpt>
   <trkpt lat="46.190818022899904" lon="-86.65789804233926">
    <ele>247.91000000000003</ele>
   </trkpt>
   <trkpt lat="46.190404015255574" lon="-86.65883402825068">
    <ele>248.83</ele>
   </trkpt>
   <trkpt lat="46.18999" lon="-86.65977000000001">
    <ele>248.35000000000002</ele>
   </trkpt>
   <trkpt lat="46.18992" lon="-86.66002">
    <ele>248.24</ele>
   </trkpt>
   <trkpt lat="46.189890000000005" lon="-86.66033">
    <ele>248.24</ele>
   </trkpt>
   <trkpt lat="46.18988" lon="-86.66069">
    <ele>248.28000000000003</ele>
   </trkpt>
   <trkpt lat="46.189910000000005" lon="-86.66141">
    <ele>249.05</ele>
   </trkpt>
   <trkpt lat="46.189910000000005" lon="-86.66142">
    <ele>249.05</ele>
   </trkpt>
   <trkpt lat="46.189910000000005" lon="-86.66144000000001">
    <ele>249.10000000000002</ele>
   </trkpt>
   <trkpt lat="46.19061999996309" lon="-86.66144499993517">
    <ele>248.48000000000002</ele>
   </trkpt>
   <trkpt lat="46.19133" lon="-86.66145">
    <ele>248.94000000000003</ele>
   </trkpt>
   <trkpt lat="46.19153000000001" lon="-86.66149">
    <ele>249.28000000000003</ele>
   </trkpt>
   <trkpt lat="46.191970000000005" lon="-86.66165000000001">
    <ele>249.51</ele>
   </trkpt>
   <trkpt lat="46.192724002301524" lon="-86.66201198014193">
    <ele>249.89000000000001</ele>
   </trkpt>
   <trkpt lat="46.19347800346056" lon="-86.66237397021632">
    <ele>250.22</ele>
   </trkpt>
   <trkpt lat="46.194232003477055" lon="-86.66273597022368">
    <ele>250.02</ele>
   </trkpt>
   <trkpt lat="46.19498600235093" lon="-86.66309798016454">
    <ele>250.15000000000003</ele>
   </trkpt>
   <trkpt lat="46.19574" lon="-86.66346">
    <ele>248.98</ele>
   </trkpt>
   <trkpt lat="46.19619" lon="-86.6636">
    <ele>248.66000000000003</ele>
   </trkpt>
   <trkpt lat="46.19664499991081" lon="-86.66353000059661">
    <ele>249.08</ele>
   </trkpt>
   <trkpt lat="46.197100000000006" lon="-86.66346">
    <ele>249.67000000000002</ele>
   </trkpt>
   <trkpt lat="46.19780999995799" lon="-86.66338000104156">
    <ele>252.53000000000003</ele>
   </trkpt>
   <trkpt lat="46.19852" lon="-86.6633">
    <ele>254.57000000000002</ele>
   </trkpt>
   <trkpt lat="46.19934000000001" lon="-86.66324">
    <ele>258.96000000000004</ele>
   </trkpt>
   <trkpt lat="46.199630000000006" lon="-86.66334">
    <ele>259.47</ele>
   </trkpt>
   <trkpt lat="46.200090000434315" lon="-86.66364999741499">
    <ele>259.63</ele>
   </trkpt>
   <trkpt lat="46.20055000000001" lon="-86.66396">
    <ele>260.96000000000004</ele>
   </trkpt>
   <trkpt lat="46.200860000000006" lon="-86.66406">
    <ele>261.03000000000003</ele>
   </trkpt>
   <trkpt lat="46.20112" lon="-86.66405">
    <ele>259.65000000000003</ele>
   </trkpt>
   <trkpt lat="46.20190500042868" lon="-86.66375500419647">
    <ele>254.01000000000002</ele>
   </trkpt>
   <trkpt lat="46.202690000000004" lon="-86.66346">
    <ele>248.71</ele>
   </trkpt>
   <trkpt lat="46.202920000000006" lon="-86.66336000000001">
    <ele>248.59000000000003</ele>
   </trkpt>
   <trkpt lat="46.2032" lon="-86.6631">
    <ele>248.77</ele>
   </trkpt>
   <trkpt lat="46.20333" lon="-86.66294">
    <ele>249.28000000000003</ele>
   </trkpt>
   <trkpt lat="46.203450000000004" lon="-86.66275">
    <ele>249.70000000000002</ele>
   </trkpt>
   <trkpt lat="46.20355000000001" lon="-86.66254">
    <ele>249.92000000000002</ele>
   </trkpt>
   <trkpt lat="46.20362" lon="-86.66234">
    <ele>250.01</ele>
   </trkpt>
   <trkpt lat="46.203790001877074" lon="-86.6616800021274">
    <ele>249.43</ele>
   </trkpt>
   <trkpt lat="46.20396" lon="-86.66102000000001">
    <ele>249.11</ele>
   </trkpt>
   <trkpt lat="46.204080000000005" lon="-86.66064">
    <ele>249.01</ele>
   </trkpt>
   <trkpt lat="46.2043" lon="-86.66019">
    <ele>249.18</ele>
   </trkpt>
   <trkpt lat="46.204420000000006" lon="-86.66006">
    <ele>249.21</ele>
   </trkpt>
   <trkpt lat="46.20463" lon="-86.65988">
    <ele>249.19000000000003</ele>
   </trkpt>
   <trkpt lat="46.20494" lon="-86.6597">
    <ele>249.15</ele>
   </trkpt>
   <trkpt lat="46.20508" lon="-86.65966">
    <ele>249.15</ele>
   </trkpt>
   <trkpt lat="46.20546" lon="-86.65966">
    <ele>249.21</ele>
   </trkpt>
   <trkpt lat="46.20630333337528" lon="-86.65969666554216">
    <ele>249.78000000000003</ele>
   </trkpt>
   <trkpt lat="46.20714666673884" lon="-86.65973333221012">
    <ele>249.61</ele>
   </trkpt>
   <trkpt lat="46.20799" lon="-86.65977000000001">
    <ele>248.81000000000003</ele>
   </trkpt>
   <trkpt lat="46.20880750013306" lon="-86.65986499576">
    <ele>248.93</ele>
   </trkpt>
   <trkpt lat="46.209625000187444" lon="-86.65995999434774">
    <ele>248.75000000000003</ele>
   </trkpt>
   <trkpt lat="46.210442500163126" lon="-86.66005499576333">
    <ele>248.45000000000002</ele>
   </trkpt>
   <trkpt lat="46.21126" lon="-86.66015">
    <ele>247.83</ele>
   </trkpt>
   <trkpt lat="46.211490000000005" lon="-86.66021">
    <ele>247.83</ele>
   </trkpt>
   <trkpt lat="46.21210000037108" lon="-86.66047999702477">
    <ele>248.07000000000002</ele>
   </trkpt>
   <trkpt lat="46.21271" lon="-86.66075000000001">
    <ele>247.99</ele>
   </trkpt>
   <trkpt lat="46.213305000294596" lon="-86.66102999694425">
    <ele>248.18</ele>
   </trkpt>
   <trkpt lat="46.2139" lon="-86.66131">
    <ele>248.86</ele>
   </trkpt>
   <trkpt lat="46.214360000000006" lon="-86.66154">
    <ele>248.92000000000002</ele>
   </trkpt>
   <trkpt lat="46.21452" lon="-86.66164">
    <ele>248.9</ele>
   </trkpt>
   <trkpt lat="46.21466" lon="-86.66176">
    <ele>248.77</ele>
   </trkpt>
   <trkpt lat="46.21481000000001" lon="-86.66194">
    <ele>248.65</ele>
   </trkpt>
   <trkpt lat="46.21508" lon="-86.66239">
    <ele>248.33</ele>
   </trkpt>
   <trkpt lat="46.21556" lon="-86.66324">
    <ele>248.21</ele>
   </trkpt>
   <trkpt lat="46.21575000000001" lon="-86.66353000000001">
    <ele>248.31000000000003</ele>
   </trkpt>
   <trkpt lat="46.216120000000004" lon="-86.66401">
    <ele>248.22000000000003</ele>
   </trkpt>
   <trkpt lat="46.21682250901969" lon="-86.6645537013032">
    <ele>247.87</ele>
   </trkpt>
   <trkpt lat="46.217525015461945" lon="-86.66509741651798">
    <ele>248.43</ele>
   </trkpt>
   <trkpt lat="46.21822751932664" lon="-86.665641145645">
    <ele>247.77</ele>
   </trkpt>
   <trkpt lat="46.21893002061364" lon="-86.66618488868488">
    <ele>247.65</ele>
   </trkpt>
   <trkpt lat="46.21963251932282" lon="-86.66672864563832">
    <ele>247.56000000000003</ele>
   </trkpt>
   <trkpt lat="46.220335015454054" lon="-86.66727241650591">
    <ele>247.58</ele>
   </trkpt>
   <trkpt lat="46.22103750900721" lon="-86.66781620128833">
    <ele>247.50000000000003</ele>
   </trkpt>
   <trkpt lat="46.221740000000004" lon="-86.66836">
    <ele>246.91000000000003</ele>
   </trkpt>
   <trkpt lat="46.22251000000001" lon="-86.66893">
    <ele>247.05</ele>
   </trkpt>
   <trkpt lat="46.22265" lon="-86.66901">
    <ele>247.00000000000003</ele>
   </trkpt>
   <trkpt lat="46.22332" lon="-86.66928">
    <ele>247.87</ele>
   </trkpt>
   <trkpt lat="46.224111430491824" lon="-86.66955140509079">
    <ele>248.66000000000003</ele>
   </trkpt>
   <trkpt lat="46.224902860341416" lon="-86.66982281800699">
    <ele>248.94000000000003</ele>
   </trkpt>
   <trkpt lat="46.225694289548734" lon="-86.67009423874903">
    <ele>248.93</ele>
   </trkpt>
   <trkpt lat="46.22648571811373" lon="-86.67036566731736">
    <ele>249.4</ele>
   </trkpt>
   <trkpt lat="46.227277146036364" lon="-86.6706371037124">
    <ele>249.39000000000001</ele>
   </trkpt>
   <trkpt lat="46.22806857331663" lon="-86.67090854793459">
    <ele>248.56000000000003</ele>
   </trkpt>
   <trkpt lat="46.228860000000005" lon="-86.67118">
    <ele>248.75000000000003</ele>
   </trkpt>
   <trkpt lat="46.22921" lon="-86.67131">
    <ele>249.06000000000003</ele>
   </trkpt>
   <trkpt lat="46.2295" lon="-86.67147000000001">
    <ele>249.78000000000003</ele>
   </trkpt>
   <trkpt lat="46.229870000000005" lon="-86.67175">
    <ele>250.18</ele>
   </trkpt>
   <trkpt lat="46.23004" lon="-86.67192">
    <ele>250.67</ele>
   </trkpt>
   <trkpt lat="46.23035" lon="-86.67229">
    <ele>251.03000000000003</ele>
   </trkpt>
   <trkpt lat="46.230560000000004" lon="-86.67269">
    <ele>251.03000000000003</ele>
   </trkpt>
   <trkpt lat="46.23077000000001" lon="-86.67313">
    <ele>251.18</ele>
   </trkpt>
   <trkpt lat="46.231100000000005" lon="-86.67373">
    <ele>250.99000000000004</ele>
   </trkpt>
   <trkpt lat="46.231280000000005" lon="-86.67399">
    <ele>251.04999999999998</ele>
   </trkpt>
   <trkpt lat="46.23171000000001" lon="-86.67452">
    <ele>250.47000000000003</ele>
   </trkpt>
   <trkpt lat="46.232060000000004" lon="-86.67479">
    <ele>248.98</ele>
   </trkpt>
   <trkpt lat="46.23245000000001" lon="-86.67503">
    <ele>248.48000000000002</ele>
   </trkpt>
   <trkpt lat="46.23265000000001" lon="-86.67511">
    <ele>248.50000000000003</ele>
   </trkpt>
   <trkpt lat="46.233230000000006" lon="-86.67524">
    <ele>249.00000000000003</ele>
   </trkpt>
   <trkpt lat="46.23355" lon="-86.67524">
    <ele>249.50000000000003</ele>
   </trkpt>
   <trkpt lat="46.23443" lon="-86.67530000000001">
    <ele>250.54000000000005</ele>
   </trkpt>
   <trkpt lat="46.23467" lon="-86.67537">
    <ele>250.36</ele>
   </trkpt>
   <trkpt lat="46.235060000000004" lon="-86.67553000000001">
    <ele>250.38000000000005</ele>
   </trkpt>
   <trkpt lat="46.23527000000001" lon="-86.67566000000001">
    <ele>250.4</ele>
   </trkpt>
   <trkpt lat="46.23581" lon="-86.67613">
    <ele>250.96</ele>
   </trkpt>
   <trkpt lat="46.23642500145762" lon="-86.67669999365009">
    <ele>251.4</ele>
   </trkpt>
   <trkpt lat="46.23704" lon="-86.67727000000001">
    <ele>250.65000000000003</ele>
   </trkpt>
   <trkpt lat="46.23751500093543" lon="-86.67772999603066">
    <ele>250.52</ele>
   </trkpt>
   <trkpt lat="46.23799" lon="-86.67819">
    <ele>250.73</ele>
   </trkpt>
   <trkpt lat="46.23837" lon="-86.67852">
    <ele>251.13000000000002</ele>
   </trkpt>
   <trkpt lat="46.238580000000006" lon="-86.67864">
    <ele>251.32999999999998</ele>
   </trkpt>
   <trkpt lat="46.23884" lon="-86.67874">
    <ele>251.71000000000004</ele>
   </trkpt>
   <trkpt lat="46.23962000002039" lon="-86.67887499807065">
    <ele>251.86</ele>
   </trkpt>
   <trkpt lat="46.2404" lon="-86.67901">
    <ele>251.82000000000005</ele>
   </trkpt>
   <trkpt lat="46.24080000000001" lon="-86.67913">
    <ele>251.85000000000002</ele>
   </trkpt>
   <trkpt lat="46.24128" lon="-86.67931">
    <ele>251.88000000000005</ele>
   </trkpt>
   <trkpt lat="46.242020000000004" lon="-86.67947000000001">
    <ele>252.51000000000002</ele>
   </trkpt>
   <trkpt lat="46.242720000000006" lon="-86.67955">
    <ele>253.17</ele>
   </trkpt>
   <trkpt lat="46.243493333333106" lon="-86.67955833274597">
    <ele>253.78</ele>
   </trkpt>
   <trkpt lat="46.24426666666561" lon="-86.67956666572685">
    <ele>254.15000000000003</ele>
   </trkpt>
   <trkpt lat="46.2450399999975" lon="-86.67957499894268">
    <ele>254.44</ele>
   </trkpt>
   <trkpt lat="46.24581333332879" lon="-86.67958333239345">
    <ele>254.85000000000002</ele>
   </trkpt>
   <trkpt lat="46.24658666665948" lon="-86.67959166607919">
    <ele>255.26999999999998</ele>
   </trkpt>
   <trkpt lat="46.24736" lon="-86.67960000000001">
    <ele>255.39000000000001</ele>
   </trkpt>
   <trkpt lat="46.24819833335433" lon="-86.67961999663754">
    <ele>255.14000000000001</ele>
   </trkpt>
   <trkpt lat="46.24903666670519" lon="-86.67963999388628">
    <ele>255.34</ele>
   </trkpt>
   <trkpt lat="46.24987500005253" lon="-86.67965999174633">
    <ele>255.4</ele>
   </trkpt>
   <trkpt lat="46.25071333339642" lon="-86.67967999021772">
    <ele>255.24</ele>
   </trkpt>
   <trkpt lat="46.2515516667368" lon="-86.67969998930043">
    <ele>255.38</ele>
   </trkpt>
   <trkpt lat="46.252390000073696" lon="-86.67971998899456">
    <ele>255.28</ele>
   </trkpt>
   <trkpt lat="46.253228333407115" lon="-86.6797399893001">
    <ele>255.24</ele>
   </trkpt>
   <trkpt lat="46.25406666673703" lon="-86.67975999021711">
    <ele>255.75000000000003</ele>
   </trkpt>
   <trkpt lat="46.25490500006348" lon="-86.67977999174562">
    <ele>256.02000000000004</ele>
   </trkpt>
   <trkpt lat="46.25574333338642" lon="-86.67979999388567">
    <ele>256.43000000000006</ele>
   </trkpt>
   <trkpt lat="46.256581666705884" lon="-86.6798199966373">
    <ele>256.51</ele>
   </trkpt>
   <trkpt lat="46.25742" lon="-86.67984000000001">
    <ele>257.59999999999997</ele>
   </trkpt>
   <trkpt lat="46.25719000425785" lon="-86.68082500400939">
    <ele>257.43000000000006</ele>
   </trkpt>
   <trkpt lat="46.25696000000001" lon="-86.68181000000001">
    <ele>257.68</ele>
   </trkpt>
   <trkpt lat="46.25672334376445" lon="-86.68290334272696">
    <ele>257.70000000000005</ele>
   </trkpt>
   <trkpt lat="46.25648667710719" lon="-86.68399667601663">
    <ele>257.87000000000006</ele>
   </trkpt>
   <trkpt lat="46.25625" lon="-86.68509">
    <ele>258.13</ele>
   </trkpt>
   <trkpt lat="46.256130000000006" lon="-86.68578000000001">
    <ele>258.13</ele>
   </trkpt>
   <trkpt lat="46.25605" lon="-86.68656">
    <ele>258.09000000000003</ele>
   </trkpt>
   <trkpt lat="46.25602000000001" lon="-86.68730000000001">
    <ele>258.04</ele>
   </trkpt>
   <trkpt lat="46.25602000000001" lon="-86.68795">
    <ele>257.81000000000006</ele>
   </trkpt>
   <trkpt lat="46.2561" lon="-86.68903">
    <ele>257.53000000000003</ele>
   </trkpt>
   <trkpt lat="46.256270012819115" lon="-86.69001999080432">
    <ele>256.92</ele>
   </trkpt>
   <trkpt lat="46.25644001709359" lon="-86.69100998774712">
    <ele>256.56</ele>
   </trkpt>
   <trkpt lat="46.25661001282327" lon="-86.6919999908282">
    <ele>256.24</ele>
   </trkpt>
   <trkpt lat="46.256780000000006" lon="-86.69299000000001">
    <ele>256.09000000000003</ele>
   </trkpt>
   <trkpt lat="46.25687000211864" lon="-86.69368999871624">
    <ele>256.43000000000006</ele>
   </trkpt>
   <trkpt lat="46.25696000000001" lon="-86.69439000000001">
    <ele>256.76000000000005</ele>
   </trkpt>
   <trkpt lat="46.25701000194701" lon="-86.69505499965034">
    <ele>257.07</ele>
   </trkpt>
   <trkpt lat="46.25706" lon="-86.69572000000001">
    <ele>257.69</ele>
   </trkpt>
   <trkpt lat="46.257090000000005" lon="-86.69678">
    <ele>258.18</ele>
   </trkpt>
   <trkpt lat="46.25710000264872" lon="-86.69755999959396">
    <ele>258.19</ele>
   </trkpt>
   <trkpt lat="46.257110000000004" lon="-86.69834">
    <ele>258.32</ele>
   </trkpt>
   <trkpt lat="46.25708" lon="-86.69883">
    <ele>258.37000000000006</ele>
   </trkpt>
   <trkpt lat="46.256991882773974" lon="-86.70004729229716">
    <ele>258.18</ele>
   </trkpt>
   <trkpt lat="46.25690375262929" lon="-86.7012645806818">
    <ele>258.20000000000005</ele>
   </trkpt>
   <trkpt lat="46.256815609566026" lon="-86.70248186515336">
    <ele>258.27</ele>
   </trkpt>
   <trkpt lat="46.25672745358426" lon="-86.70369914571133">
    <ele>258.06</ele>
   </trkpt>
   <trkpt lat="46.25663928468408" lon="-86.70491642235513">
    <ele>257.77</ele>
   </trkpt>
   <trkpt lat="46.256551102865544" lon="-86.70613369508422">
    <ele>257.72</ele>
   </trkpt>
   <trkpt lat="46.256462908128775" lon="-86.70735096389802">
    <ele>257.49</ele>
   </trkpt>
   <trkpt lat="46.256374700473835" lon="-86.70856822879605">
    <ele>257.37000000000006</ele>
   </trkpt>
   <trkpt lat="46.25628647990079" lon="-86.70978548977772">
    <ele>257.32000000000005</ele>
   </trkpt>
   <trkpt lat="46.25619824640973" lon="-86.71100274684248">
    <ele>258.01</ele>
   </trkpt>
   <trkpt lat="46.25611000000001" lon="-86.71222">
    <ele>258.11</ele>
   </trkpt>
   <trkpt lat="46.25605" lon="-86.71312">
    <ele>258.24</ele>
   </trkpt>
   <trkpt lat="46.256033343440535" lon="-86.71419666726429">
    <ele>257.95</ele>
   </trkpt>
   <trkpt lat="46.25601667677473" lon="-86.71527333387432">
    <ele>257.82</ele>
   </trkpt>
   <trkpt lat="46.25600000000001" lon="-86.71635">
    <ele>257.71</ele>
   </trkpt>
   <trkpt lat="46.25601669256225" lon="-86.71743999835518">
    <ele>257.65999999999997</ele>
   </trkpt>
   <trkpt lat="46.256033374766346" lon="-86.71852999737372">
    <ele>257.62</ele>
   </trkpt>
   <trkpt lat="46.25605004661231" lon="-86.71961999705528">
    <ele>257.91</ele>
   </trkpt>
   <trkpt lat="46.25606670810009" lon="-86.72070999739938">
    <ele>258.04</ele>
   </trkpt>
   <trkpt lat="46.25608335922971" lon="-86.72179999840566">
    <ele>257.97</ele>
   </trkpt>
   <trkpt lat="46.2561" lon="-86.72289">
    <ele>257.97</ele>
   </trkpt>
   <trkpt lat="46.256170000000004" lon="-86.72401">
    <ele>258.21</ele>
   </trkpt>
   <trkpt lat="46.256220000000006" lon="-86.72437000000001">
    <ele>258.31000000000006</ele>
   </trkpt>
   <trkpt lat="46.25639" lon="-86.72518000000001">
    <ele>258.63</ele>
   </trkpt>
   <trkpt lat="46.256550000000004" lon="-86.72571">
    <ele>258.63</ele>
   </trkpt>
   <trkpt lat="46.256820000000005" lon="-86.72637">
    <ele>258.68</ele>
   </trkpt>
   <trkpt lat="46.257130000000004" lon="-86.72704">
    <ele>258.86</ele>
   </trkpt>
   <trkpt lat="46.25765000262929" lon="-86.72780999276426">
    <ele>259.07</ele>
   </trkpt>
   <trkpt lat="46.25817000000001" lon="-86.72858000000001">
    <ele>259.28000000000003</ele>
   </trkpt>
   <trkpt lat="46.258390000000006" lon="-86.72894000000001">
    <ele>259.32</ele>
   </trkpt>
   <trkpt lat="46.258590000000005" lon="-86.72937">
    <ele>259.43</ele>
   </trkpt>
   <trkpt lat="46.258860000000006" lon="-86.73006000000001">
    <ele>259.32</ele>
   </trkpt>
   <trkpt lat="46.259190000000004" lon="-86.73118000000001">
    <ele>259.39</ele>
   </trkpt>
   <trkpt lat="46.2593" lon="-86.73174">
    <ele>259.40000000000003</ele>
   </trkpt>
   <trkpt lat="46.25941" lon="-86.7325">
    <ele>259.27</ele>
   </trkpt>
   <trkpt lat="46.259460000000004" lon="-86.73333000000001">
    <ele>259.40000000000003</ele>
   </trkpt>
   <trkpt lat="46.259460002452" lon="-86.73408000057913">
    <ele>259.59999999999997</ele>
   </trkpt>
   <trkpt lat="46.259460000000004" lon="-86.73483">
    <ele>259.65000000000003</ele>
   </trkpt>
   <trkpt lat="46.25948000184209" lon="-86.73547999977465">
    <ele>259.63</ele>
   </trkpt>
   <trkpt lat="46.2595" lon="-86.73613">
    <ele>259.75000000000006</ele>
   </trkpt>
   <trkpt lat="46.25958000215607" lon="-86.73683499887859">
    <ele>259.99</ele>
   </trkpt>
   <trkpt lat="46.259660000000004" lon="-86.73754000000001">
    <ele>259.99</ele>
   </trkpt>
   <trkpt lat="46.259884026292006" lon="-86.73876797992313">
    <ele>260.36</ele>
   </trkpt>
   <trkpt lat="46.26010803943739" lon="-86.73999596988065">
    <ele>260.20000000000005</ele>
   </trkpt>
   <trkpt lat="46.26033203943596" lon="-86.74122396987217">
    <ele>258.37000000000006</ele>
   </trkpt>
   <trkpt lat="46.26055602628755" lon="-86.74245197989724">
    <ele>257.82</ele>
   </trkpt>
   <trkpt lat="46.260780000000004" lon="-86.74368000000001">
    <ele>258.89</ele>
   </trkpt>
   <trkpt lat="46.26088000000001" lon="-86.74430000000001">
    <ele>259.12</ele>
   </trkpt>
   <trkpt lat="46.26102" lon="-86.74437">
    <ele>258.59999999999997</ele>
   </trkpt>
   <trkpt lat="46.26144" lon="-86.74445">
    <ele>258.33</ele>
   </trkpt>
   <trkpt lat="46.26193000000001" lon="-86.74481">
    <ele>259.31000000000006</ele>
   </trkpt>
   <trkpt lat="46.262260000000005" lon="-86.74495">
    <ele>259.49</ele>
   </trkpt>
   <trkpt lat="46.262910000000005" lon="-86.74505">
    <ele>259.36</ele>
   </trkpt>
   <trkpt lat="46.263670000000005" lon="-86.74510000000001">
    <ele>258.94</ele>
   </trkpt>
   <trkpt lat="46.26402" lon="-86.74517">
    <ele>258.97</ele>
   </trkpt>
   <trkpt lat="46.26474500030427" lon="-86.74545999613984">
    <ele>256.96000000000004</ele>
   </trkpt>
   <trkpt lat="46.26547" lon="-86.74575">
    <ele>255.82000000000005</ele>
   </trkpt>
   <trkpt lat="46.26576000000001" lon="-86.74584">
    <ele>255.69000000000003</ele>
   </trkpt>
   <trkpt lat="46.26644999993369" lon="-86.74589499930136">
    <ele>256.29</ele>
   </trkpt>
   <trkpt lat="46.267140000000005" lon="-86.74595000000001">
    <ele>258.15000000000003</ele>
   </trkpt>
   <trkpt lat="46.26780000011139" lon="-86.74603499898686">
    <ele>258.44</ele>
   </trkpt>
   <trkpt lat="46.268460000000005" lon="-86.74612">
    <ele>258.44</ele>
   </trkpt>
   <trkpt lat="46.269070000000006" lon="-86.74624">
    <ele>257.34000000000003</ele>
   </trkpt>
   <trkpt lat="46.26995166705883" lon="-86.74637498914116">
    <ele>258.98</ele>
   </trkpt>
   <trkpt lat="46.270833333958755" lon="-86.74650998262518">
    <ele>258.54</ele>
   </trkpt>
   <trkpt lat="46.27171500069982" lon="-86.74664498045233">
    <ele>260.17</ele>
   </trkpt>
   <trkpt lat="46.27259666728201" lon="-86.74677998262291">
    <ele>261.81000000000006</ele>
   </trkpt>
   <trkpt lat="46.273478333705285" lon="-86.74691498913717">
    <ele>262.41</ele>
   </trkpt>
   <trkpt lat="46.27436" lon="-86.74705">
    <ele>262.24</ele>
   </trkpt>
   <trkpt lat="46.274980000000006" lon="-86.7472">
    <ele>263.06</ele>
   </trkpt>
   <trkpt lat="46.27559500012657" lon="-86.74739999773995">
    <ele>263.76</ele>
   </trkpt>
   <trkpt lat="46.276210000000006" lon="-86.7476">
    <ele>264.06</ele>
   </trkpt>
   <trkpt lat="46.27667" lon="-86.74779000000001">
    <ele>264.09000000000003</ele>
   </trkpt>
   <trkpt lat="46.27693000000001" lon="-86.74791">
    <ele>264.33</ele>
   </trkpt>
   <trkpt lat="46.277415000509315" lon="-86.74824499704881">
    <ele>264.69000000000005</ele>
   </trkpt>
   <trkpt lat="46.2779" lon="-86.74858">
    <ele>264.87</ele>
   </trkpt>
   <trkpt lat="46.2783" lon="-86.74881">
    <ele>264.99</ele>
   </trkpt>
   <trkpt lat="46.278883333754884" lon="-86.74902999531558">
    <ele>265.54</ele>
   </trkpt>
   <trkpt lat="46.279466667087846" lon="-86.74924999531538">
    <ele>265.99</ele>
   </trkpt>
   <trkpt lat="46.28005" lon="-86.74947">
    <ele>266.20000000000005</ele>
   </trkpt>
   <trkpt lat="46.28029" lon="-86.74957">
    <ele>266.22</ele>
   </trkpt>
   <trkpt lat="46.2805" lon="-86.74962000000001">
    <ele>266.34000000000003</ele>
   </trkpt>
   <trkpt lat="46.281000000000006" lon="-86.74983">
    <ele>266.57000000000005</ele>
   </trkpt>
   <trkpt lat="46.28146" lon="-86.7501">
    <ele>266.62</ele>
   </trkpt>
   <trkpt lat="46.281760000000006" lon="-86.75036">
    <ele>266.96000000000004</ele>
   </trkpt>
   <trkpt lat="46.282140000000005" lon="-86.75077">
    <ele>267.31000000000006</ele>
   </trkpt>
   <trkpt lat="46.282535000521925" lon="-86.75108499780022">
    <ele>267.64000000000004</ele>
   </trkpt>
   <trkpt lat="46.28293" lon="-86.7514">
    <ele>268.09</ele>
   </trkpt>
   <trkpt lat="46.283640000000005" lon="-86.75193">
    <ele>268.61</ele>
   </trkpt>
   <trkpt lat="46.28389000000001" lon="-86.75217">
    <ele>268.96000000000004</ele>
   </trkpt>
   <trkpt lat="46.284220000000005" lon="-86.75261">
    <ele>268.93</ele>
   </trkpt>
   <trkpt lat="46.28453500106376" lon="-86.75310499714702">
    <ele>268.96000000000004</ele>
   </trkpt>
   <trkpt lat="46.284850000000006" lon="-86.7536">
    <ele>268.90000000000003</ele>
   </trkpt>
   <trkpt lat="46.28523000139925" lon="-86.7541549962328">
    <ele>269.02000000000004</ele>
   </trkpt>
   <trkpt lat="46.285610000000005" lon="-86.75471">
    <ele>269.2</ele>
   </trkpt>
   <trkpt lat="46.28601500144426" lon="-86.75527499589643">
    <ele>269.52000000000004</ele>
   </trkpt>
   <trkpt lat="46.28642000000001" lon="-86.75584">
    <ele>269.19000000000005</ele>
   </trkpt>
   <trkpt lat="46.286620000000006" lon="-86.75605">
    <ele>269.17</ele>
   </trkpt>
   <trkpt lat="46.287040000000005" lon="-86.75623">
    <ele>269.36</ele>
   </trkpt>
   <trkpt lat="46.28727000000001" lon="-86.75623">
    <ele>269.69000000000005</ele>
   </trkpt>
   <trkpt lat="46.28748" lon="-86.75618">
    <ele>269.8</ele>
   </trkpt>
   <trkpt lat="46.287710000000004" lon="-86.75609">
    <ele>270.01000000000005</ele>
   </trkpt>
   <trkpt lat="46.28848000000001" lon="-86.75548">
    <ele>270.48</ele>
   </trkpt>
   <trkpt lat="46.288925000915306" lon="-86.75502000374446">
    <ele>270.35</ele>
   </trkpt>
   <trkpt lat="46.289370000000005" lon="-86.75456000000001">
    <ele>269.98</ele>
   </trkpt>
   <trkpt lat="46.28984500102671" lon="-86.75405000453779">
    <ele>269.15</ele>
   </trkpt>
   <trkpt lat="46.29032" lon="-86.75354">
    <ele>269.68</ele>
   </trkpt>
   <trkpt lat="46.290510000000005" lon="-86.75338">
    <ele>269.67</ele>
   </trkpt>
   <trkpt lat="46.29073" lon="-86.75327">
    <ele>269.24</ele>
   </trkpt>
   <trkpt lat="46.29092000000001" lon="-86.75323">
    <ele>269.11</ele>
   </trkpt>
   <trkpt lat="46.29112000000001" lon="-86.75325000000001">
    <ele>269.21</ele>
   </trkpt>
   <trkpt lat="46.291340000000005" lon="-86.75336">
    <ele>269.44</ele>
   </trkpt>
   <trkpt lat="46.29184000073766" lon="-86.75376999626103">
    <ele>269.55</ele>
   </trkpt>
   <trkpt lat="46.29234" lon="-86.75418">
    <ele>269.23</ele>
   </trkpt>
   <trkpt lat="46.292640000000006" lon="-86.75439">
    <ele>269.35</ele>
   </trkpt>
   <trkpt lat="46.29332" lon="-86.75472">
    <ele>270.7</ele>
   </trkpt>
   <trkpt lat="46.2935" lon="-86.75478000000001">
    <ele>271.25000000000006</ele>
   </trkpt>
   <trkpt lat="46.293260000000004" lon="-86.75549000000001">
    <ele>269.38</ele>
   </trkpt>
   <trkpt lat="46.29287" lon="-86.75643000000001">
    <ele>270.56</ele>
   </trkpt>
   <trkpt lat="46.29254" lon="-86.75738000000001">
    <ele>271.42</ele>
   </trkpt>
   <trkpt lat="46.292440000000006" lon="-86.75798">
    <ele>271.51000000000005</ele>
   </trkpt>
   <trkpt lat="46.2922" lon="-86.7591">
    <ele>271.16</ele>
   </trkpt>
   <trkpt lat="46.29201500151564" lon="-86.75970000220045">
    <ele>270.95000000000005</ele>
   </trkpt>
   <trkpt lat="46.291830000000004" lon="-86.7603">
    <ele>270.89</ele>
   </trkpt>
   <trkpt lat="46.29146" lon="-86.76106">
    <ele>270.87</ele>
   </trkpt>
   <trkpt lat="46.29111" lon="-86.76157">
    <ele>270.85</ele>
   </trkpt>
   <trkpt lat="46.290820000000004" lon="-86.76196">
    <ele>270.6</ele>
   </trkpt>
   <trkpt lat="46.290380000000006" lon="-86.76242">
    <ele>270.36</ele>
   </trkpt>
   <trkpt lat="46.29014" lon="-86.76294">
    <ele>270.31</ele>
   </trkpt>
   <trkpt lat="46.29008" lon="-86.76310000000001">
    <ele>270.46000000000004</ele>
   </trkpt>
   <trkpt lat="46.289880003997396" lon="-86.76406000360026">
    <ele>269.45000000000005</ele>
   </trkpt>
   <trkpt lat="46.289680000000004" lon="-86.76502">
    <ele>268.24</ele>
   </trkpt>
   <trkpt lat="46.289570000000005" lon="-86.76567">
    <ele>268.45</ele>
   </trkpt>
   <trkpt lat="46.289640000000006" lon="-86.76689">
    <ele>269.63000000000005</ele>
   </trkpt>
   <trkpt lat="46.28964000444653" lon="-86.76790000002347">
    <ele>269.3</ele>
   </trkpt>
   <trkpt lat="46.289640000000006" lon="-86.76891">
    <ele>269.7</ele>
   </trkpt>
   <trkpt lat="46.28961" lon="-86.76965000000001">
    <ele>269.85</ele>
   </trkpt>
   <trkpt lat="46.28971000000001" lon="-86.77004000000001">
    <ele>269.64000000000004</ele>
   </trkpt>
   <trkpt lat="46.29001500477261" lon="-86.77108999403916">
    <ele>268.86</ele>
   </trkpt>
   <trkpt lat="46.29032" lon="-86.77214000000001">
    <ele>270.66</ele>
   </trkpt>
   <trkpt lat="46.29064501525172" lon="-86.77321998077154">
    <ele>271.09</ele>
   </trkpt>
   <trkpt lat="46.290970020335244" lon="-86.7742999743603">
    <ele>269.56</ele>
   </trkpt>
   <trkpt lat="46.29129501525034" lon="-86.77537998076625">
    <ele>270.21</ele>
   </trkpt>
   <trkpt lat="46.29162" lon="-86.77646">
    <ele>271.28000000000003</ele>
   </trkpt>
   <trkpt lat="46.29198" lon="-86.77719">
    <ele>270.92</ele>
   </trkpt>
   <trkpt lat="46.29211" lon="-86.7774">
    <ele>270.59</ele>
   </trkpt>
   <trkpt lat="46.29249" lon="-86.77781">
    <ele>269.68</ele>
   </trkpt>
   <trkpt lat="46.29271000000001" lon="-86.77801000000001">
    <ele>269.94</ele>
   </trkpt>
   <trkpt lat="46.29296" lon="-86.77818">
    <ele>270.2</ele>
   </trkpt>
   <trkpt lat="46.293240000000004" lon="-86.7783">
    <ele>270.64000000000004</ele>
   </trkpt>
   <trkpt lat="46.293420000000005" lon="-86.7783">
    <ele>270.98</ele>
   </trkpt>
   <trkpt lat="46.29428875209904" lon="-86.7785624708489">
    <ele>271.86</ele>
   </trkpt>
   <trkpt lat="46.2951575035975" lon="-86.77882495002537">
    <ele>272.07000000000005</ele>
   </trkpt>
   <trkpt lat="46.29602625449531" lon="-86.77908743752992">
    <ele>272.04</ele>
   </trkpt>
   <trkpt lat="46.29689500479245" lon="-86.7793499333631">
    <ele>272.54</ele>
   </trkpt>
   <trkpt lat="46.297763754488905" lon="-86.77961243752536">
    <ele>273.0</ele>
   </trkpt>
   <trkpt lat="46.29863250358459" lon="-86.77987495001729">
    <ele>273.11</ele>
   </trkpt>
   <trkpt lat="46.299501252079516" lon="-86.78013747083934">
    <ele>273.53</ele>
   </trkpt>
   <trkpt lat="46.30037" lon="-86.7804">
    <ele>274.01000000000005</ele>
   </trkpt>
   <trkpt lat="46.30088500013068" lon="-86.78056999840251">
    <ele>274.52000000000004</ele>
   </trkpt>
   <trkpt lat="46.3014" lon="-86.78074000000001">
    <ele>274.99</ele>
   </trkpt>
   <trkpt lat="46.301820000000006" lon="-86.78091">
    <ele>275.47</ele>
   </trkpt>
   <trkpt lat="46.302580000000006" lon="-86.78153">
    <ele>274.79</ele>
   </trkpt>
   <trkpt lat="46.30288" lon="-86.78171">
    <ele>274.85</ele>
   </trkpt>
   <trkpt lat="46.303290000000004" lon="-86.78228">
    <ele>275.21</ele>
   </trkpt>
   <trkpt lat="46.30344" lon="-86.78246">
    <ele>275.22</ele>
   </trkpt>
   <trkpt lat="46.30374500118384" lon="-86.78294999749068">
    <ele>274.97</ele>
   </trkpt>
   <trkpt lat="46.304050000000004" lon="-86.78344000000001">
    <ele>274.61</ele>
   </trkpt>
   <trkpt lat="46.30442000520003" lon="-86.78420998965693">
    <ele>274.36000000000007</ele>
   </trkpt>
   <trkpt lat="46.30479000523147" lon="-86.78497998972222">
    <ele>274.65</ele>
   </trkpt>
   <trkpt lat="46.30516" lon="-86.78575000000001">
    <ele>275.24</ele>
   </trkpt>
   <trkpt lat="46.30604700000326" lon="-86.78575499927085">
    <ele>276.2</ele>
   </trkpt>
   <trkpt lat="46.30693400000631" lon="-86.78575999870367">
    <ele>276.2</ele>
   </trkpt>
   <trkpt lat="46.30782100000913" lon="-86.78576499829855">
    <ele>277.69000000000005</ele>
   </trkpt>
   <trkpt lat="46.30870800001174" lon="-86.78576999805546">
    <ele>279.85</ele>
   </trkpt>
   <trkpt lat="46.30959500001412" lon="-86.78577499797439">
    <ele>280.1</ele>
   </trkpt>
   <trkpt lat="46.3104820000163" lon="-86.78577999805539">
    <ele>280.04</ele>
   </trkpt>
   <trkpt lat="46.31136900001823" lon="-86.78578499829847">
    <ele>280.7</ele>
   </trkpt>
   <trkpt lat="46.31225600001998" lon="-86.78578999870359">
    <ele>281.33000000000004</ele>
   </trkpt>
   <trkpt lat="46.3131430000215" lon="-86.78579499927082">
    <ele>279.62</ele>
   </trkpt>
   <trkpt lat="46.31403" lon="-86.78580000000001">
    <ele>276.38</ele>
   </trkpt>
   <trkpt lat="46.314729999923905" lon="-86.78580999987099">
    <ele>274.8</ele>
   </trkpt>
   <trkpt lat="46.315430000000006" lon="-86.78582">
    <ele>274.24</ele>
   </trkpt>
   <trkpt lat="46.31586" lon="-86.78573">
    <ele>274.61</ele>
   </trkpt>
   <trkpt lat="46.316430000000004" lon="-86.78546">
    <ele>274.75000000000006</ele>
   </trkpt>
   <trkpt lat="46.31700000111336" lon="-86.7851033407611">
    <ele>274.57000000000005</ele>
   </trkpt>
   <trkpt lat="46.31757000111777" lon="-86.78474667409178">
    <ele>275.56</ele>
   </trkpt>
   <trkpt lat="46.31814000000001" lon="-86.78439">
    <ele>277.97</ele>
   </trkpt>
   <trkpt lat="46.31872666763865" lon="-86.78404667406153">
    <ele>280.32</ele>
   </trkpt>
   <trkpt lat="46.319313334249735" lon="-86.78370334076084">
    <ele>280.95000000000005</ele>
   </trkpt>
   <trkpt lat="46.319900000000004" lon="-86.78336">
    <ele>281.31</ele>
   </trkpt>
   <trkpt lat="46.32014" lon="-86.78327">
    <ele>282.04</ele>
   </trkpt>
   <trkpt lat="46.32047" lon="-86.78320000000001">
    <ele>282.29</ele>
   </trkpt>
   <trkpt lat="46.321235000138614" lon="-86.78318000027606">
    <ele>280.46999999999997</ele>
   </trkpt>
   <trkpt lat="46.322" lon="-86.78316000000001">
    <ele>281.13000000000005</ele>
   </trkpt>
   <trkpt lat="46.32273000004011" lon="-86.7831724995003">
    <ele>281.90000000000003</ele>
   </trkpt>
   <trkpt lat="46.323460000078846" lon="-86.78318499933414">
    <ele>281.37</ele>
   </trkpt>
   <trkpt lat="46.32419000011623" lon="-86.78319749950157">
    <ele>280.69000000000005</ele>
   </trkpt>
   <trkpt lat="46.324920000000006" lon="-86.78321000000001">
    <ele>282.1</ele>
   </trkpt>
   <trkpt lat="46.325799999999376" lon="-86.78321333290432">
    <ele>284.3</ele>
   </trkpt>
   <trkpt lat="46.32667999999866" lon="-86.78321666591592">
    <ele>285.45000000000005</ele>
   </trkpt>
   <trkpt lat="46.32755999999784" lon="-86.78321999903471">
    <ele>285.07000000000005</ele>
   </trkpt>
   <trkpt lat="46.32843999999693" lon="-86.78322333226077">
    <ele>285.18000000000006</ele>
   </trkpt>
   <trkpt lat="46.329319999995924" lon="-86.78322666559409">
    <ele>284.38</ele>
   </trkpt>
   <trkpt lat="46.33019999999482" lon="-86.78322999903466">
    <ele>281.85</ele>
   </trkpt>
   <trkpt lat="46.33107999999362" lon="-86.78323333258248">
    <ele>280.40000000000003</ele>
   </trkpt>
   <trkpt lat="46.3319599999923" lon="-86.78323666623757">
    <ele>280.12</ele>
   </trkpt>
   <trkpt lat="46.332840000000004" lon="-86.78324">
    <ele>282.5</ele>
   </trkpt>
   <trkpt lat="46.33363600112756" lon="-86.78349798496826">
    <ele>280.35</ele>
   </trkpt>
   <trkpt lat="46.3344320016749" lon="-86.78375597744662">
    <ele>280.33000000000004</ele>
   </trkpt>
   <trkpt lat="46.33522800164203" lon="-86.78401397743554">
    <ele>286.21000000000004</ele>
   </trkpt>
   <trkpt lat="46.33602400102888" lon="-86.7842719849354">
    <ele>285.53</ele>
   </trkpt>
   <trkpt lat="46.33682" lon="-86.78453">
    <ele>286.05</ele>
   </trkpt>
   <trkpt lat="46.33728999987035" lon="-86.78468499859046">
    <ele>284.81</ele>
   </trkpt>
   <trkpt lat="46.33776" lon="-86.78484">
    <ele>282.17</ele>
   </trkpt>
   <trkpt lat="46.33803" lon="-86.78503">
    <ele>281.19</ele>
   </trkpt>
   <trkpt lat="46.33865750507603" lon="-86.78565247857743">
    <ele>277.66</ele>
   </trkpt>
   <trkpt lat="46.33928500677429" lon="-86.78627497144228">
    <ele>280.7</ele>
   </trkpt>
   <trkpt lat="46.339912505094595" lon="-86.78689747859511">
    <ele>282.14</ele>
   </trkpt>
   <trkpt lat="46.340540000000004" lon="-86.78752">
    <ele>284.05</ele>
   </trkpt>
   <trkpt lat="46.34109" lon="-86.78841000000001">
    <ele>279.32</ele>
   </trkpt>
   <trkpt lat="46.341530000000006" lon="-86.78905">
    <ele>280.67</ele>
   </trkpt>
   <trkpt lat="46.34198500230872" lon="-86.78976499417612">
    <ele>282.25</ele>
   </trkpt>
   <trkpt lat="46.34244" lon="-86.79048">
    <ele>279.19000000000005</ele>
   </trkpt>
   <trkpt lat="46.34292333792396" lon="-86.79120332058822">
    <ele>277.07000000000005</ele>
   </trkpt>
   <trkpt lat="46.34340667128714" lon="-86.79192665396603">
    <ele>274.02000000000004</ele>
   </trkpt>
   <trkpt lat="46.34389" lon="-86.79265000000001">
    <ele>273.09</ele>
   </trkpt>
   <trkpt lat="46.344280000000005" lon="-86.79308">
    <ele>272.75000000000006</ele>
   </trkpt>
   <trkpt lat="46.344770000000004" lon="-86.79343">
    <ele>272.29</ele>
   </trkpt>
   <trkpt lat="46.34501" lon="-86.79353">
    <ele>272.6</ele>
   </trkpt>
   <trkpt lat="46.34555" lon="-86.79368000000001">
    <ele>274.43</ele>
   </trkpt>
   <trkpt lat="46.34599" lon="-86.79372000000001">
    <ele>275.48</ele>
   </trkpt>
   <trkpt lat="46.34635" lon="-86.79368000000001">
    <ele>275.62</ele>
   </trkpt>
   <trkpt lat="46.346610000000005" lon="-86.79357">
    <ele>276.15</ele>
   </trkpt>
   <trkpt lat="46.346990000000005" lon="-86.79334">
    <ele>277.86</ele>
   </trkpt>
   <trkpt lat="46.34779334000753" lon="-86.79278670732626">
    <ele>280.44</ele>
   </trkpt>
   <trkpt lat="46.34859667734641" lon="-86.79223339838929">
    <ele>281.84000000000003</ele>
   </trkpt>
   <trkpt lat="46.34940001201652" lon="-86.79168007318819">
    <ele>282.37</ele>
   </trkpt>
   <trkpt lat="46.350203344017665" lon="-86.7911267317221">
    <ele>279.86</ele>
   </trkpt>
   <trkpt lat="46.35100667334973" lon="-86.7905733739901">
    <ele>277.69000000000005</ele>
   </trkpt>
   <trkpt lat="46.35181" lon="-86.79002000000001">
    <ele>276.63000000000005</ele>
   </trkpt>
   <trkpt lat="46.352586004900544" lon="-86.7894900300995">
    <ele>278.07000000000005</ele>
   </trkpt>
   <trkpt lat="46.35336200735269" lon="-86.78896004514883">
    <ele>278.43</ele>
   </trkpt>
   <trkpt lat="46.35413800735635" lon="-86.78843004514721">
    <ele>276.89000000000004</ele>
   </trkpt>
   <trkpt lat="46.35491400491135" lon="-86.78790003009385">
    <ele>272.75000000000006</ele>
   </trkpt>
   <trkpt lat="46.35569" lon="-86.78737000000001">
    <ele>270.26</ele>
   </trkpt>
   <trkpt lat="46.35625" lon="-86.7869">
    <ele>271.25000000000006</ele>
   </trkpt>
   <trkpt lat="46.35692" lon="-86.78628">
    <ele>271.77</ele>
   </trkpt>
   <trkpt lat="46.35712" lon="-86.78605">
    <ele>271.95000000000005</ele>
   </trkpt>
   <trkpt lat="46.357400000000005" lon="-86.78551">
    <ele>272.40000000000003</ele>
   </trkpt>
   <trkpt lat="46.35767000239279" lon="-86.78477000363975">
    <ele>271.83</ele>
   </trkpt>
   <trkpt lat="46.357940000000006" lon="-86.78403">
    <ele>272.04</ele>
   </trkpt>
   <trkpt lat="46.35813" lon="-86.78363">
    <ele>271.85</ele>
   </trkpt>
   <trkpt lat="46.358290000000004" lon="-86.7834">
    <ele>271.96000000000004</ele>
   </trkpt>
   <trkpt lat="46.35848000000001" lon="-86.78319">
    <ele>271.95000000000005</ele>
   </trkpt>
   <trkpt lat="46.358670000000004" lon="-86.78302000000001">
    <ele>271.8</ele>
   </trkpt>
   <trkpt lat="46.35887" lon="-86.78289000000001">
    <ele>271.75000000000006</ele>
   </trkpt>
   <trkpt lat="46.359120000000004" lon="-86.78284000000001">
    <ele>271.79</ele>
   </trkpt>
   <trkpt lat="46.359320000000004" lon="-86.78275000000001">
    <ele>272.02000000000004</ele>
   </trkpt>
   <trkpt lat="46.359570000000005" lon="-86.78273">
    <ele>272.16</ele>
   </trkpt>
   <trkpt lat="46.359790000000004" lon="-86.78275000000001">
    <ele>272.77</ele>
   </trkpt>
   <trkpt lat="46.36051000022791" lon="-86.78298499689906">
    <ele>272.91</ele>
   </trkpt>
   <trkpt lat="46.361230000000006" lon="-86.78322">
    <ele>272.51000000000005</ele>
   </trkpt>
   <trkpt lat="46.36179500005622" lon="-86.78336499849141">
    <ele>272.90000000000003</ele>
   </trkpt>
   <trkpt lat="46.36236" lon="-86.78351">
    <ele>273.2</ele>
   </trkpt>
   <trkpt lat="46.362570000000005" lon="-86.78354">
    <ele>273.14000000000004</ele>
   </trkpt>
   <trkpt lat="46.36287" lon="-86.78347000000001">
    <ele>273.27</ele>
   </trkpt>
   <trkpt lat="46.36312" lon="-86.78338000000001">
    <ele>273.28000000000003</ele>
   </trkpt>
   <trkpt lat="46.363830001482754" lon="-86.78304501305409">
    <ele>274.71</ele>
   </trkpt>
   <trkpt lat="46.3645400019873" lon="-86.78271001740089">
    <ele>276.51000000000005</ele>
   </trkpt>
   <trkpt lat="46.36525000151363" lon="-86.78237501303998">
    <ele>276.40000000000003</ele>
   </trkpt>
   <trkpt lat="46.36596" lon="-86.78204000000001">
    <ele>275.21</ele>
   </trkpt>
   <trkpt lat="46.36614" lon="-86.78190000000001">
    <ele>275.2</ele>
   </trkpt>
   <trkpt lat="46.366330000000005" lon="-86.78171">
    <ele>275.40000000000003</ele>
   </trkpt>
   <trkpt lat="46.36696500236205" lon="-86.78097000863093">
    <ele>277.02000000000004</ele>
   </trkpt>
   <trkpt lat="46.3676" lon="-86.78023">
    <ele>276.64</ele>
   </trkpt>
   <trkpt lat="46.36788000000001" lon="-86.77964">
    <ele>276.57000000000005</ele>
   </trkpt>
   <trkpt lat="46.36824401507893" lon="-86.77871002478761">
    <ele>277.29</ele>
   </trkpt>
   <trkpt lat="46.36860802261907" lon="-86.77778003718021">
    <ele>277.74</ele>
   </trkpt>
   <trkpt lat="46.36897202262025" lon="-86.77685003717777">
    <ele>277.98</ele>
   </trkpt>
   <trkpt lat="46.36933601508228" lon="-86.77592002478015">
    <ele>278.11</ele>
   </trkpt>
   <trkpt lat="46.3697" lon="-86.77499">
    <ele>278.25</ele>
   </trkpt>
   <trkpt lat="46.36984" lon="-86.77477">
    <ele>278.72</ele>
   </trkpt>
   <trkpt lat="46.370140000000006" lon="-86.77454">
    <ele>279.90000000000003</ele>
   </trkpt>
   <trkpt lat="46.37048" lon="-86.77433">
    <ele>280.64</ele>
   </trkpt>
   <trkpt lat="46.371100000000006" lon="-86.77401">
    <ele>279.61</ele>
   </trkpt>
   <trkpt lat="46.371280000000006" lon="-86.77396">
    <ele>279.14</ele>
   </trkpt>
   <trkpt lat="46.371729999748545" lon="-86.7738750007538">
    <ele>276.04</ele>
   </trkpt>
   <trkpt lat="46.37218000000001" lon="-86.77379">
    <ele>272.98</ele>
   </trkpt>
   <trkpt lat="46.372794999875445" lon="-86.77378500005732">
    <ele>269.59</ele>
   </trkpt>
   <trkpt lat="46.37341000000001" lon="-86.77378">
    <ele>268.16</ele>
   </trkpt>
   <trkpt lat="46.37398000012293" lon="-86.77380499974436">
    <ele>265.32</ele>
   </trkpt>
   <trkpt lat="46.374550000000006" lon="-86.77383">
    <ele>264.71</ele>
   </trkpt>
   <trkpt lat="46.37505" lon="-86.77405">
    <ele>266.34000000000003</ele>
   </trkpt>
   <trkpt lat="46.375870000000006" lon="-86.77454">
    <ele>264.41</ele>
   </trkpt>
   <trkpt lat="46.37604" lon="-86.77456000000001">
    <ele>264.13000000000005</ele>
   </trkpt>
   <trkpt lat="46.376430000000006" lon="-86.77454">
    <ele>263.48</ele>
   </trkpt>
   <trkpt lat="46.37691" lon="-86.77447000000001">
    <ele>261.97</ele>
   </trkpt>
   <trkpt lat="46.37709" lon="-86.77438000000001">
    <ele>261.65</ele>
   </trkpt>
   <trkpt lat="46.377480000000006" lon="-86.77414">
    <ele>261.16</ele>
   </trkpt>
   <trkpt lat="46.377680000000005" lon="-86.77405">
    <ele>260.99</ele>
   </trkpt>
   <trkpt lat="46.3781500000914" lon="-86.77409499962056">
    <ele>260.3</ele>
   </trkpt>
   <trkpt lat="46.378620000000005" lon="-86.77414">
    <ele>260.07</ele>
   </trkpt>
   <trkpt lat="46.37876000000001" lon="-86.7741">
    <ele>260.35</ele>
   </trkpt>
   <trkpt lat="46.378870000000006" lon="-86.77406">
    <ele>260.35</ele>
   </trkpt>
   <trkpt lat="46.37872" lon="-86.77369">
    <ele>259.84000000000003</ele>
   </trkpt>
   <trkpt lat="46.378510002006" lon="-86.7730149974691">
    <ele>260.69000000000005</ele>
   </trkpt>
   <trkpt lat="46.3783" lon="-86.77234000000001">
    <ele>262.49</ele>
   </trkpt>
   <trkpt lat="46.37791000000001" lon="-86.77134000000001">
    <ele>264.8</ele>
   </trkpt>
   <trkpt lat="46.37740667598727" lon="-86.77030664764398">
    <ele>267.11</ele>
   </trkpt>
   <trkpt lat="46.376903342667006" lon="-86.76927331433782">
    <ele>267.53000000000003</ele>
   </trkpt>
   <trkpt lat="46.376400000000004" lon="-86.76824">
    <ele>269.06</ele>
   </trkpt>
   <trkpt lat="46.37613" lon="-86.76774">
    <ele>269.02000000000004</ele>
   </trkpt>
   <trkpt lat="46.37574" lon="-86.76729">
    <ele>268.75000000000006</ele>
   </trkpt>
   <trkpt lat="46.375490000000006" lon="-86.76704000000001">
    <ele>268.74</ele>
   </trkpt>
   <trkpt lat="46.37499500065228" lon="-86.76661499603182">
    <ele>267.37</ele>
   </trkpt>
   <trkpt lat="46.374500000000005" lon="-86.76619000000001">
    <ele>267.47</ele>
   </trkpt>
   <trkpt lat="46.37429" lon="-86.76599">
    <ele>268.02000000000004</ele>
   </trkpt>
   <trkpt lat="46.373900000000006" lon="-86.76552000000001">
    <ele>267.81000000000006</ele>
   </trkpt>
   <trkpt lat="46.37332000000001" lon="-86.76478">
    <ele>268.57000000000005</ele>
   </trkpt>
   <trkpt lat="46.373200000000004" lon="-86.76465">
    <ele>268.35</ele>
   </trkpt>
   <trkpt lat="46.37264000139768" lon="-86.7642466583807">
    <ele>268.93</ele>
   </trkpt>
   <trkpt lat="46.3720800013773" lon="-86.76384332503281">
    <ele>268.87</ele>
   </trkpt>
   <trkpt lat="46.371520000000004" lon="-86.76344">
    <ele>269.6</ele>
   </trkpt>
   <trkpt lat="46.37122" lon="-86.76317">
    <ele>269.92</ele>
   </trkpt>
   <trkpt lat="46.37068000000001" lon="-86.7625">
    <ele>270.66</ele>
   </trkpt>
   <trkpt lat="46.3703200011549" lon="-86.76202499709554">
    <ele>269.92</ele>
   </trkpt>
   <trkpt lat="46.369960000000006" lon="-86.76155000000001">
    <ele>269.66</ele>
   </trkpt>
   <trkpt lat="46.369550000000004" lon="-86.76117">
    <ele>269.37</ele>
   </trkpt>
   <trkpt lat="46.36914" lon="-86.76097">
    <ele>268.52000000000004</ele>
   </trkpt>
   <trkpt lat="46.368430000000004" lon="-86.7609">
    <ele>268.22</ele>
   </trkpt>
   <trkpt lat="46.367890000097795" lon="-86.76093500034001">
    <ele>268.57000000000005</ele>
   </trkpt>
   <trkpt lat="46.36735" lon="-86.76097">
    <ele>267.31000000000006</ele>
   </trkpt>
   <trkpt lat="46.3671" lon="-86.76089">
    <ele>267.36</ele>
   </trkpt>
   <trkpt lat="46.36688" lon="-86.76079">
    <ele>268.3</ele>
   </trkpt>
   <trkpt lat="46.36654" lon="-86.76053">
    <ele>270.11</ele>
   </trkpt>
   <trkpt lat="46.366130000000005" lon="-86.76013">
    <ele>269.56</ele>
   </trkpt>
   <trkpt lat="46.36553000000001" lon="-86.7595">
    <ele>269.63000000000005</ele>
   </trkpt>
   <trkpt lat="46.365230000000004" lon="-86.75907000000001">
    <ele>270.52000000000004</ele>
   </trkpt>
   <trkpt lat="46.36504" lon="-86.75869">
    <ele>269.87</ele>
   </trkpt>
   <trkpt lat="46.364920000000005" lon="-86.75833">
    <ele>269.72</ele>
   </trkpt>
   <trkpt lat="46.364540000000005" lon="-86.75744">
    <ele>269.79</ele>
   </trkpt>
   <trkpt lat="46.364160000000005" lon="-86.75641">
    <ele>272.56</ele>
   </trkpt>
   <trkpt lat="46.36401" lon="-86.75592">
    <ele>273.45000000000005</ele>
   </trkpt>
   <trkpt lat="46.36395" lon="-86.75504000000001">
    <ele>272.36</ele>
   </trkpt>
   <trkpt lat="46.36401" lon="-86.75420000000001">
    <ele>272.66</ele>
   </trkpt>
   <trkpt lat="46.36413" lon="-86.75306">
    <ele>273.24</ele>
   </trkpt>
   <trkpt lat="46.36417" lon="-86.75251">
    <ele>273.35</ele>
   </trkpt>
   <trkpt lat="46.36417" lon="-86.75211">
    <ele>273.24</ele>
   </trkpt>
   <trkpt lat="46.364090000000004" lon="-86.75127">
    <ele>273.45000000000005</ele>
   </trkpt>
   <trkpt lat="46.363890000000005" lon="-86.75011">
    <ele>274.31</ele>
   </trkpt>
   <trkpt lat="46.36379" lon="-86.74965">
    <ele>274.31</ele>
   </trkpt>
   <trkpt lat="46.36365000000001" lon="-86.74933">
    <ele>274.53</ele>
   </trkpt>
   <trkpt lat="46.3630100029994" lon="-86.74848498995247">
    <ele>278.69000000000005</ele>
   </trkpt>
   <trkpt lat="46.362370000000006" lon="-86.74764">
    <ele>282.40000000000003</ele>
   </trkpt>
   <trkpt lat="46.36192500347675" lon="-86.74673999256117">
    <ele>279.61</ele>
   </trkpt>
   <trkpt lat="46.36148" lon="-86.74584">
    <ele>278.46000000000004</ele>
   </trkpt>
   <trkpt lat="46.361045002310156" lon="-86.74510999416707">
    <ele>278.74</ele>
   </trkpt>
   <trkpt lat="46.36061" lon="-86.74438">
    <ele>278.04</ele>
   </trkpt>
   <trkpt lat="46.36002333928629" lon="-86.74355331557554">
    <ele>276.89000000000004</ele>
   </trkpt>
   <trkpt lat="46.35943667261557" lon="-86.74272664890348">
    <ele>276.43</ele>
   </trkpt>
   <trkpt lat="46.358850000000004" lon="-86.7419">
    <ele>276.48</ele>
   </trkpt>
   <trkpt lat="46.358760000000004" lon="-86.74170000000001">
    <ele>277.11</ele>
   </trkpt>
   <trkpt lat="46.358700000000006" lon="-86.7415">
    <ele>277.83000000000004</ele>
   </trkpt>
   <trkpt lat="46.358610000000006" lon="-86.74035">
    <ele>282.40000000000003</ele>
   </trkpt>
   <trkpt lat="46.35839000000001" lon="-86.73984">
    <ele>285.16</ele>
   </trkpt>
   <trkpt lat="46.35786751238162" lon="-86.7388674721314">
    <ele>286.92</ele>
   </trkpt>
   <trkpt lat="46.3573450165189" lon="-86.73789496286129">
    <ele>283.83000000000004</ele>
   </trkpt>
   <trkpt lat="46.356822512412165" lon="-86.73692247218925">
    <ele>281.21000000000004</ele>
   </trkpt>
   <trkpt lat="46.356300000000005" lon="-86.73595">
    <ele>280.66</ele>
   </trkpt>
   <trkpt lat="46.356170000000006" lon="-86.73554">
    <ele>280.41</ele>
   </trkpt>
   <trkpt lat="46.356170000000006" lon="-86.73521000000001">
    <ele>280.34000000000003</ele>
   </trkpt>
   <trkpt lat="46.35614" lon="-86.73496">
    <ele>280.32</ele>
   </trkpt>
   <trkpt lat="46.35615000000001" lon="-86.73487">
    <ele>280.32</ele>
   </trkpt>
   <trkpt lat="46.35622" lon="-86.73465">
    <ele>280.32</ele>
   </trkpt>
   <trkpt lat="46.35656" lon="-86.73411">
    <ele>280.19000000000005</ele>
   </trkpt>
   <trkpt lat="46.3569" lon="-86.73344">
    <ele>279.38</ele>
   </trkpt>
   <trkpt lat="46.35694" lon="-86.73331">
    <ele>279.05</ele>
   </trkpt>
   <trkpt lat="46.356950000000005" lon="-86.73306000000001">
    <ele>278.48</ele>
   </trkpt>
   <trkpt lat="46.35694" lon="-86.73299">
    <ele>278.48</ele>
   </trkpt>
   <trkpt lat="46.356860000000005" lon="-86.73277">
    <ele>277.2</ele>
   </trkpt>
   <trkpt lat="46.35663" lon="-86.73239000000001">
    <ele>276.05</ele>
   </trkpt>
   <trkpt lat="46.356860000000005" lon="-86.73178">
    <ele>278.09</ele>
   </trkpt>
   <trkpt lat="46.35696" lon="-86.73135">
    <ele>280.07000000000005</ele>
   </trkpt>
   <trkpt lat="46.35703" lon="-86.73094">
    <ele>280.27000000000004</ele>
   </trkpt>
   <trkpt lat="46.35714" lon="-86.72987">
    <ele>280.03</ele>
   </trkpt>
   <trkpt lat="46.357330000000005" lon="-86.72874">
    <ele>278.54</ele>
   </trkpt>
   <trkpt lat="46.35739" lon="-86.72847">
    <ele>276.86</ele>
   </trkpt>
   <trkpt lat="46.35763" lon="-86.72767">
    <ele>274.38</ele>
   </trkpt>
   <trkpt lat="46.35793" lon="-86.7265">
    <ele>274.99</ele>
   </trkpt>
   <trkpt lat="46.35812000198899" lon="-86.72583500209674">
    <ele>278.18</ele>
   </trkpt>
   <trkpt lat="46.35831" lon="-86.72517">
    <ele>280.43</ele>
   </trkpt>
   <trkpt lat="46.35851000192968" lon="-86.72451500220157">
    <ele>279.59</ele>
   </trkpt>
   <trkpt lat="46.35871" lon="-86.72386">
    <ele>277.40000000000003</ele>
   </trkpt>
   <trkpt lat="46.358900000000006" lon="-86.72339000000001">
    <ele>276.81</ele>
   </trkpt>
   <trkpt lat="46.35935503066175" lon="-86.72238755843618">
    <ele>277.12</ele>
   </trkpt>
   <trkpt lat="46.3598100525639" lon="-86.72138510017602">
    <ele>274.42</ele>
   </trkpt>
   <trkpt lat="46.36026506570617" lon="-86.72038262521926">
    <ele>272.66</ele>
   </trkpt>
   <trkpt lat="46.360720070088306" lon="-86.7193801335657">
    <ele>270.40000000000003</ele>
   </trkpt>
   <trkpt lat="46.361175065709986" lon="-86.71837762521513">
    <ele>268.68</ele>
   </trkpt>
   <trkpt lat="46.361630052570945" lon="-86.71737510016729">
    <ele>266.68</ele>
   </trkpt>
   <trkpt lat="46.36208503067089" lon="-86.716372558422">
    <ele>266.43</ele>
   </trkpt>
   <trkpt lat="46.36254" lon="-86.71537000000001">
    <ele>265.04</ele>
   </trkpt>
   <trkpt lat="46.36272" lon="-86.71513">
    <ele>265.13000000000005</ele>
   </trkpt>
   <trkpt lat="46.363040000000005" lon="-86.71483">
    <ele>265.04</ele>
   </trkpt>
   <trkpt lat="46.363240000000005" lon="-86.71469">
    <ele>265.12</ele>
   </trkpt>
   <trkpt lat="46.3635" lon="-86.71442">
    <ele>265.19000000000005</ele>
   </trkpt>
   <trkpt lat="46.363620000000004" lon="-86.71425">
    <ele>265.03000000000003</ele>
   </trkpt>
   <trkpt lat="46.363670000000006" lon="-86.71398">
    <ele>265.05</ele>
   </trkpt>
   <trkpt lat="46.36368" lon="-86.71366">
    <ele>265.19000000000005</ele>
   </trkpt>
   <trkpt lat="46.363580000000006" lon="-86.71337000000001">
    <ele>264.96000000000004</ele>
   </trkpt>
   <trkpt lat="46.36354" lon="-86.71327000000001">
    <ele>264.96000000000004</ele>
   </trkpt>
   <trkpt lat="46.363670000000006" lon="-86.71313">
    <ele>264.56</ele>
   </trkpt>
   <trkpt lat="46.36343" lon="-86.71253">
    <ele>264.66</ele>
   </trkpt>
   <trkpt lat="46.36309000000001" lon="-86.71273000000001">
    <ele>264.95</ele>
   </trkpt>
   <trkpt lat="46.36296" lon="-86.71289">
    <ele>265.38</ele>
   </trkpt>
   <trkpt lat="46.362730000000006" lon="-86.71352">
    <ele>267.81000000000006</ele>
   </trkpt>
   <trkpt lat="46.362640000000006" lon="-86.71363000000001">
    <ele>268.35</ele>
   </trkpt>
   <trkpt lat="46.36224000000001" lon="-86.71392">
    <ele>268.87</ele>
   </trkpt>
   <trkpt lat="46.362100000000005" lon="-86.71396">
    <ele>268.83</ele>
   </trkpt>
   <trkpt lat="46.36191" lon="-86.71396">
    <ele>268.16</ele>
   </trkpt>
   <trkpt lat="46.36173" lon="-86.71415">
    <ele>267.37</ele>
   </trkpt>
   <trkpt lat="46.36157" lon="-86.71455">
    <ele>267.91</ele>
   </trkpt>
   <trkpt lat="46.36146" lon="-86.71473">
    <ele>268.5</ele>
   </trkpt>
   <trkpt lat="46.36106" lon="-86.71491">
    <ele>270.26</ele>
   </trkpt>
   <trkpt lat="46.360820000000004" lon="-86.7149">
    <ele>271.85</ele>
   </trkpt>
   <trkpt lat="46.360600000000005" lon="-86.71499">
    <ele>272.91</ele>
   </trkpt>
   <trkpt lat="46.360130000000005" lon="-86.71508">
    <ele>275.66</ele>
   </trkpt>
   <trkpt lat="46.359950000000005" lon="-86.71504">
    <ele>276.32</ele>
   </trkpt>
   <trkpt lat="46.35953000000001" lon="-86.71508">
    <ele>277.11</ele>
   </trkpt>
   <trkpt lat="46.3592" lon="-86.71522">
    <ele>277.90000000000003</ele>
   </trkpt>
   <trkpt lat="46.358850000000004" lon="-86.71531">
    <ele>279.46000000000004</ele>
   </trkpt>
   <trkpt lat="46.358520000000006" lon="-86.71553">
    <ele>280.23</ele>
   </trkpt>
   <trkpt lat="46.358250000000005" lon="-86.71578000000001">
    <ele>280.98</ele>
   </trkpt>
   <trkpt lat="46.35793" lon="-86.71616">
    <ele>284.04</ele>
   </trkpt>
   <trkpt lat="46.35772" lon="-86.71652">
    <ele>286.46999999999997</ele>
   </trkpt>
   <trkpt lat="46.357510000000005" lon="-86.71705">
    <ele>289.58</ele>
   </trkpt>
   <trkpt lat="46.35728" lon="-86.71728">
    <ele>291.24</ele>
   </trkpt>
   <trkpt lat="46.35699" lon="-86.71746">
    <ele>293.98</ele>
   </trkpt>
   <trkpt lat="46.35678" lon="-86.71752000000001">
    <ele>296.93</ele>
   </trkpt>
   <trkpt lat="46.356500000000004" lon="-86.7175">
    <ele>300.12</ele>
   </trkpt>
   <trkpt lat="46.35614" lon="-86.71743000000001">
    <ele>303.89000000000004</ele>
   </trkpt>
   <trkpt lat="46.35568000000001" lon="-86.71751">
    <ele>308.43</ele>
   </trkpt>
   <trkpt lat="46.3556" lon="-86.7175">
    <ele>308.8</ele>
   </trkpt>
   <trkpt lat="46.35553" lon="-86.71746">
    <ele>308.79</ele>
   </trkpt>
   <trkpt lat="46.355250000000005" lon="-86.71687">
    <ele>308.37</ele>
   </trkpt>
   <trkpt lat="46.35521000000001" lon="-86.71674">
    <ele>308.33000000000004</ele>
   </trkpt>
   <trkpt lat="46.35511" lon="-86.71651000000001">
    <ele>307.96</ele>
   </trkpt>
   <trkpt lat="46.35504" lon="-86.71639">
    <ele>308.00000000000006</ele>
   </trkpt>
   <trkpt lat="46.354820000000004" lon="-86.71622">
    <ele>307.99</ele>
   </trkpt>
   <trkpt lat="46.35436000000001" lon="-86.71604">
    <ele>307.66</ele>
   </trkpt>
   <trkpt lat="46.35398000000001" lon="-86.71583000000001">
    <ele>307.74</ele>
   </trkpt>
   <trkpt lat="46.353290002074345" lon="-86.71651500861945">
    <ele>307.23</ele>
   </trkpt>
   <trkpt lat="46.3526" lon="-86.7172">
    <ele>306.84</ele>
   </trkpt>
   <trkpt lat="46.35230000000001" lon="-86.71759">
    <ele>308.00000000000006</ele>
   </trkpt>
   <trkpt lat="46.35183000532875" lon="-86.7183700133732">
    <ele>309.06</ele>
   </trkpt>
   <trkpt lat="46.35136000535404" lon="-86.71915001333106">
    <ele>314.09000000000003</ele>
   </trkpt>
   <trkpt lat="46.35089000000001" lon="-86.71993">
    <ele>314.69</ele>
   </trkpt>
   <trkpt lat="46.350660000000005" lon="-86.72024">
    <ele>314.68</ele>
   </trkpt>
   <trkpt lat="46.34989250000706" lon="-86.72026000084247">
    <ele>314.08000000000004</ele>
   </trkpt>
   <trkpt lat="46.34912500001063" lon="-86.72028000112323">
    <ele>313.25</ele>
   </trkpt>
   <trkpt lat="46.34835750001072" lon="-86.72030000084236">
    <ele>312.45</ele>
   </trkpt>
   <trkpt lat="46.347590000000004" lon="-86.72032">
    <ele>312.09000000000003</ele>
   </trkpt>
   <trkpt lat="46.347640002215364" lon="-86.72103499916265">
    <ele>312.1</ele>
   </trkpt>
   <trkpt lat="46.34769000000001" lon="-86.72175">
    <ele>312.31</ele>
   </trkpt>
   <trkpt lat="46.34769500385166" lon="-86.72269000000654">
    <ele>313.14000000000004</ele>
   </trkpt>
   <trkpt lat="46.3477" lon="-86.72363">
    <ele>313.67</ele>
   </trkpt>
   <trkpt lat="46.34776" lon="-86.72427">
    <ele>313.82000000000005</ele>
   </trkpt>
   <trkpt lat="46.34776" lon="-86.72462">
    <ele>314.13</ele>
   </trkpt>
  </trkseg>
 </trk>
</gpx>
